{
	"credit": "Made with Blockbench",
	"texture_size": [64, 64],
	"textures": {
		"0": "egypt_crate/pharaoh_crook_staff",
		"particle": "egypt_crate/pharaoh_crook_staff"
	},
	"elements": [
		{
			"from": [7.5, -12, 7.5],
			"to": [8.5, 17, 8.5],
			"faces": {
				"north": {"uv": [15.5, 1.5, 16, 16], "texture": "#0"},
				"east": {"uv": [15.5, 1.5, 16, 16], "texture": "#0"},
				"south": {"uv": [15.5, 1.5, 16, 16], "texture": "#0"},
				"west": {"uv": [15.5, 1.5, 16, 16], "texture": "#0"},
				"up": {"uv": [15.5, 1.5, 16, 2], "texture": "#0"},
				"down": {"uv": [15.5, 1.5, 16, 2], "texture": "#0"}
			}
		},
		{
			"from": [7.5, 12.80164, 19.48349],
			"to": [8.5, 14.80164, 20.48349],
			"rotation": {"angle": 45, "axis": "x", "origin": [8, 27.80164, 19.98349]},
			"faces": {
				"north": {"uv": [0, 3, 0.5, 4], "rotation": 270, "texture": "#0"},
				"east": {"uv": [0, 3, 0.5, 4], "rotation": 180, "texture": "#0"},
				"south": {"uv": [0, 3, 0.5, 4], "rotation": 90, "texture": "#0"},
				"west": {"uv": [0, 3, 0.5, 4], "texture": "#0"},
				"up": {"uv": [0, 3, 0.5, 4], "texture": "#0"},
				"down": {"uv": [0, 3, 0.5, 4], "texture": "#0"}
			}
		},
		{
			"from": [7.5, 17.30524, 15.92297],
			"to": [8.5, 19.30524, 16.92297],
			"rotation": {"angle": 22.5, "axis": "x", "origin": [8, 32.30524, 16.42297]},
			"faces": {
				"north": {"uv": [0, 3, 0.5, 4], "rotation": 270, "texture": "#0"},
				"east": {"uv": [0, 3, 0.5, 4], "rotation": 180, "texture": "#0"},
				"south": {"uv": [0, 3, 0.5, 4], "rotation": 90, "texture": "#0"},
				"west": {"uv": [0, 3, 0.5, 4], "texture": "#0"},
				"up": {"uv": [0, 3, 0.5, 4], "rotation": 180, "texture": "#0"},
				"down": {"uv": [0, 3, 0.5, 4], "rotation": 270, "texture": "#0"}
			}
		},
		{
			"from": [7.55, 21.77831, 6.54953],
			"to": [8.45, 22.77831, 8.54953],
			"rotation": {"angle": -22.5, "axis": "x", "origin": [8, 22.27831, 21.54953]},
			"faces": {
				"north": {"uv": [0, 3, 0.5, 4], "rotation": 270, "texture": "#0"},
				"east": {"uv": [0, 3, 0.5, 4], "rotation": 90, "texture": "#0"},
				"south": {"uv": [0, 3, 0.5, 4], "rotation": 90, "texture": "#0"},
				"west": {"uv": [0, 3, 0.5, 4], "rotation": 90, "texture": "#0"},
				"up": {"uv": [0, 3, 0.5, 4], "rotation": 90, "texture": "#0"},
				"down": {"uv": [0, 3, 0.5, 4], "rotation": 180, "texture": "#0"}
			}
		},
		{
			"from": [7.5, 20.10346, 10.91002],
			"to": [8.5, 22.10346, 11.91002],
			"rotation": {"angle": 0, "axis": "y", "origin": [8, 35.10346, 11.41002]},
			"faces": {
				"north": {"uv": [0, 3, 0.5, 4], "rotation": 90, "texture": "#0"},
				"east": {"uv": [0, 3, 0.5, 4], "texture": "#0"},
				"south": {"uv": [0, 3, 0.5, 4], "rotation": 270, "texture": "#0"},
				"west": {"uv": [0, 3, 0.5, 4], "rotation": 180, "texture": "#0"},
				"up": {"uv": [0, 3, 0.5, 4], "rotation": 180, "texture": "#0"},
				"down": {"uv": [0, 3, 0.5, 4], "rotation": 180, "texture": "#0"}
			}
		},
		{
			"from": [7.5, 20.77031, 5.20783],
			"to": [8.5, 22.77031, 6.20783],
			"rotation": {"angle": -22.5, "axis": "x", "origin": [8, 35.77031, 5.70783]},
			"faces": {
				"north": {"uv": [0, 3, 0.5, 4], "rotation": 90, "texture": "#0"},
				"east": {"uv": [0, 3, 0.5, 4], "texture": "#0"},
				"south": {"uv": [0, 3, 0.5, 4], "rotation": 270, "texture": "#0"},
				"west": {"uv": [0, 3, 0.5, 4], "rotation": 180, "texture": "#0"},
				"up": {"uv": [0, 3, 0.5, 4], "rotation": 180, "texture": "#0"},
				"down": {"uv": [0, 3, 0.5, 4], "rotation": 180, "texture": "#0"}
			}
		},
		{
			"from": [7.5, 19.20427, -0.3155],
			"to": [8.5, 21.20427, 0.6845],
			"rotation": {"angle": -45, "axis": "x", "origin": [8, 34.20427, 0.1845]},
			"faces": {
				"north": {"uv": [0, 3, 0.5, 4], "rotation": 90, "texture": "#0"},
				"east": {"uv": [0, 3, 0.5, 4], "texture": "#0"},
				"south": {"uv": [0, 3, 0.5, 4], "rotation": 270, "texture": "#0"},
				"west": {"uv": [0, 3, 0.5, 4], "rotation": 180, "texture": "#0"},
				"up": {"uv": [0, 3, 0.5, 4], "rotation": 180, "texture": "#0"},
				"down": {"uv": [0, 3, 0.5, 4], "rotation": 180, "texture": "#0"}
			}
		},
		{
			"from": [7.5, 30.14374, 8.68091],
			"to": [8.5, 31.14374, 10.68091],
			"rotation": {"angle": 22.5, "axis": "x", "origin": [8, 30.64374, -4.31909]},
			"faces": {
				"north": {"uv": [0, 3, 0.5, 4], "rotation": 180, "texture": "#0"},
				"east": {"uv": [0, 3, 0.5, 4], "rotation": 90, "texture": "#0"},
				"south": {"uv": [0, 3, 0.5, 4], "rotation": 180, "texture": "#0"},
				"west": {"uv": [0, 3, 0.5, 4], "rotation": 90, "texture": "#0"},
				"up": {"uv": [0, 3, 0.5, 4], "rotation": 270, "texture": "#0"},
				"down": {"uv": [0, 3, 0.5, 4], "rotation": 270, "texture": "#0"}
			}
		},
		{
			"from": [7.5, 25.1308, 5.88268],
			"to": [8.5, 26.1308, 7.88268],
			"rotation": {"angle": 0, "axis": "y", "origin": [8, 25.6308, -7.11732]},
			"faces": {
				"north": {"uv": [0, 3, 0.5, 4], "rotation": 180, "texture": "#0"},
				"east": {"uv": [0, 3, 0.5, 4], "rotation": 90, "texture": "#0"},
				"south": {"uv": [0, 3, 0.5, 4], "rotation": 180, "texture": "#0"},
				"west": {"uv": [0, 3, 0.5, 4], "rotation": 90, "texture": "#0"},
				"up": {"uv": [0, 3, 0.5, 4], "rotation": 270, "texture": "#0"},
				"down": {"uv": [0, 3, 0.5, 4], "rotation": 270, "texture": "#0"}
			}
		},
		{
			"from": [7.5, 19.42861, 5.21583],
			"to": [8.5, 20.42861, 7.21583],
			"rotation": {"angle": -22.5, "axis": "x", "origin": [8, 19.92861, -7.78417]},
			"faces": {
				"north": {"uv": [0, 3, 0.5, 4], "rotation": 90, "texture": "#0"},
				"east": {"uv": [0, 3, 0.5, 4], "rotation": 90, "texture": "#0"},
				"south": {"uv": [0, 3, 0.5, 4], "rotation": 90, "texture": "#0"},
				"west": {"uv": [0, 3, 0.5, 4], "rotation": 90, "texture": "#0"},
				"up": {"uv": [0, 3, 0.5, 4], "rotation": 270, "texture": "#0"},
				"down": {"uv": [0, 3, 0.5, 4], "rotation": 270, "texture": "#0"}
			}
		},
		{
			"from": [7.5, 22.90168, -3.1576],
			"to": [8.5, 24.90168, -2.1576],
			"rotation": {"angle": 22.5, "axis": "x", "origin": [8, 9.90168, -2.6576]},
			"faces": {
				"north": {"uv": [0, 3, 0.5, 4], "rotation": 90, "texture": "#0"},
				"east": {"uv": [0, 3, 0.5, 4], "rotation": 180, "texture": "#0"},
				"south": {"uv": [0, 3, 0.5, 3.5], "rotation": 270, "texture": "#0"},
				"west": {"uv": [0, 3, 0.5, 4], "texture": "#0"},
				"up": {"uv": [0, 3, 0.5, 4], "rotation": 90, "texture": "#0"},
				"down": {"uv": [0, 3, 0.5, 4], "rotation": 270, "texture": "#0"}
			}
		},
		{
			"from": [7.5, 13.90528, 6.78188],
			"to": [8.5, 14.90528, 8.78188],
			"rotation": {"angle": -45, "axis": "x", "origin": [8, 14.40528, -6.21812]},
			"faces": {
				"north": {"uv": [0, 3, 0.5, 4], "rotation": 90, "texture": "#0"},
				"east": {"uv": [0, 3, 0.5, 4], "rotation": 90, "texture": "#0"},
				"south": {"uv": [0, 3, 0.5, 4], "rotation": 90, "texture": "#0"},
				"west": {"uv": [0, 3, 0.5, 4], "rotation": 90, "texture": "#0"},
				"up": {"uv": [0, 3, 0.5, 4], "rotation": 270, "texture": "#0"},
				"down": {"uv": [0, 3, 0.5, 4], "rotation": 270, "texture": "#0"}
			}
		},
		{
			"from": [7.5, 19.10346, 1.85534],
			"to": [8.5, 22.10346, 2.85534],
			"rotation": {"angle": 0, "axis": "y", "origin": [8, 7.10346, 2.35534]},
			"faces": {
				"north": {"uv": [0, 3, 0.25, 4], "rotation": 90, "texture": "#0"},
				"east": {"uv": [0, 3, 0.5, 4], "rotation": 180, "texture": "#0"},
				"south": {"uv": [0.25, 3, 0.5, 4], "rotation": 180, "texture": "#0"},
				"west": {"uv": [0, 3, 0.5, 4], "texture": "#0"},
				"up": {"uv": [0, 3, 0.5, 4], "rotation": 90, "texture": "#0"},
				"down": {"uv": [0, 3, 0.5, 4], "rotation": 270, "texture": "#0"}
			}
		},
		{
			"from": [7.5, 18.43661, -3.84685],
			"to": [8.5, 20.43661, -2.84685],
			"rotation": {"angle": 22.5, "axis": "x", "origin": [8, 5.43661, -3.34685]},
			"faces": {
				"north": {"uv": [0, 3, 0.5, 4], "rotation": 270, "texture": "#0"},
				"east": {"uv": [0, 3, 0.5, 4], "rotation": 180, "texture": "#0"},
				"south": {"uv": [0, 3, 0.5, 4], "rotation": 90, "texture": "#0"},
				"west": {"uv": [0, 3, 0.5, 4], "texture": "#0"},
				"up": {"uv": [0, 3, 0.5, 4], "rotation": 90, "texture": "#0"},
				"down": {"uv": [0, 3, 0.5, 4], "rotation": 90, "texture": "#0"}
			}
		},
		{
			"from": [7.25, 13, 7.25],
			"to": [8.75, 16, 8.75],
			"rotation": {"angle": 0, "axis": "y", "origin": [8, -3.75, 8]},
			"faces": {
				"north": {"uv": [0.75, 4, 0, 5.5], "texture": "#0"},
				"east": {"uv": [0, 4, 0.75, 5.5], "texture": "#0"},
				"south": {"uv": [0.75, 4, 0, 5.5], "texture": "#0"},
				"west": {"uv": [0, 4, 0.75, 5.5], "texture": "#0"},
				"up": {"uv": [0.75, 4.25, 1.5, 5], "texture": "#0"},
				"down": {"uv": [1.5, 4.25, 2.25, 5], "texture": "#0"}
			}
		},
		{
			"from": [7.25, -14, 7.25],
			"to": [8.75, -11, 8.75],
			"rotation": {"angle": 0, "axis": "y", "origin": [8, -3.75, 8]},
			"faces": {
				"north": {"uv": [0.75, 4, 0, 5.5], "texture": "#0"},
				"east": {"uv": [0, 4, 0.75, 5.5], "texture": "#0"},
				"south": {"uv": [0.75, 4, 0, 5.5], "texture": "#0"},
				"west": {"uv": [0, 4, 0.75, 5.5], "texture": "#0"},
				"up": {"uv": [0.75, 4.25, 1.5, 5], "texture": "#0"},
				"down": {"uv": [1.5, 4.25, 2.25, 5], "texture": "#0"}
			}
		},
		{
			"from": [7.25, 15.86851, 8.59577],
			"to": [8.75, 17.36851, 9.59577],
			"rotation": {"angle": -22.5, "axis": "x", "origin": [7.75, 16.81851, 7.84577]},
			"faces": {
				"north": {"uv": [1.5, 2.5, 2.25, 3.25], "rotation": 90, "texture": "#0"},
				"east": {"uv": [0, 2.5, 0.75, 3], "rotation": 270, "texture": "#0"},
				"south": {"uv": [0.75, 2.5, 1.5, 3.25], "rotation": 90, "texture": "#0"},
				"west": {"uv": [0, 2.5, 0.75, 3], "rotation": 90, "texture": "#0"},
				"up": {"uv": [0, 2.5, 0.75, 3], "rotation": 180, "texture": "#0"},
				"down": {"uv": [0, 2.5, 0.75, 3], "texture": "#0"}
			}
		},
		{
			"from": [7.25, 16.56324, 10.16224],
			"to": [8.75, 18.06324, 11.16224],
			"rotation": {"angle": -45, "axis": "x", "origin": [7.75, 17.51324, 9.41224]},
			"faces": {
				"north": {"uv": [1.5, 2.5, 2.25, 3.25], "rotation": 90, "texture": "#0"},
				"east": {"uv": [0, 2.5, 0.75, 3], "rotation": 270, "texture": "#0"},
				"south": {"uv": [0.75, 2.5, 1.5, 3.25], "rotation": 90, "texture": "#0"},
				"west": {"uv": [0, 2.5, 0.75, 3], "rotation": 90, "texture": "#0"},
				"up": {"uv": [0, 2.5, 0.75, 3], "rotation": 180, "texture": "#0"},
				"down": {"uv": [0, 2.5, 0.75, 3], "texture": "#0"}
			}
		},
		{
			"from": [7.25, 21.29072, 10.60988],
			"to": [8.75, 22.29072, 12.10988],
			"rotation": {"angle": 22.5, "axis": "x", "origin": [7.75, 21.07105, 6.38691]},
			"faces": {
				"north": {"uv": [0, 2.5, 0.75, 3], "texture": "#0"},
				"east": {"uv": [0, 2.5, 0.75, 3], "texture": "#0"},
				"south": {"uv": [0, 2.5, 0.75, 3], "texture": "#0"},
				"west": {"uv": [0, 2.5, 0.75, 3], "texture": "#0"},
				"up": {"uv": [0.75, 2.5, 1.5, 3.25], "rotation": 90, "texture": "#0"},
				"down": {"uv": [1.5, 2.5, 2.25, 3.25], "rotation": 270, "texture": "#0"}
			}
		},
		{
			"from": [7.25, 21.10346, 10.66002],
			"to": [8.75, 22.10346, 12.16002],
			"rotation": {"angle": 0, "axis": "y", "origin": [7.75, 20.88379, 6.43705]},
			"faces": {
				"north": {"uv": [0, 2.5, 0.75, 3], "texture": "#0"},
				"east": {"uv": [0, 2.5, 0.75, 3], "texture": "#0"},
				"south": {"uv": [0, 2.5, 0.75, 3], "texture": "#0"},
				"west": {"uv": [0, 2.5, 0.75, 3], "texture": "#0"},
				"up": {"uv": [0.75, 2.5, 1.5, 3.25], "rotation": 90, "texture": "#0"},
				"down": {"uv": [1.5, 2.5, 2.25, 3.25], "rotation": 270, "texture": "#0"}
			}
		},
		{
			"from": [7.25, 20.94965, 10.77801],
			"to": [8.75, 21.94965, 12.27801],
			"rotation": {"angle": -22.5, "axis": "x", "origin": [7.75, 20.72998, 6.55504]},
			"faces": {
				"north": {"uv": [0, 2.5, 0.75, 3], "texture": "#0"},
				"east": {"uv": [0, 2.5, 0.75, 3], "texture": "#0"},
				"south": {"uv": [0, 2.5, 0.75, 3], "texture": "#0"},
				"west": {"uv": [0, 2.5, 0.75, 3], "texture": "#0"},
				"up": {"uv": [0.75, 2.5, 1.5, 3.25], "rotation": 90, "texture": "#0"},
				"down": {"uv": [1.5, 2.5, 2.25, 3.25], "rotation": 270, "texture": "#0"}
			}
		},
		{
			"from": [7.25, 20.85269, 10.94588],
			"to": [8.75, 21.85269, 12.44588],
			"rotation": {"angle": -45, "axis": "x", "origin": [7.75, 20.63302, 6.7229]},
			"faces": {
				"north": {"uv": [0, 2.5, 0.75, 3], "texture": "#0"},
				"east": {"uv": [0, 2.5, 0.75, 3], "texture": "#0"},
				"south": {"uv": [0, 2.5, 0.75, 3], "texture": "#0"},
				"west": {"uv": [0, 2.5, 0.75, 3], "texture": "#0"},
				"up": {"uv": [0.75, 2.5, 1.5, 3.25], "rotation": 90, "texture": "#0"},
				"down": {"uv": [1.5, 2.5, 2.25, 3.25], "rotation": 270, "texture": "#0"}
			}
		},
		{
			"from": [7.25, 24.83066, 5.69543],
			"to": [8.75, 26.33066, 6.69543],
			"rotation": {"angle": 22.5, "axis": "x", "origin": [7.75, 20.60769, 6.9151]},
			"faces": {
				"north": {"uv": [0.75, 2.5, 1.5, 3.25], "rotation": 270, "texture": "#0"},
				"east": {"uv": [0, 2.5, 0.75, 3], "rotation": 90, "texture": "#0"},
				"south": {"uv": [1.5, 2.5, 2.25, 3.25], "rotation": 270, "texture": "#0"},
				"west": {"uv": [0, 2.5, 0.75, 3], "rotation": 270, "texture": "#0"},
				"up": {"uv": [0, 2.5, 0.75, 3], "texture": "#0"},
				"down": {"uv": [0, 2.5, 0.75, 3], "rotation": 180, "texture": "#0"}
			}
		},
		{
			"from": [7.25, 24.8808, 5.88268],
			"to": [8.75, 26.3808, 6.88268],
			"rotation": {"angle": 0, "axis": "y", "origin": [7.75, 20.65783, 7.10235]},
			"faces": {
				"north": {"uv": [0.75, 2.5, 1.5, 3.25], "rotation": 270, "texture": "#0"},
				"east": {"uv": [0, 2.5, 0.75, 3], "rotation": 90, "texture": "#0"},
				"south": {"uv": [1.5, 2.5, 2.25, 3.25], "rotation": 270, "texture": "#0"},
				"west": {"uv": [0, 2.5, 0.75, 3], "rotation": 270, "texture": "#0"},
				"up": {"uv": [0, 2.5, 0.75, 3], "texture": "#0"},
				"down": {"uv": [0, 2.5, 0.75, 3], "rotation": 180, "texture": "#0"}
			}
		},
		{
			"from": [7.25, 24.99879, 6.0365],
			"to": [8.75, 26.49879, 7.0365],
			"rotation": {"angle": -22.5, "axis": "x", "origin": [7.75, 20.77581, 7.25617]},
			"faces": {
				"north": {"uv": [0.75, 2.5, 1.5, 3.25], "rotation": 270, "texture": "#0"},
				"east": {"uv": [0, 2.5, 0.75, 3], "rotation": 90, "texture": "#0"},
				"south": {"uv": [1.5, 2.5, 2.25, 3.25], "rotation": 270, "texture": "#0"},
				"west": {"uv": [0, 2.5, 0.75, 3], "rotation": 270, "texture": "#0"},
				"up": {"uv": [0, 2.5, 0.75, 3], "texture": "#0"},
				"down": {"uv": [0, 2.5, 0.75, 3], "rotation": 180, "texture": "#0"}
			}
		},
		{
			"from": [7.25, 20.09654, 1.59466],
			"to": [8.75, 21.09654, 3.09466],
			"rotation": {"angle": 0, "axis": "y", "origin": [7.75, 20.6, 2.35]},
			"faces": {
				"north": {"uv": [0, 2.5, 0.75, 3], "texture": "#0"},
				"east": {"uv": [0, 2.5, 0.75, 3], "texture": "#0"},
				"south": {"uv": [0, 2.5, 0.75, 3], "texture": "#0"},
				"west": {"uv": [0, 2.5, 0.75, 3], "texture": "#0"},
				"up": {"uv": [0.75, 2.5, 1.5, 3.25], "rotation": 90, "texture": "#0"},
				"down": {"uv": [1.5, 2.5, 2.25, 3.25], "rotation": 270, "texture": "#0"}
			}
		},
		{
			"from": [7.25, 21.68041, 1.72148],
			"to": [8.75, 22.68041, 3.22148],
			"rotation": {"angle": 22.5, "axis": "x", "origin": [8.25, 22.18387, 2.97683]},
			"faces": {
				"north": {"uv": [0, 2.5, 0.75, 3], "texture": "#0"},
				"east": {"uv": [0, 2.5, 0.75, 3], "texture": "#0"},
				"south": {"uv": [0, 2.5, 0.75, 3], "texture": "#0"},
				"west": {"uv": [0, 2.5, 0.75, 3], "texture": "#0"},
				"up": {"uv": [0.75, 2.5, 1.5, 3.25], "rotation": 90, "texture": "#0"},
				"down": {"uv": [1.5, 2.5, 2.25, 3.25], "rotation": 270, "texture": "#0"}
			}
		},
		{
			"from": [7.25, 22.9161, 2.35903],
			"to": [8.75, 23.9161, 3.85903],
			"rotation": {"angle": 45, "axis": "x", "origin": [8.5, 23.41956, 3.86437]},
			"faces": {
				"north": {"uv": [0, 2.5, 0.75, 3], "texture": "#0"},
				"east": {"uv": [0, 2.5, 0.75, 3], "texture": "#0"},
				"south": {"uv": [0, 2.5, 0.75, 3], "texture": "#0"},
				"west": {"uv": [0, 2.5, 0.75, 3], "texture": "#0"},
				"up": {"uv": [0.75, 2.5, 1.5, 3.25], "rotation": 90, "texture": "#0"},
				"down": {"uv": [1.5, 2.5, 2.25, 3.25], "rotation": 270, "texture": "#0"}
			}
		},
		{
			"from": [7.25, 18.23488, 1.43395],
			"to": [8.75, 19.23488, 2.93395],
			"rotation": {"angle": 22.5, "axis": "x", "origin": [8, 18.73834, 2.43929]},
			"faces": {
				"north": {"uv": [0, 2.5, 0.75, 3], "texture": "#0"},
				"east": {"uv": [0, 2.5, 0.75, 3], "texture": "#0"},
				"south": {"uv": [0, 2.5, 0.75, 3], "texture": "#0"},
				"west": {"uv": [0, 2.5, 0.75, 3], "texture": "#0"},
				"up": {"uv": [0.75, 2.5, 1.5, 3.25], "rotation": 90, "texture": "#0"},
				"down": {"uv": [1.5, 2.5, 2.25, 3.25], "rotation": 270, "texture": "#0"}
			}
		}
	],
	"display": {
		"thirdperson_righthand": {
			"translation": [0, 1.75, 1.25],
			"scale": [0.75, 0.75, 0.75]
		},
		"thirdperson_lefthand": {
			"translation": [0, 1.75, 1.25],
			"scale": [0.75, 0.75, 0.75]
		},
		"firstperson_righthand": {
			"rotation": [-11.25, 0, -2.5],
			"translation": [0, 1.5, 1.25],
			"scale": [0.6, 0.6, 0.6]
		},
		"firstperson_lefthand": {
			"rotation": [-11.25, 0, -2.5],
			"translation": [0, 1.5, 1.25],
			"scale": [0.6, 0.6, 0.6]
		},
		"ground": {
			"rotation": [0, 0, 42.5],
			"translation": [0, 1.75, 0],
			"scale": [0.3, 0.3, 0.3]
		},
		"gui": {
			"rotation": [146, 23, -130.25],
			"translation": [0.5, 0.25, 0],
			"scale": [0.5, 0.5, 0.5]
		},
		"head": {
			"rotation": [90, -118.25, 77.5],
			"translation": [2.5, -8.75, 7],
			"scale": [1.5, 1.5, 1.5]
		},
		"fixed": {
			"rotation": [0, 90, 0],
			"translation": [0, 1, -1.5],
			"scale": [0.45, 0.45, 0.45]
		}
	},
	"groups": [
		{
			"name": "group",
			"origin": [8, 4, 5.5],
			"children": [0,
				{
					"name": "group",
					"origin": [8, 0.43661, -3.34685],
					"children": [1, 2, 3, 4, 5, 6, 7, 8, 9, 10, 11, 12, 13]
				}, 14, 15,
				{
					"name": "group",
					"origin": [8, 25.21205, 9.63732],
					"children": [16, 17, 18, 19, 20, 21, 22, 23, 24, 25, 26, 27, 28]
				}
			]
		}
	]
}