{
	"credit": "Made with Blockbench",
	"texture_size": [64, 64],
	"textures": {
		"0": "egypt_crate/pharaoh_sword_2",
		"particle": "egypt_crate/pharaoh_sword_2"
	},
	"elements": [
		{
			"from": [7.5, -8, 7.5],
			"to": [8.5, -4, 8.5],
			"rotation": {"angle": 0, "axis": "y", "origin": [8, 9, 8]},
			"faces": {
				"north": {"uv": [0, 2, 0.5, 4], "texture": "#0"},
				"east": {"uv": [0, 2, 0.5, 4], "texture": "#0"},
				"south": {"uv": [0, 2, 0.5, 4], "texture": "#0"},
				"west": {"uv": [0, 2, 0.5, 4], "texture": "#0"},
				"up": {"uv": [0, 2, 0.5, 4], "texture": "#0"},
				"down": {"uv": [0, 2, 0.5, 4], "texture": "#0"}
			}
		},
		{
			"from": [7.7, -2.5, 6.5],
			"to": [8.3, 23, 9.5],
			"rotation": {"angle": 0, "axis": "y", "origin": [8, 15, 8]},
			"faces": {
				"north": {"uv": [3.75, 3.25, 4, 16], "texture": "#0"},
				"east": {"uv": [5.25, 3.25, 3.75, 16], "texture": "#0"},
				"south": {"uv": [5, 3.25, 5.25, 16], "texture": "#0"},
				"west": {"uv": [3.75, 3.25, 5.25, 16], "texture": "#0"},
				"up": {"uv": [3.75, 3.25, 5, 3.5], "texture": "#0"},
				"down": {"uv": [3.75, 3.25, 5, 3.5], "texture": "#0"}
			}
		},
		{
			"from": [7.95, -5.5, 4],
			"to": [8.05, 2.5, 12],
			"rotation": {"angle": 0, "axis": "y", "origin": [8.05, 12, 8]},
			"faces": {
				"north": {"uv": [15.75, 0, 16, 0.25], "texture": "#0"},
				"east": {"uv": [16, 12, 12, 16], "texture": "#0"},
				"south": {"uv": [15.75, 0, 16, 0.25], "texture": "#0"},
				"west": {"uv": [12, 12, 16, 16], "texture": "#0"},
				"up": {"uv": [15.75, 0, 16, 0.25], "texture": "#0"},
				"down": {"uv": [15.75, 0, 16, 0.25], "texture": "#0"}
			}
		},
		{
			"from": [7.95, -15.5, 4],
			"to": [8.05, -7.5, 12],
			"rotation": {"angle": 0, "axis": "y", "origin": [8.05, 2, 8]},
			"faces": {
				"north": {"uv": [15.75, 0, 16, 0.25], "texture": "#0"},
				"east": {"uv": [11.75, 12, 7.75, 16], "texture": "#0"},
				"south": {"uv": [15.75, 0, 16, 0.25], "texture": "#0"},
				"west": {"uv": [7.75, 12, 11.75, 16], "texture": "#0"},
				"up": {"uv": [15.75, 0, 16, 0.25], "texture": "#0"},
				"down": {"uv": [15.75, 0, 16, 0.25], "texture": "#0"}
			}
		},
		{
			"from": [7.25, -4, 7.25],
			"to": [8.75, -3, 8.75],
			"rotation": {"angle": 0, "axis": "y", "origin": [8, 0, 8]},
			"faces": {
				"north": {"uv": [0, 5, 0.75, 5.5], "texture": "#0"},
				"east": {"uv": [0, 5, 0.75, 5.5], "texture": "#0"},
				"south": {"uv": [0, 5, 0.75, 5.5], "texture": "#0"},
				"west": {"uv": [0, 5, 0.75, 5.5], "texture": "#0"},
				"up": {"uv": [0, 5, 0.75, 5.5], "texture": "#0"},
				"down": {"uv": [0.75, 5, 1.5, 5.75], "texture": "#0"}
			}
		},
		{
			"from": [7.25, -9, 7.25],
			"to": [8.75, -8, 8.75],
			"rotation": {"angle": 0, "axis": "y", "origin": [8, -12, 8]},
			"faces": {
				"north": {"uv": [0, 5.5, 0.75, 5], "texture": "#0"},
				"east": {"uv": [0, 5.5, 0.75, 5], "texture": "#0"},
				"south": {"uv": [0, 5.5, 0.75, 5], "texture": "#0"},
				"west": {"uv": [0, 5.5, 0.75, 5], "texture": "#0"},
				"up": {"uv": [0.75, 5.75, 1.5, 5], "texture": "#0"},
				"down": {"uv": [0, 5.5, 0.75, 5], "texture": "#0"}
			}
		},
		{
			"from": [7.5, -12.25, 6.5],
			"to": [8.5, -10.25, 8.5],
			"rotation": {"angle": 45, "axis": "x", "origin": [8, -11.75, 8]},
			"faces": {
				"north": {"uv": [0, 1.5, 1, 2], "rotation": 270, "texture": "#0"},
				"east": {"uv": [1.25, 1.75, 2.25, 2.75], "rotation": 180, "texture": "#0"},
				"south": {"uv": [0, 1, 1, 1.5], "rotation": 270, "texture": "#0"},
				"west": {"uv": [2.25, 1.75, 3.25, 2.75], "rotation": 90, "texture": "#0"},
				"up": {"uv": [0, 1.5, 1, 2], "rotation": 270, "texture": "#0"},
				"down": {"uv": [0, 1, 1, 1.5], "rotation": 90, "texture": "#0"}
			}
		},
		{
			"from": [7, -3.75, 6.5],
			"to": [9, -1.75, 8.5],
			"rotation": {"angle": 45, "axis": "x", "origin": [8, -3.25, 8]},
			"faces": {
				"north": {"uv": [0, 1.5, 1, 2], "rotation": 270, "texture": "#0"},
				"east": {"uv": [1.25, 1.75, 2.25, 2.75], "rotation": 180, "texture": "#0"},
				"south": {"uv": [0, 1, 1, 1.5], "rotation": 270, "texture": "#0"},
				"west": {"uv": [1.25, 1.75, 2.25, 2.75], "rotation": 90, "texture": "#0"},
				"up": {"uv": [0, 1.5, 1, 2], "rotation": 270, "texture": "#0"},
				"down": {"uv": [0, 1, 1, 1.5], "rotation": 90, "texture": "#0"}
			}
		},
		{
			"from": [7.75, 24.56263, 7.95584],
			"to": [8.25, 25.54763, 8.94084],
			"rotation": {"angle": 45, "axis": "x", "origin": [7.95, 25.5076, 8.00908]},
			"faces": {
				"north": {"uv": [4.75, 3.25, 5, 3.5], "rotation": 180, "texture": "#0"},
				"east": {"uv": [4.75, 3.25, 5, 3.5], "rotation": 180, "texture": "#0"},
				"south": {"uv": [4.75, 3.25, 5, 3.5], "rotation": 180, "texture": "#0"},
				"west": {"uv": [4.75, 3.25, 5, 3.5], "rotation": 180, "texture": "#0"},
				"up": {"uv": [4.75, 3.25, 5, 3.5], "rotation": 180, "texture": "#0"},
				"down": {"uv": [4.75, 3.25, 5, 3.5], "rotation": 180, "texture": "#0"}
			}
		},
		{
			"from": [7.74, 22.72619, 6.93114],
			"to": [8.26, 24.92619, 8.33114],
			"rotation": {"angle": 22.5, "axis": "x", "origin": [7.95, 23.92116, 7.12612]},
			"faces": {
				"north": {"uv": [4.75, 3.25, 5, 3.5], "rotation": 180, "texture": "#0"},
				"east": {"uv": [4.75, 3.25, 5, 3.5], "rotation": 180, "texture": "#0"},
				"south": {"uv": [4.75, 3.25, 5, 3.5], "rotation": 180, "texture": "#0"},
				"west": {"uv": [4.75, 3.25, 5, 3.5], "rotation": 180, "texture": "#0"},
				"up": {"uv": [4.75, 3.25, 5, 3.5], "rotation": 180, "texture": "#0"},
				"down": {"uv": [4.75, 3.25, 5, 3.5], "rotation": 180, "texture": "#0"}
			}
		},
		{
			"from": [7.71, 22.72619, 7.66886],
			"to": [8.29, 24.92619, 9.06886],
			"rotation": {"angle": -22.5, "axis": "x", "origin": [8, 23.92116, 8.87388]},
			"faces": {
				"north": {"uv": [4.75, 3.25, 5, 3.5], "rotation": 180, "texture": "#0"},
				"east": {"uv": [4.75, 3.25, 5, 3.5], "rotation": 180, "texture": "#0"},
				"south": {"uv": [4.75, 3.25, 5, 3.5], "rotation": 180, "texture": "#0"},
				"west": {"uv": [4.75, 3.25, 5, 3.5], "rotation": 180, "texture": "#0"},
				"up": {"uv": [4.75, 3.25, 5, 3.5], "rotation": 180, "texture": "#0"},
				"down": {"uv": [4.75, 3.25, 5, 3.5], "rotation": 180, "texture": "#0"}
			}
		},
		{
			"from": [7, -10.5, 7],
			"to": [9, -9, 9],
			"faces": {
				"north": {"uv": [1.75, 15, 0.75, 14.25], "texture": "#0"},
				"east": {"uv": [0.75, 15, 1.75, 14.25], "texture": "#0"},
				"south": {"uv": [1.75, 15, 0.75, 14.25], "texture": "#0"},
				"west": {"uv": [0.75, 15, 1.75, 14.25], "texture": "#0"},
				"up": {"uv": [1.75, 15.5, 2.75, 14.5], "texture": "#0"},
				"down": {"uv": [2.75, 15.5, 3.75, 14.5], "texture": "#0"}
			}
		}
	],
	"display": {
		"thirdperson_righthand": {
			"translation": [0, 9, 1.25],
			"scale": [0.75, 0.75, 0.75]
		},
		"thirdperson_lefthand": {
			"translation": [0, 9, 1.25],
			"scale": [0.75, 0.75, 0.75]
		},
		"firstperson_righthand": {
			"rotation": [-8.5, 5.5, -2.5],
			"translation": [0, 6.5, 0.5],
			"scale": [0.5, 0.5, 0.5]
		},
		"firstperson_lefthand": {
			"rotation": [-8.5, 5.5, -2.5],
			"translation": [0, 6.5, 0.5],
			"scale": [0.5, 0.5, 0.5]
		},
		"ground": {
			"rotation": [0, 0, 42.5],
			"translation": [0, 4, 0],
			"scale": [0.5, 0.5, 0.5]
		},
		"gui": {
			"rotation": [-114.75, -43.25, -103.5],
			"translation": [1, 1, 0],
			"scale": [0.5, 0.5, 0.5]
		},
		"head": {
			"rotation": [90, 48.5, 103.5],
			"translation": [-1, -14.25, 5.75],
			"scale": [1.5, 1.5, 1.5]
		},
		"fixed": {
			"rotation": [0, 90, 0],
			"translation": [0, 1, -1.5],
			"scale": [0.45, 0.45, 0.45]
		}
	},
	"groups": [
		{
			"name": "group",
			"origin": [8, 4, 5.5],
			"children": [0, 1, 2, 3, 4, 5, 6, 7, 8, 9, 10, 11]
		}
	]
}