{
	"credit": "Made with Blockbench",
	"texture_size": [64, 64],
	"textures": {
		"0": "chest/chest_frame",
		"1": "chest/chest_details",
		"2": "chest/cheast_tresure",
		"3": "chest/chest_wood",
		"4": "chest/chest_frame_2",
		"particle": "chest/chest_frame"
	},
	"elements": [
		{
			"from": [-6, 1.25, 0],
			"to": [8, 11.75, 16],
			"rotation": {"angle": 0, "axis": "y", "origin": [2, 9, 8]},
			"faces": {
				"north": {"uv": [4, 13.5, 7.5, 16], "texture": "#3"},
				"east": {"uv": [0, 13.5, 4, 16], "texture": "#3"},
				"south": {"uv": [11.5, 13.5, 15, 16], "texture": "#3"},
				"west": {"uv": [7.5, 13.5, 11.5, 16], "texture": "#3"},
				"up": {"uv": [7.5, 13.5, 4, 9.5], "texture": "#3"},
				"down": {"uv": [11, 9.5, 7.5, 13.5], "texture": "#3"}
			}
		},
		{
			"from": [8, 1.25, 0],
			"to": [22, 11.75, 16],
			"shade": false,
			"rotation": {"angle": 0, "axis": "y", "origin": [14, 9, 8]},
			"faces": {
				"north": {"uv": [7.5, 11, 4, 13.5], "texture": "#3"},
				"east": {"uv": [11.5, 11, 7.5, 13.5], "texture": "#3"},
				"south": {"uv": [15, 11, 11.5, 13.5], "texture": "#3"},
				"west": {"uv": [4, 11, 0, 13.5], "texture": "#3"},
				"up": {"uv": [4, 11, 7.5, 7], "texture": "#3"},
				"down": {"uv": [7.5, 7, 11, 11], "texture": "#3"}
			}
		},
		{
			"from": [-7, 3, -1],
			"to": [-4, 12, 2],
			"rotation": {"angle": 0, "axis": "y", "origin": [2, 8, 8]},
			"faces": {
				"north": {"uv": [0.75, 3, 1.5, 5.25], "texture": "#0"},
				"east": {"uv": [0, 3, 0.75, 5.25], "texture": "#0"},
				"south": {"uv": [2.25, 3, 3, 5.25], "texture": "#0"},
				"west": {"uv": [1.5, 3, 2.25, 5.25], "texture": "#0"},
				"up": {"uv": [1.5, 3, 0.75, 2.25], "texture": "#0"},
				"down": {"uv": [2.25, 2.25, 1.5, 3], "texture": "#0"}
			}
		},
		{
			"from": [-7, 3, 14],
			"to": [-4, 12, 17],
			"rotation": {"angle": 0, "axis": "y", "origin": [2, 8, 24]},
			"faces": {
				"north": {"uv": [0.75, 3, 1.5, 5.25], "texture": "#0"},
				"east": {"uv": [0, 3, 0.75, 5.25], "texture": "#0"},
				"south": {"uv": [2.25, 3, 3, 5.25], "texture": "#0"},
				"west": {"uv": [1.5, 3, 2.25, 5.25], "texture": "#0"},
				"up": {"uv": [1.5, 3, 0.75, 2.25], "texture": "#0"},
				"down": {"uv": [2.25, 2.25, 1.5, 3], "texture": "#0"}
			}
		},
		{
			"from": [6.5, 1.75, 14],
			"to": [9.5, 12, 17],
			"rotation": {"angle": 0, "axis": "y", "origin": [15.5, 8, 24]},
			"faces": {
				"north": {"uv": [0.75, 3, 1.5, 5.5], "texture": "#0"},
				"east": {"uv": [0, 3, 0.75, 5.5], "texture": "#0"},
				"south": {"uv": [2.25, 3, 3, 5.5], "texture": "#0"},
				"west": {"uv": [1.5, 3, 2.25, 5.5], "texture": "#0"},
				"up": {"uv": [1.5, 3, 0.75, 2.25], "texture": "#0"},
				"down": {"uv": [2.25, 2.25, 1.5, 3], "texture": "#0"}
			}
		},
		{
			"from": [6.5, 1.75, -0.5],
			"to": [9.5, 12, 2.5],
			"rotation": {"angle": 0, "axis": "y", "origin": [15.5, 8, 9.5]},
			"faces": {
				"north": {"uv": [0.75, 3, 1.5, 5.5], "texture": "#0"},
				"east": {"uv": [0, 3, 0.75, 5.5], "texture": "#0"},
				"south": {"uv": [2.25, 3, 3, 5.5], "texture": "#0"},
				"west": {"uv": [1.5, 3, 2.25, 5.5], "texture": "#0"},
				"up": {"uv": [1.5, 3, 0.75, 2.25], "texture": "#0"},
				"down": {"uv": [2.25, 2.25, 1.5, 3], "texture": "#0"}
			}
		},
		{
			"from": [20, 3, -1],
			"to": [23, 12, 2],
			"rotation": {"angle": 0, "axis": "y", "origin": [30, 8, 8]},
			"faces": {
				"north": {"uv": [0.75, 3, 1.5, 5.25], "texture": "#0"},
				"east": {"uv": [0, 3, 0.75, 5.25], "texture": "#0"},
				"south": {"uv": [2.25, 3, 3, 5.25], "texture": "#0"},
				"west": {"uv": [1.5, 3, 2.25, 5.25], "texture": "#0"},
				"up": {"uv": [1.5, 3, 0.75, 2.25], "texture": "#0"},
				"down": {"uv": [2.25, 2.25, 1.5, 3], "texture": "#0"}
			}
		},
		{
			"from": [15, 4, 6.4],
			"to": [18, 13, 6.6],
			"rotation": {"angle": -45, "axis": "z", "origin": [25, 9, 14]},
			"faces": {
				"north": {"uv": [0.5, 4.75, 1.25, 7], "texture": "#2"},
				"east": {"uv": [0.5, 4.75, 0.5, 7], "texture": "#2"},
				"south": {"uv": [1.25, 4.75, 2, 7], "texture": "#2"},
				"west": {"uv": [1.25, 4.75, 1.25, 7], "texture": "#2"},
				"up": {"uv": [1.25, 4.75, 0.5, 4.75], "texture": "#2"},
				"down": {"uv": [2, 4.75, 1.25, 4.75], "texture": "#2"}
			}
		},
		{
			"from": [13, 13, 5.95],
			"to": [20, 14.5, 7.05],
			"rotation": {"angle": -45, "axis": "z", "origin": [25, 9, 14]},
			"faces": {
				"north": {"uv": [0.75, 7.25, 2.5, 7.5], "texture": "#2"},
				"east": {"uv": [0.5, 7.25, 0.75, 7.5], "texture": "#2"},
				"south": {"uv": [2.75, 7.25, 4.5, 7.5], "texture": "#2"},
				"west": {"uv": [2.5, 7.25, 2.75, 7.5], "texture": "#2"},
				"up": {"uv": [2.5, 7.25, 0.75, 7], "texture": "#2"},
				"down": {"uv": [4.25, 7, 2.5, 7.25], "texture": "#2"}
			}
		},
		{
			"from": [15.75, 14.5, 5.95],
			"to": [17.25, 19.25, 7.05],
			"rotation": {"angle": -45, "axis": "z", "origin": [25, 9, 14]},
			"faces": {
				"north": {"uv": [0.75, 10.75, 1, 11.75], "texture": "#2"},
				"east": {"uv": [0.5, 10.75, 0.75, 11.75], "texture": "#2"},
				"south": {"uv": [1.25, 10.75, 1.5, 11.75], "texture": "#2"},
				"west": {"uv": [1, 10.75, 1.25, 11.75], "texture": "#2"},
				"up": {"uv": [1, 10.75, 0.75, 10.5], "texture": "#2"},
				"down": {"uv": [1.25, 10.5, 1, 10.75], "texture": "#2"}
			}
		},
		{
			"from": [19.5, 0, -2],
			"to": [24, 3, 2],
			"rotation": {"angle": 0, "axis": "y", "origin": [30, 8, 6]},
			"faces": {
				"north": {"uv": [1, 1, 2, 1.75], "texture": "#0"},
				"east": {"uv": [0, 1, 1, 1.75], "texture": "#0"},
				"south": {"uv": [3, 1, 4, 1.75], "texture": "#0"},
				"west": {"uv": [2, 1, 3, 1.75], "texture": "#0"},
				"up": {"uv": [2, 1, 1, 0], "texture": "#0"},
				"down": {"uv": [3, 0, 2, 1], "texture": "#0"}
			}
		},
		{
			"from": [19.5, 10, -2],
			"to": [24, 13, 2],
			"rotation": {"angle": 0, "axis": "y", "origin": [30, 18, 6]},
			"faces": {
				"north": {"uv": [1, 1, 2, 1.75], "texture": "#0"},
				"east": {"uv": [0, 1, 1, 1.75], "texture": "#0"},
				"south": {"uv": [3, 1, 4, 1.75], "texture": "#0"},
				"west": {"uv": [2, 1, 3, 1.75], "texture": "#0"},
				"up": {"uv": [2, 1, 1, 0], "texture": "#0"},
				"down": {"uv": [3, 0, 2, 1], "texture": "#0"}
			}
		},
		{
			"from": [6, 0, -2],
			"to": [10, 3, 2],
			"rotation": {"angle": 0, "axis": "y", "origin": [16, 8, 6]},
			"faces": {
				"north": {"uv": [1, 1, 2, 1.75], "texture": "#0"},
				"east": {"uv": [0, 1, 1, 1.75], "texture": "#0"},
				"south": {"uv": [3, 1, 4, 1.75], "texture": "#0"},
				"west": {"uv": [2, 1, 3, 1.75], "texture": "#0"},
				"up": {"uv": [2, 1, 1, 0], "texture": "#0"},
				"down": {"uv": [3, 0, 2, 1], "texture": "#0"}
			}
		},
		{
			"from": [6.25, 7.75, -1],
			"to": [9.75, 12, 1],
			"rotation": {"angle": 0, "axis": "y", "origin": [15.5, 17, 6]},
			"faces": {
				"north": {"uv": [0.5, 3.5, 1.25, 4.5], "texture": "#1"},
				"east": {"uv": [0, 3.5, 0.5, 4.5], "texture": "#1"},
				"south": {"uv": [1.75, 3.5, 2.5, 4.5], "texture": "#1"},
				"west": {"uv": [1.25, 3.5, 1.75, 4.5], "texture": "#1"},
				"up": {"uv": [1.25, 3.5, 0.5, 3], "texture": "#1"},
				"down": {"uv": [2, 3, 1.25, 3.5], "texture": "#1"}
			}
		},
		{
			"from": [19.5, 0, 14],
			"to": [24, 3, 18],
			"rotation": {"angle": 0, "axis": "y", "origin": [30, 8, 23]},
			"faces": {
				"north": {"uv": [1, 1, 2, 1.75], "texture": "#0"},
				"east": {"uv": [0, 1, 1, 1.75], "texture": "#0"},
				"south": {"uv": [3, 1, 4, 1.75], "texture": "#0"},
				"west": {"uv": [2, 1, 3, 1.75], "texture": "#0"},
				"up": {"uv": [2, 1, 1, 0], "texture": "#0"},
				"down": {"uv": [3, 0, 2, 1], "texture": "#0"}
			}
		},
		{
			"from": [-8, 0, 14],
			"to": [-3.5, 3, 18],
			"rotation": {"angle": 0, "axis": "y", "origin": [1, 8, 23]},
			"faces": {
				"north": {"uv": [1, 1, 2, 1.75], "texture": "#0"},
				"east": {"uv": [0, 1, 1, 1.75], "texture": "#0"},
				"south": {"uv": [3, 1, 4, 1.75], "texture": "#0"},
				"west": {"uv": [2, 1, 3, 1.75], "texture": "#0"},
				"up": {"uv": [2, 1, 1, 0], "texture": "#0"},
				"down": {"uv": [3, 0, 2, 1], "texture": "#0"}
			}
		},
		{
			"from": [6, 0, 14],
			"to": [10, 3, 18],
			"rotation": {"angle": 0, "axis": "y", "origin": [15, 8, 23]},
			"faces": {
				"north": {"uv": [1, 1, 2, 1.75], "texture": "#0"},
				"east": {"uv": [0, 1, 1, 1.75], "texture": "#0"},
				"south": {"uv": [3, 1, 4, 1.75], "texture": "#0"},
				"west": {"uv": [2, 1, 3, 1.75], "texture": "#0"},
				"up": {"uv": [2, 1, 1, 0], "texture": "#0"},
				"down": {"uv": [3, 0, 2, 1], "texture": "#0"}
			}
		},
		{
			"from": [-8, 10, 15],
			"to": [-3.5, 13, 19],
			"rotation": {"angle": 0, "axis": "y", "origin": [1, 18, 24]},
			"faces": {
				"north": {"uv": [5, 1, 6, 1.75], "texture": "#0"},
				"east": {"uv": [4, 1, 5, 1.75], "texture": "#0"},
				"south": {"uv": [7, 1, 8, 1.75], "texture": "#0"},
				"west": {"uv": [6, 1, 7, 1.75], "texture": "#0"},
				"up": {"uv": [6, 1, 5, 0], "texture": "#0"},
				"down": {"uv": [7, 0, 6, 1], "texture": "#0"}
			}
		},
		{
			"from": [6, 10, 15],
			"to": [10, 13, 19],
			"rotation": {"angle": 0, "axis": "y", "origin": [15, 18, 24]},
			"faces": {
				"north": {"uv": [5, 1, 6, 1.75], "texture": "#0"},
				"east": {"uv": [4, 1, 5, 1.75], "texture": "#0"},
				"south": {"uv": [7, 1, 8, 1.75], "texture": "#0"},
				"west": {"uv": [6, 1, 7, 1.75], "texture": "#0"},
				"up": {"uv": [6, 1, 5, 0], "texture": "#0"},
				"down": {"uv": [7, 0, 6, 1], "texture": "#0"}
			}
		},
		{
			"from": [19.5, 10, 15],
			"to": [24, 13, 19],
			"shade": false,
			"rotation": {"angle": 0, "axis": "y", "origin": [15, 18, 24]},
			"faces": {
				"north": {"uv": [6, 1, 5, 1.75], "texture": "#0"},
				"east": {"uv": [7, 1, 6, 1.75], "texture": "#0"},
				"south": {"uv": [8, 1, 7, 1.75], "texture": "#0"},
				"west": {"uv": [5, 1, 4, 1.75], "texture": "#0"},
				"up": {"uv": [5, 1, 6, 0], "texture": "#0"},
				"down": {"uv": [6, 0, 7, 1], "texture": "#0"}
			}
		},
		{
			"from": [-8, 0, -2],
			"to": [-3.5, 3, 2],
			"rotation": {"angle": 0, "axis": "y", "origin": [2, 8, 6]},
			"faces": {
				"north": {"uv": [1, 1, 2, 1.75], "texture": "#0"},
				"east": {"uv": [0, 1, 1, 1.75], "texture": "#0"},
				"south": {"uv": [3, 1, 4, 1.75], "texture": "#0"},
				"west": {"uv": [2, 1, 3, 1.75], "texture": "#0"},
				"up": {"uv": [2, 1, 1, 0], "texture": "#0"},
				"down": {"uv": [3, 0, 2, 1], "texture": "#0"}
			}
		},
		{
			"from": [-8, 10, -2],
			"to": [-3.5, 13, 2],
			"rotation": {"angle": 0, "axis": "y", "origin": [2, 18, 6]},
			"faces": {
				"north": {"uv": [1, 1, 2, 1.75], "texture": "#0"},
				"east": {"uv": [0, 1, 1, 1.75], "texture": "#0"},
				"south": {"uv": [3, 1, 4, 1.75], "texture": "#0"},
				"west": {"uv": [2, 1, 3, 1.75], "texture": "#0"},
				"up": {"uv": [2, 1, 1, 0], "texture": "#0"},
				"down": {"uv": [3, 0, 2, 1], "texture": "#0"}
			}
		},
		{
			"from": [-7, 12.75, 3.5],
			"to": [-2, 17.75, 3.5],
			"rotation": {"angle": -22.5, "axis": "y", "origin": [4, 20.75, 12.5]},
			"faces": {
				"north": {"uv": [1.25, 14.75, 2.5, 16], "texture": "#2"},
				"east": {"uv": [1.25, 14.75, 1.25, 16], "texture": "#2"},
				"south": {"uv": [2.5, 14.75, 3.75, 16], "texture": "#2"},
				"west": {"uv": [2.5, 14.75, 2.5, 16], "texture": "#2"},
				"up": {"uv": [2.5, 14.75, 1.25, 14.75], "texture": "#2"},
				"down": {"uv": [3.75, 14.75, 2.5, 14.75], "texture": "#2"}
			}
		},
		{
			"from": [-2, 12.75, 3.5],
			"to": [-2, 17.75, 8.5],
			"rotation": {"angle": -22.5, "axis": "y", "origin": [4, 20.75, 12.5]},
			"faces": {
				"north": {"uv": [2.5, 14.75, 2.5, 16], "texture": "#2"},
				"east": {"uv": [1.25, 14.75, 2.5, 16], "texture": "#2"},
				"south": {"uv": [3.75, 14.75, 3.75, 16], "texture": "#2"},
				"west": {"uv": [2.5, 14.75, 3.75, 16], "texture": "#2"},
				"up": {"uv": [2.5, 14.75, 2.5, 13.5], "texture": "#2"},
				"down": {"uv": [2.5, 13.5, 2.5, 14.75], "texture": "#2"}
			}
		},
		{
			"from": [-7, 12.75, 8.5],
			"to": [-2, 17.75, 8.5],
			"rotation": {"angle": -22.5, "axis": "y", "origin": [4, 20.75, 12.5]},
			"faces": {
				"north": {"uv": [0, 14.75, 1.25, 16], "texture": "#2"},
				"east": {"uv": [0, 14.75, 0, 16], "texture": "#2"},
				"south": {"uv": [1.25, 14.75, 2.5, 16], "texture": "#2"},
				"west": {"uv": [1.25, 14.75, 1.25, 16], "texture": "#2"},
				"up": {"uv": [1.25, 14.75, 0, 14.75], "texture": "#2"},
				"down": {"uv": [2.5, 14.75, 1.25, 14.75], "texture": "#2"}
			}
		},
		{
			"from": [-7, 12.75, 3.5],
			"to": [-7, 17.75, 8.5],
			"rotation": {"angle": -22.5, "axis": "y", "origin": [4, 20.75, 12.5]},
			"faces": {
				"north": {"uv": [1.25, 14.75, 1.25, 16], "texture": "#2"},
				"east": {"uv": [0, 14.75, 1.25, 16], "texture": "#2"},
				"south": {"uv": [2.5, 14.75, 2.5, 16], "texture": "#2"},
				"west": {"uv": [1.25, 14.75, 2.5, 16], "texture": "#2"},
				"up": {"uv": [1.25, 14.75, 1.25, 13.5], "texture": "#2"},
				"down": {"uv": [1.25, 13.5, 1.25, 14.75], "texture": "#2"}
			}
		},
		{
			"from": [-8, 6.5, 5.5],
			"to": [-5, 9.5, 10.5],
			"rotation": {"angle": 0, "axis": "y", "origin": [2, 14.5, 14.5]},
			"faces": {
				"north": {"uv": [5.25, 1.25, 6, 2], "texture": "#1"},
				"east": {"uv": [4, 1.25, 5.25, 2], "texture": "#1"},
				"south": {"uv": [7.25, 1.25, 8, 2], "texture": "#1"},
				"west": {"uv": [6, 1.25, 7.25, 2], "texture": "#1"},
				"up": {"uv": [6, 1.25, 5.25, 0], "texture": "#1"},
				"down": {"uv": [6.75, 0, 6, 1.25], "texture": "#1"}
			}
		},
		{
			"from": [21, 6.5, 5.5],
			"to": [24, 9.5, 10.5],
			"shade": false,
			"rotation": {"angle": 0, "axis": "y", "origin": [14, 14.5, 14.5]},
			"faces": {
				"north": {"uv": [6, 1.25, 5.25, 2], "texture": "#1"},
				"east": {"uv": [7.25, 1.25, 6, 2], "texture": "#1"},
				"south": {"uv": [8, 1.25, 7.25, 2], "texture": "#1"},
				"west": {"uv": [5.25, 1.25, 4, 2], "texture": "#1"},
				"up": {"uv": [5.25, 1.25, 6, 0], "texture": "#1"},
				"down": {"uv": [6, 0, 6.75, 1.25], "texture": "#1"}
			}
		},
		{
			"from": [23.25, 11.25, 9.5],
			"to": [24.5, 12.65, 10.5],
			"shade": false,
			"rotation": {"angle": 0, "axis": "y", "origin": [13, 17.9, 14.5]},
			"faces": {
				"north": {"uv": [12.25, 5.25, 12, 5.5], "texture": "#1"},
				"east": {"uv": [12.5, 5.25, 12.25, 5.5], "texture": "#1"},
				"south": {"uv": [12.75, 5.25, 12.5, 5.5], "texture": "#1"},
				"west": {"uv": [12, 5.25, 11.75, 5.5], "texture": "#1"},
				"up": {"uv": [12, 5.25, 12.25, 5], "texture": "#1"},
				"down": {"uv": [12.25, 5, 12.5, 5.25], "texture": "#1"}
			}
		},
		{
			"from": [-8.5, 11.25, 9.5],
			"to": [-7.25, 12.65, 10.5],
			"rotation": {"angle": 0, "axis": "y", "origin": [3, 17.9, 14.5]},
			"faces": {
				"north": {"uv": [12, 5.25, 12.25, 5.5], "texture": "#1"},
				"east": {"uv": [11.75, 5.25, 12, 5.5], "texture": "#1"},
				"south": {"uv": [12.5, 5.25, 12.75, 5.5], "texture": "#1"},
				"west": {"uv": [12.25, 5.25, 12.5, 5.5], "texture": "#1"},
				"up": {"uv": [12.25, 5.25, 12, 5], "texture": "#1"},
				"down": {"uv": [12.5, 5, 12.25, 5.25], "texture": "#1"}
			}
		},
		{
			"from": [23.25, 11.25, 5.5],
			"to": [24.5, 12.65, 6.5],
			"shade": false,
			"rotation": {"angle": 0, "axis": "y", "origin": [13, 17.9, 10.5]},
			"faces": {
				"north": {"uv": [15, 0.5, 14.75, 0.75], "texture": "#1"},
				"east": {"uv": [15.25, 0.5, 15, 0.75], "texture": "#1"},
				"south": {"uv": [15.5, 0.5, 15.25, 0.75], "texture": "#1"},
				"west": {"uv": [14.75, 0.5, 14.5, 0.75], "texture": "#1"},
				"up": {"uv": [14.75, 0.5, 15, 0.25], "texture": "#1"},
				"down": {"uv": [15, 0.25, 15.25, 0.5], "texture": "#1"}
			}
		},
		{
			"from": [-8.5, 11.25, 5.5],
			"to": [-7.25, 12.65, 6.5],
			"rotation": {"angle": 0, "axis": "y", "origin": [3, 17.9, 10.5]},
			"faces": {
				"north": {"uv": [14.75, 0.5, 15, 0.75], "texture": "#1"},
				"east": {"uv": [14.5, 0.5, 14.75, 0.75], "texture": "#1"},
				"south": {"uv": [15.25, 0.5, 15.5, 0.75], "texture": "#1"},
				"west": {"uv": [15, 0.5, 15.25, 0.75], "texture": "#1"},
				"up": {"uv": [15, 0.5, 14.75, 0.25], "texture": "#1"},
				"down": {"uv": [15.25, 0.25, 15, 0.5], "texture": "#1"}
			}
		},
		{
			"from": [24.5, 11.25, 5.5],
			"to": [25.3, 12.65, 10.5],
			"shade": false,
			"rotation": {"angle": 0, "axis": "y", "origin": [13.3, 17.9, 14.5]},
			"faces": {
				"north": {"uv": [11.75, 10.25, 11.75, 10.5], "texture": "#1"},
				"east": {"uv": [13, 10.25, 11.75, 10.5], "texture": "#1"},
				"south": {"uv": [13, 10.25, 13, 10.5], "texture": "#1"},
				"west": {"uv": [11.75, 10.25, 10.5, 10.5], "texture": "#1"},
				"up": {"uv": [11.75, 10.25, 11.75, 9], "texture": "#1"},
				"down": {"uv": [11.75, 9, 11.75, 10.25], "texture": "#1"}
			}
		},
		{
			"from": [-9.3, 11.25, 5.5],
			"to": [-8.5, 12.65, 10.5],
			"rotation": {"angle": 0, "axis": "y", "origin": [2.7, 17.9, 14.5]},
			"faces": {
				"north": {"uv": [11.75, 10.25, 11.75, 10.5], "texture": "#1"},
				"east": {"uv": [10.5, 10.25, 11.75, 10.5], "texture": "#1"},
				"south": {"uv": [13, 10.25, 13, 10.5], "texture": "#1"},
				"west": {"uv": [11.75, 10.25, 13, 10.5], "texture": "#1"},
				"up": {"uv": [11.75, 10.25, 11.75, 9], "texture": "#1"},
				"down": {"uv": [11.75, 9, 11.75, 10.25], "texture": "#1"}
			}
		},
		{
			"from": [-8, 4.5, 6.5],
			"to": [-5, 6.5, 9.5],
			"rotation": {"angle": 0, "axis": "y", "origin": [2, 11.5, 14.5]},
			"faces": {
				"north": {"uv": [9.75, 1, 10.5, 1.5], "texture": "#1"},
				"east": {"uv": [9, 1, 9.75, 1.5], "texture": "#1"},
				"south": {"uv": [11.25, 1, 12, 1.5], "texture": "#1"},
				"west": {"uv": [10.5, 1, 11.25, 1.5], "texture": "#1"},
				"up": {"uv": [10.5, 1, 9.75, 0.25], "texture": "#1"},
				"down": {"uv": [11.25, 0.25, 10.5, 1], "texture": "#1"}
			}
		},
		{
			"from": [21, 4.5, 6.5],
			"to": [24, 6.5, 9.5],
			"shade": false,
			"rotation": {"angle": 0, "axis": "y", "origin": [14, 11.5, 14.5]},
			"faces": {
				"north": {"uv": [10.5, 1, 9.75, 1.5], "texture": "#1"},
				"east": {"uv": [11.25, 1, 10.5, 1.5], "texture": "#1"},
				"south": {"uv": [12, 1, 11.25, 1.5], "texture": "#1"},
				"west": {"uv": [9.75, 1, 9, 1.5], "texture": "#1"},
				"up": {"uv": [9.75, 1, 10.5, 0.25], "texture": "#1"},
				"down": {"uv": [10.5, 0.25, 11.25, 1], "texture": "#1"}
			}
		},
		{
			"from": [20, 3, 14],
			"to": [23, 12, 17],
			"rotation": {"angle": 0, "axis": "y", "origin": [30, 8, 24]},
			"faces": {
				"north": {"uv": [0.75, 3, 1.5, 5.25], "texture": "#0"},
				"east": {"uv": [0, 3, 0.75, 5.25], "texture": "#0"},
				"south": {"uv": [2.25, 3, 3, 5.25], "texture": "#0"},
				"west": {"uv": [1.5, 3, 2.25, 5.25], "texture": "#0"},
				"up": {"uv": [1.5, 3, 0.75, 2.25], "texture": "#0"},
				"down": {"uv": [2.25, 2.25, 1.5, 3], "texture": "#0"}
			}
		},
		{
			"from": [21.75, 12, 14.5],
			"to": [23.75, 18.5, 17],
			"rotation": {"angle": -22.5, "axis": "x", "origin": [22.75, 17, 16]},
			"faces": {
				"north": {"uv": [9.5, 0.5, 10, 2], "texture": "#0"},
				"east": {"uv": [9, 0.5, 9.5, 2], "texture": "#0"},
				"south": {"uv": [10.5, 0.5, 11, 2], "texture": "#0"},
				"west": {"uv": [10, 0.5, 10.5, 2], "texture": "#0"},
				"up": {"uv": [10, 0.5, 9.5, 0], "texture": "#0"},
				"down": {"uv": [10.5, 0, 10, 0.5], "texture": "#0"}
			}
		},
		{
			"from": [-7.75, 12, 14.5],
			"to": [-5.75, 18.5, 17],
			"shade": false,
			"rotation": {"angle": -22.5, "axis": "x", "origin": [-6.75, 17, 16]},
			"faces": {
				"north": {"uv": [10, 0.5, 9.5, 2], "texture": "#0"},
				"east": {"uv": [10.5, 0.5, 10, 2], "texture": "#0"},
				"south": {"uv": [11, 0.5, 10.5, 2], "texture": "#0"},
				"west": {"uv": [9.5, 0.5, 9, 2], "texture": "#0"},
				"up": {"uv": [9.5, 0.5, 10, 0], "texture": "#0"},
				"down": {"uv": [10, 0, 10.5, 0.5], "texture": "#0"}
			}
		},
		{
			"from": [-5.75, 12, 15.5],
			"to": [2.25, 18.5, 19],
			"shade": false,
			"rotation": {"angle": -22.5, "axis": "x", "origin": [-4.75, 17, 16]},
			"faces": {
				"north": {"uv": [13, 7.75, 11, 9.25], "texture": "#3"},
				"east": {"uv": [13.75, 7.75, 13, 9.25], "texture": "#3"},
				"south": {"uv": [15.75, 7.75, 13.75, 9.25], "texture": "#3"},
				"west": {"uv": [11, 7.75, 10.25, 9.25], "texture": "#3"},
				"up": {"uv": [11, 7.75, 13, 7], "texture": "#3"},
				"down": {"uv": [13, 7, 15, 7.75], "texture": "#3"}
			}
		},
		{
			"from": [2.25, 12, 15.5],
			"to": [13.75, 18.75, 20],
			"shade": false,
			"rotation": {"angle": -22.5, "axis": "x", "origin": [3.25, 17, 16]},
			"faces": {
				"north": {"uv": [3.75, 1, 1, 2.5], "texture": "#3"},
				"east": {"uv": [4.75, 1, 3.75, 2.5], "texture": "#3"},
				"south": {"uv": [7.5, 1, 4.75, 2.5], "texture": "#3"},
				"west": {"uv": [1, 1, 0, 2.5], "texture": "#3"},
				"up": {"uv": [1, 1, 3.75, 0], "texture": "#3"},
				"down": {"uv": [3.75, 0, 6.5, 1], "texture": "#3"}
			}
		},
		{
			"from": [13.75, 12, 15.5],
			"to": [21.75, 18.5, 19],
			"rotation": {"angle": -22.5, "axis": "x", "origin": [20.75, 17, 16]},
			"faces": {
				"north": {"uv": [11, 7.75, 13, 9.25], "texture": "#3"},
				"east": {"uv": [10.25, 7.75, 11, 9.25], "texture": "#3"},
				"south": {"uv": [13.75, 7.75, 15.75, 9.25], "texture": "#3"},
				"west": {"uv": [13, 7.75, 13.75, 9.25], "texture": "#3"},
				"up": {"uv": [13, 7.75, 11, 7], "texture": "#3"},
				"down": {"uv": [15, 7, 13, 7.75], "texture": "#3"}
			}
		},
		{
			"from": [22, 16.25, 10.75],
			"to": [24, 23.75, 13.25],
			"rotation": {"angle": -45, "axis": "x", "origin": [22.75, 21.25, 12.25]},
			"faces": {
				"north": {"uv": [12, 0.5, 12.5, 2.25], "texture": "#0"},
				"east": {"uv": [11.5, 0.5, 12, 2.25], "texture": "#0"},
				"south": {"uv": [13, 0.5, 13.5, 2.25], "texture": "#0"},
				"west": {"uv": [12.5, 0.5, 13, 2.25], "texture": "#0"},
				"up": {"uv": [12.5, 0.5, 12, 0], "texture": "#0"},
				"down": {"uv": [13, 0, 12.5, 0.5], "texture": "#0"}
			}
		},
		{
			"from": [-8, 16.25, 10.75],
			"to": [-6, 23.75, 13.25],
			"shade": false,
			"rotation": {"angle": -45, "axis": "x", "origin": [-6.75, 21.25, 12.25]},
			"faces": {
				"north": {"uv": [12.5, 0.5, 12, 2.25], "texture": "#0"},
				"east": {"uv": [13, 0.5, 12.5, 2.25], "texture": "#0"},
				"south": {"uv": [13.5, 0.5, 13, 2.25], "texture": "#0"},
				"west": {"uv": [12, 0.5, 11.5, 2.25], "texture": "#0"},
				"up": {"uv": [12, 0.5, 12.5, 0], "texture": "#0"},
				"down": {"uv": [12.5, 0, 13, 0.5], "texture": "#0"}
			}
		},
		{
			"from": [-6, 15.75, 11.75],
			"to": [2, 24.25, 15.25],
			"shade": false,
			"rotation": {"angle": -45, "axis": "x", "origin": [-4.75, 21.25, 12.25]},
			"faces": {
				"north": {"uv": [13, 3.25, 11, 5.25], "texture": "#3"},
				"east": {"uv": [13.75, 3.25, 13, 5.25], "texture": "#3"},
				"south": {"uv": [15.75, 3.25, 13.75, 5.25], "texture": "#3"},
				"west": {"uv": [11, 3.25, 10.25, 5.25], "texture": "#3"},
				"up": {"uv": [11, 3.25, 13, 2.5], "texture": "#3"},
				"down": {"uv": [13, 2.5, 15, 3.25], "texture": "#3"}
			}
		},
		{
			"from": [2, 15.75, 12],
			"to": [14, 24.25, 16.25],
			"shade": false,
			"rotation": {"angle": -45, "axis": "x", "origin": [3.25, 21.25, 12.25]},
			"faces": {
				"north": {"uv": [4, 4, 1, 6], "texture": "#3"},
				"east": {"uv": [5, 4, 4, 6], "texture": "#3"},
				"south": {"uv": [8, 4, 5, 6], "texture": "#3"},
				"west": {"uv": [1, 4, 0, 6], "texture": "#3"},
				"up": {"uv": [1, 4, 4, 3], "texture": "#3"},
				"down": {"uv": [4, 3, 7, 4], "texture": "#3"}
			}
		},
		{
			"from": [4.25, 19.5, 17.75],
			"to": [11.75, 21, 18.75],
			"shade": false,
			"rotation": {"angle": -45, "axis": "x", "origin": [3.25, 21.25, 12.25]},
			"faces": {
				"north": {"uv": [5.75, 14.25, 4, 14.5], "texture": "#1"},
				"east": {"uv": [6, 14.25, 5.75, 14.5], "texture": "#1"},
				"south": {"uv": [7.75, 14.25, 6, 14.5], "texture": "#1"},
				"west": {"uv": [4, 14.25, 3.75, 14.5], "texture": "#1"},
				"up": {"uv": [4, 14.25, 5.75, 14], "texture": "#1"},
				"down": {"uv": [5.75, 14, 7.5, 14.25], "texture": "#1"}
			}
		},
		{
			"from": [4.25, 19.5, 16.25],
			"to": [5.25, 21, 17.75],
			"shade": false,
			"rotation": {"angle": -45, "axis": "x", "origin": [3.25, 21.25, 12.25]},
			"faces": {
				"north": {"uv": [14.25, 12, 14, 12.25], "texture": "#1"},
				"east": {"uv": [14.5, 12, 14.25, 12.25], "texture": "#1"},
				"south": {"uv": [14.75, 12, 14.5, 12.25], "texture": "#1"},
				"west": {"uv": [14, 12, 13.75, 12.25], "texture": "#1"},
				"up": {"uv": [14, 12, 14.25, 11.75], "texture": "#1"},
				"down": {"uv": [14.25, 11.75, 14.5, 12], "texture": "#1"}
			}
		},
		{
			"from": [10.75, 19.5, 16.25],
			"to": [11.75, 21, 17.75],
			"rotation": {"angle": -45, "axis": "x", "origin": [12.75, 21.25, 12.25]},
			"faces": {
				"north": {"uv": [10.75, 13, 11, 13.25], "texture": "#1"},
				"east": {"uv": [10.5, 13, 10.75, 13.25], "texture": "#1"},
				"south": {"uv": [11.25, 13, 11.5, 13.25], "texture": "#1"},
				"west": {"uv": [11, 13, 11.25, 13.25], "texture": "#1"},
				"up": {"uv": [11, 13, 10.75, 12.75], "texture": "#1"},
				"down": {"uv": [11.25, 12.75, 11, 13], "texture": "#1"}
			}
		},
		{
			"from": [14, 15.75, 11.75],
			"to": [22, 24.25, 15.25],
			"rotation": {"angle": -45, "axis": "x", "origin": [20.75, 21.25, 12.25]},
			"faces": {
				"north": {"uv": [11, 3.25, 13, 5.25], "texture": "#3"},
				"east": {"uv": [10.25, 3.25, 11, 5.25], "texture": "#3"},
				"south": {"uv": [13.75, 3.25, 15.75, 5.25], "texture": "#3"},
				"west": {"uv": [13, 3.25, 13.75, 5.25], "texture": "#3"},
				"up": {"uv": [13, 3.25, 11, 2.5], "texture": "#3"},
				"down": {"uv": [15, 2.5, 13, 3.25], "texture": "#3"}
			}
		},
		{
			"from": [21.75, 23, 5],
			"to": [23.75, 25.5, 11.5],
			"rotation": {"angle": 22.5, "axis": "x", "origin": [22.75, 24.5, 6.5]},
			"faces": {
				"north": {"uv": [4.5, 4.5, 5, 5], "texture": "#0"},
				"east": {"uv": [3, 4.5, 4.5, 5], "texture": "#0"},
				"south": {"uv": [6.5, 4.5, 7, 5], "texture": "#0"},
				"west": {"uv": [5, 4.5, 6.5, 5], "texture": "#0"},
				"up": {"uv": [5, 4.5, 4.5, 3], "texture": "#0"},
				"down": {"uv": [5.5, 3, 5, 4.5], "texture": "#0"}
			}
		},
		{
			"from": [-7.75, 23, 3],
			"to": [23.75, 25.5, 5],
			"rotation": {"angle": 22.5, "axis": "x", "origin": [22.75, 24.5, 6.5]},
			"faces": {
				"north": {"uv": [0.5, 6, 8.25, 6.5], "texture": "#0"},
				"east": {"uv": [0, 6, 0.5, 6.5], "texture": "#0"},
				"south": {"uv": [8.75, 6, 16.5, 6.5], "texture": "#0"},
				"west": {"uv": [8.25, 6, 8.75, 6.5], "texture": "#0"},
				"up": {"uv": [8.25, 6, 0.5, 5.5], "texture": "#0"},
				"down": {"uv": [16, 5.5, 8.25, 6], "texture": "#0"}
			}
		},
		{
			"from": [5.5, 21.25, 1],
			"to": [10.5, 26.5, 3.5],
			"rotation": {"angle": 22.5, "axis": "x", "origin": [21.75, 24.5, 6.5]},
			"faces": {
				"north": {"uv": [0.5, 7.25, 1.75, 8.5], "texture": "#1"},
				"east": {"uv": [0, 7.25, 0.5, 8.5], "texture": "#1"},
				"south": {"uv": [2.25, 7.25, 3.5, 8.5], "texture": "#1"},
				"west": {"uv": [1.75, 7.25, 2.25, 8.5], "texture": "#1"},
				"up": {"uv": [1.75, 7.25, 0.5, 6.75], "texture": "#1"},
				"down": {"uv": [3, 6.75, 1.75, 7.25], "texture": "#1"}
			}
		},
		{
			"from": [-7.75, 23, 5],
			"to": [-5.75, 25.5, 11.5],
			"shade": false,
			"rotation": {"angle": 22.5, "axis": "x", "origin": [-6.75, 24.5, 6.5]},
			"faces": {
				"north": {"uv": [5, 4.5, 4.5, 5], "texture": "#0"},
				"east": {"uv": [6.5, 4.5, 5, 5], "texture": "#0"},
				"south": {"uv": [7, 4.5, 6.5, 5], "texture": "#0"},
				"west": {"uv": [4.5, 4.5, 3, 5], "texture": "#0"},
				"up": {"uv": [4.5, 4.5, 5, 3], "texture": "#0"},
				"down": {"uv": [5, 3, 5.5, 4.5], "texture": "#0"}
			}
		},
		{
			"from": [16.75, 12.9, 1.75],
			"to": [20.75, 14.9, 5.75],
			"rotation": {"angle": 0, "axis": "y", "origin": [1.5, 21, 7]},
			"faces": {
				"north": {"uv": [1, 1, 2, 1.5], "texture": "#2"},
				"east": {"uv": [0, 1, 1, 1.5], "texture": "#2"},
				"south": {"uv": [3, 1, 4, 1.5], "texture": "#2"},
				"west": {"uv": [2, 1, 3, 1.5], "texture": "#2"},
				"up": {"uv": [2, 1, 1, 0], "texture": "#2"},
				"down": {"uv": [3, 0, 2, 1], "texture": "#2"}
			}
		},
		{
			"from": [18.75, 12.8, 12.75],
			"to": [22.75, 14.8, 16.75],
			"rotation": {"angle": 22.5, "axis": "y", "origin": [3.5, 20.9, 18]},
			"faces": {
				"north": {"uv": [1, 1, 2, 1.5], "texture": "#2"},
				"east": {"uv": [0, 1, 1, 1.5], "texture": "#2"},
				"south": {"uv": [3, 1, 4, 1.5], "texture": "#2"},
				"west": {"uv": [2, 1, 3, 1.5], "texture": "#2"},
				"up": {"uv": [2, 1, 1, 0], "texture": "#2"},
				"down": {"uv": [3, 0, 2, 1], "texture": "#2"}
			}
		},
		{
			"from": [9.75, 12.9, 9.75],
			"to": [13.75, 14.9, 13.75],
			"rotation": {"angle": 0, "axis": "y", "origin": [-5.5, 21, 15]},
			"faces": {
				"north": {"uv": [1, 1, 2, 1.5], "texture": "#2"},
				"east": {"uv": [0, 1, 1, 1.5], "texture": "#2"},
				"south": {"uv": [3, 1, 4, 1.5], "texture": "#2"},
				"west": {"uv": [2, 1, 3, 1.5], "texture": "#2"},
				"up": {"uv": [2, 1, 1, 0], "texture": "#2"},
				"down": {"uv": [3, 0, 2, 1], "texture": "#2"}
			}
		},
		{
			"from": [-4.25, 12.9, 6.75],
			"to": [-0.25, 14.9, 10.75],
			"rotation": {"angle": 0, "axis": "y", "origin": [-19.5, 21, 12]},
			"faces": {
				"north": {"uv": [1, 1, 2, 1.5], "texture": "#2"},
				"east": {"uv": [0, 1, 1, 1.5], "texture": "#2"},
				"south": {"uv": [3, 1, 4, 1.5], "texture": "#2"},
				"west": {"uv": [2, 1, 3, 1.5], "texture": "#2"},
				"up": {"uv": [2, 1, 1, 0], "texture": "#2"},
				"down": {"uv": [3, 0, 2, 1], "texture": "#2"}
			}
		},
		{
			"from": [-2.5, 2.8, -9.25],
			"to": [1.5, 4.8, -5.25],
			"rotation": {"angle": -45, "axis": "x", "origin": [-17.75, 10.9, -4]},
			"faces": {
				"north": {"uv": [1, 1, 2, 1.5], "texture": "#2"},
				"east": {"uv": [0, 1, 1, 1.5], "texture": "#2"},
				"south": {"uv": [3, 1, 4, 1.5], "texture": "#2"},
				"west": {"uv": [2, 1, 3, 1.5], "texture": "#2"},
				"up": {"uv": [2, 1, 1, 0], "texture": "#2"},
				"down": {"uv": [3, 0, 2, 1], "texture": "#2"}
			}
		},
		{
			"from": [-0.25, 14.9, 6.75],
			"to": [3.75, 16.9, 10.75],
			"rotation": {"angle": 0, "axis": "y", "origin": [-15.5, 23, 12]},
			"faces": {
				"north": {"uv": [1, 1, 2, 1.5], "texture": "#2"},
				"east": {"uv": [0, 1, 1, 1.5], "texture": "#2"},
				"south": {"uv": [3, 1, 4, 1.5], "texture": "#2"},
				"west": {"uv": [2, 1, 3, 1.5], "texture": "#2"},
				"up": {"uv": [2, 1, 1, 0], "texture": "#2"},
				"down": {"uv": [3, 0, 2, 1], "texture": "#2"}
			}
		},
		{
			"from": [5.75, 16.7, 11.75],
			"to": [9.75, 18.7, 15.75],
			"rotation": {"angle": 22.5, "axis": "y", "origin": [-9.5, 24.8, 17]},
			"faces": {
				"north": {"uv": [1, 1, 2, 1.5], "texture": "#2"},
				"east": {"uv": [0, 1, 1, 1.5], "texture": "#2"},
				"south": {"uv": [3, 1, 4, 1.5], "texture": "#2"},
				"west": {"uv": [2, 1, 3, 1.5], "texture": "#2"},
				"up": {"uv": [2, 1, 1, 0], "texture": "#2"},
				"down": {"uv": [3, 0, 2, 1], "texture": "#2"}
			}
		},
		{
			"from": [8.75, 12.8, 6.75],
			"to": [12.75, 14.8, 10.75],
			"rotation": {"angle": 22.5, "axis": "y", "origin": [-6.5, 20.9, 12]},
			"faces": {
				"north": {"uv": [1, 1, 2, 1.5], "texture": "#2"},
				"east": {"uv": [0, 1, 1, 1.5], "texture": "#2"},
				"south": {"uv": [3, 1, 4, 1.5], "texture": "#2"},
				"west": {"uv": [2, 1, 3, 1.5], "texture": "#2"},
				"up": {"uv": [2, 1, 1, 0], "texture": "#2"},
				"down": {"uv": [3, 0, 2, 1], "texture": "#2"}
			}
		},
		{
			"from": [11.75, 14.7, 8.75],
			"to": [15.75, 16.7, 12.75],
			"rotation": {"angle": 22.5, "axis": "y", "origin": [-3.5, 22.8, 14]},
			"faces": {
				"north": {"uv": [1, 1, 2, 1.5], "texture": "#2"},
				"east": {"uv": [0, 1, 1, 1.5], "texture": "#2"},
				"south": {"uv": [3, 1, 4, 1.5], "texture": "#2"},
				"west": {"uv": [2, 1, 3, 1.5], "texture": "#2"},
				"up": {"uv": [2, 1, 1, 0], "texture": "#2"},
				"down": {"uv": [3, 0, 2, 1], "texture": "#2"}
			}
		},
		{
			"from": [5.75, 14.8, 6.75],
			"to": [9.75, 16.8, 10.75],
			"rotation": {"angle": 0, "axis": "y", "origin": [-9.5, 22.9, 12]},
			"faces": {
				"north": {"uv": [1, 1, 2, 1.5], "texture": "#2"},
				"east": {"uv": [0, 1, 1, 1.5], "texture": "#2"},
				"south": {"uv": [3, 1, 4, 1.5], "texture": "#2"},
				"west": {"uv": [2, 1, 3, 1.5], "texture": "#2"},
				"up": {"uv": [2, 1, 1, 0], "texture": "#2"},
				"down": {"uv": [3, 0, 2, 1], "texture": "#2"}
			}
		},
		{
			"from": [13.75, 12.8, -6.25],
			"to": [17.75, 14.8, -2.25],
			"rotation": {"angle": -22.5, "axis": "y", "origin": [-1.5, 20.9, -1]},
			"faces": {
				"north": {"uv": [1, 3, 2, 3.5], "texture": "#2"},
				"east": {"uv": [0, 3, 1, 3.5], "texture": "#2"},
				"south": {"uv": [3, 3, 4, 3.5], "texture": "#2"},
				"west": {"uv": [2, 3, 3, 3.5], "texture": "#2"},
				"up": {"uv": [2, 3, 1, 2], "texture": "#2"},
				"down": {"uv": [3, 2, 2, 3], "texture": "#2"}
			}
		},
		{
			"from": [-1.25, 0, -5.75],
			"to": [2.75, 2, -1.75],
			"rotation": {"angle": 0, "axis": "y", "origin": [-16.5, 8.1, -0.5]},
			"faces": {
				"north": {"uv": [1, 3, 2, 3.5], "texture": "#2"},
				"east": {"uv": [0, 3, 1, 3.5], "texture": "#2"},
				"south": {"uv": [3, 3, 4, 3.5], "texture": "#2"},
				"west": {"uv": [2, 3, 3, 3.5], "texture": "#2"},
				"up": {"uv": [2, 3, 1, 2], "texture": "#2"},
				"down": {"uv": [3, 2, 2, 3], "texture": "#2"}
			}
		},
		{
			"from": [10.75, 14.7, 0.75],
			"to": [14.75, 16.7, 4.75],
			"rotation": {"angle": -22.5, "axis": "y", "origin": [-4.5, 22.8, 6]},
			"faces": {
				"north": {"uv": [1, 3, 2, 3.5], "texture": "#2"},
				"east": {"uv": [0, 3, 1, 3.5], "texture": "#2"},
				"south": {"uv": [3, 3, 4, 3.5], "texture": "#2"},
				"west": {"uv": [2, 3, 3, 3.5], "texture": "#2"},
				"up": {"uv": [2, 3, 1, 2], "texture": "#2"},
				"down": {"uv": [3, 2, 2, 3], "texture": "#2"}
			}
		},
		{
			"from": [7.75, 12.9, 15.75],
			"to": [11.75, 14.9, 19.75],
			"rotation": {"angle": 22.5, "axis": "y", "origin": [-7.5, 21, 21]},
			"faces": {
				"north": {"uv": [1, 3, 2, 3.5], "texture": "#2"},
				"east": {"uv": [0, 3, 1, 3.5], "texture": "#2"},
				"south": {"uv": [3, 3, 4, 3.5], "texture": "#2"},
				"west": {"uv": [2, 3, 3, 3.5], "texture": "#2"},
				"up": {"uv": [2, 3, 1, 2], "texture": "#2"},
				"down": {"uv": [3, 2, 2, 3], "texture": "#2"}
			}
		},
		{
			"from": [-2.25, 12.8, 2.75],
			"to": [1.75, 14.8, 6.75],
			"rotation": {"angle": 0, "axis": "y", "origin": [-17.5, 20.9, 8]},
			"faces": {
				"north": {"uv": [1, 3, 2, 3.5], "texture": "#2"},
				"east": {"uv": [0, 3, 1, 3.5], "texture": "#2"},
				"south": {"uv": [3, 3, 4, 3.5], "texture": "#2"},
				"west": {"uv": [2, 3, 3, 3.5], "texture": "#2"},
				"up": {"uv": [2, 3, 1, 2], "texture": "#2"},
				"down": {"uv": [3, 2, 2, 3], "texture": "#2"}
			}
		},
		{
			"from": [-3.25, 12.8, 10.75],
			"to": [0.75, 14.8, 14.75],
			"rotation": {"angle": 0, "axis": "y", "origin": [-18.5, 20.9, 16]},
			"faces": {
				"north": {"uv": [1, 3, 2, 3.5], "texture": "#2"},
				"east": {"uv": [0, 3, 1, 3.5], "texture": "#2"},
				"south": {"uv": [3, 3, 4, 3.5], "texture": "#2"},
				"west": {"uv": [2, 3, 3, 3.5], "texture": "#2"},
				"up": {"uv": [2, 3, 1, 2], "texture": "#2"},
				"down": {"uv": [3, 2, 2, 3], "texture": "#2"}
			}
		},
		{
			"from": [4.75, 14.8, 2.75],
			"to": [8.75, 16.8, 6.75],
			"rotation": {"angle": 0, "axis": "y", "origin": [-10.5, 22.9, 8]},
			"faces": {
				"north": {"uv": [1, 3, 2, 3.5], "texture": "#2"},
				"east": {"uv": [0, 3, 1, 3.5], "texture": "#2"},
				"south": {"uv": [3, 3, 4, 3.5], "texture": "#2"},
				"west": {"uv": [2, 3, 3, 3.5], "texture": "#2"},
				"up": {"uv": [2, 3, 1, 2], "texture": "#2"},
				"down": {"uv": [3, 2, 2, 3], "texture": "#2"}
			}
		},
		{
			"from": [9.75, 16.6, 4.75],
			"to": [13.75, 18.6, 8.75],
			"rotation": {"angle": 0, "axis": "y", "origin": [-5.5, 24.7, 10]},
			"faces": {
				"north": {"uv": [1, 3, 2, 3.5], "texture": "#2"},
				"east": {"uv": [0, 3, 1, 3.5], "texture": "#2"},
				"south": {"uv": [3, 3, 4, 3.5], "texture": "#2"},
				"west": {"uv": [2, 3, 3, 3.5], "texture": "#2"},
				"up": {"uv": [2, 3, 1, 2], "texture": "#2"},
				"down": {"uv": [3, 2, 2, 3], "texture": "#2"}
			}
		},
		{
			"from": [9.75, 12.9, 1.75],
			"to": [13.75, 14.9, 5.75],
			"rotation": {"angle": 0, "axis": "y", "origin": [-5.5, 21, 7]},
			"faces": {
				"north": {"uv": [5.5, 1, 6.5, 1.5], "texture": "#2"},
				"east": {"uv": [4.5, 1, 5.5, 1.5], "texture": "#2"},
				"south": {"uv": [7.5, 1, 8.5, 1.5], "texture": "#2"},
				"west": {"uv": [6.5, 1, 7.5, 1.5], "texture": "#2"},
				"up": {"uv": [6.5, 1, 5.5, 0], "texture": "#2"},
				"down": {"uv": [7.5, 0, 6.5, 1], "texture": "#2"}
			}
		},
		{
			"from": [16.75, 12.9, 14.75],
			"to": [20.75, 14.9, 18.75],
			"rotation": {"angle": 22.5, "axis": "y", "origin": [1.5, 21, 20]},
			"faces": {
				"north": {"uv": [5.5, 1, 6.5, 1.5], "texture": "#2"},
				"east": {"uv": [4.5, 1, 5.5, 1.5], "texture": "#2"},
				"south": {"uv": [7.5, 1, 8.5, 1.5], "texture": "#2"},
				"west": {"uv": [6.5, 1, 7.5, 1.5], "texture": "#2"},
				"up": {"uv": [6.5, 1, 5.5, 0], "texture": "#2"},
				"down": {"uv": [7.5, 0, 6.5, 1], "texture": "#2"}
			}
		},
		{
			"from": [2.75, 12.9, 16.75],
			"to": [6.75, 14.9, 20.75],
			"rotation": {"angle": 22.5, "axis": "y", "origin": [-12.5, 21, 22]},
			"faces": {
				"north": {"uv": [5.5, 1, 6.5, 1.5], "texture": "#2"},
				"east": {"uv": [4.5, 1, 5.5, 1.5], "texture": "#2"},
				"south": {"uv": [7.5, 1, 8.5, 1.5], "texture": "#2"},
				"west": {"uv": [6.5, 1, 7.5, 1.5], "texture": "#2"},
				"up": {"uv": [6.5, 1, 5.5, 0], "texture": "#2"},
				"down": {"uv": [7.5, 0, 6.5, 1], "texture": "#2"}
			}
		},
		{
			"from": [9.75, 12.9, 12.75],
			"to": [13.75, 14.9, 16.75],
			"rotation": {"angle": 45, "axis": "y", "origin": [-5.5, 21, 18]},
			"faces": {
				"north": {"uv": [5.5, 1, 6.5, 1.5], "texture": "#2"},
				"east": {"uv": [4.5, 1, 5.5, 1.5], "texture": "#2"},
				"south": {"uv": [7.5, 1, 8.5, 1.5], "texture": "#2"},
				"west": {"uv": [6.5, 1, 7.5, 1.5], "texture": "#2"},
				"up": {"uv": [6.5, 1, 5.5, 0], "texture": "#2"},
				"down": {"uv": [7.5, 0, 6.5, 1], "texture": "#2"}
			}
		},
		{
			"from": [1.75, -0.1, 5.75],
			"to": [5.75, 1.9, 9.75],
			"rotation": {"angle": 45, "axis": "y", "origin": [-13.5, 8, 11]},
			"faces": {
				"north": {"uv": [5.5, 1, 6.5, 1.5], "texture": "#2"},
				"east": {"uv": [4.5, 1, 5.5, 1.5], "texture": "#2"},
				"south": {"uv": [7.5, 1, 8.5, 1.5], "texture": "#2"},
				"west": {"uv": [6.5, 1, 7.5, 1.5], "texture": "#2"},
				"up": {"uv": [6.5, 1, 5.5, 0], "texture": "#2"},
				"down": {"uv": [7.5, 0, 6.5, 1], "texture": "#2"}
			}
		},
		{
			"from": [20.75, 14.8, 15.75],
			"to": [24.75, 16.8, 19.75],
			"rotation": {"angle": 45, "axis": "y", "origin": [5.5, 22.9, 21]},
			"faces": {
				"north": {"uv": [5.5, 1, 6.5, 1.5], "texture": "#2"},
				"east": {"uv": [4.5, 1, 5.5, 1.5], "texture": "#2"},
				"south": {"uv": [7.5, 1, 8.5, 1.5], "texture": "#2"},
				"west": {"uv": [6.5, 1, 7.5, 1.5], "texture": "#2"},
				"up": {"uv": [6.5, 1, 5.5, 0], "texture": "#2"},
				"down": {"uv": [7.5, 0, 6.5, 1], "texture": "#2"}
			}
		},
		{
			"from": [8.25, 14.7, 14.75],
			"to": [12.25, 16.7, 18.75],
			"rotation": {"angle": 45, "axis": "y", "origin": [-7, 22.8, 20]},
			"faces": {
				"north": {"uv": [5.5, 1, 6.5, 1.5], "texture": "#2"},
				"east": {"uv": [4.5, 1, 5.5, 1.5], "texture": "#2"},
				"south": {"uv": [7.5, 1, 8.5, 1.5], "texture": "#2"},
				"west": {"uv": [6.5, 1, 7.5, 1.5], "texture": "#2"},
				"up": {"uv": [6.5, 1, 5.5, 0], "texture": "#2"},
				"down": {"uv": [7.5, 0, 6.5, 1], "texture": "#2"}
			}
		},
		{
			"from": [-5.75, 24, 5],
			"to": [2.25, 27.5, 11.75],
			"shade": false,
			"rotation": {"angle": 22.5, "axis": "x", "origin": [-4.75, 24.5, 6.5]},
			"faces": {
				"north": {"uv": [12.5, 1.5, 10.5, 2.25], "texture": "#3"},
				"east": {"uv": [14, 1.5, 12.5, 2.25], "texture": "#3"},
				"south": {"uv": [16, 1.5, 14, 2.25], "texture": "#3"},
				"west": {"uv": [10.5, 1.5, 9, 2.25], "texture": "#3"},
				"up": {"uv": [10.5, 1.5, 12.5, 0], "texture": "#3"},
				"down": {"uv": [12.5, 0, 14.5, 1.5], "texture": "#3"}
			}
		},
		{
			"from": [2.25, 24.25, 5],
			"to": [13.75, 28.5, 11.75],
			"shade": false,
			"rotation": {"angle": 22.5, "axis": "x", "origin": [3.25, 24.5, 6.5]},
			"faces": {
				"north": {"uv": [4.25, 8, 1.5, 9], "texture": "#3"},
				"east": {"uv": [5.75, 8, 4.25, 9], "texture": "#3"},
				"south": {"uv": [8.5, 8, 5.75, 9], "texture": "#3"},
				"west": {"uv": [1.5, 8, 0, 9], "texture": "#3"},
				"up": {"uv": [1.5, 8, 4.25, 6.5], "texture": "#3"},
				"down": {"uv": [4.25, 6.5, 7, 8], "texture": "#3"}
			}
		},
		{
			"from": [13.75, 24, 5],
			"to": [21.75, 27.5, 11.75],
			"rotation": {"angle": 22.5, "axis": "x", "origin": [20.75, 24.5, 6.5]},
			"faces": {
				"north": {"uv": [10.5, 1.5, 12.5, 2.25], "texture": "#3"},
				"east": {"uv": [9, 1.5, 10.5, 2.25], "texture": "#3"},
				"south": {"uv": [14, 1.5, 16, 2.25], "texture": "#3"},
				"west": {"uv": [12.5, 1.5, 14, 2.25], "texture": "#3"},
				"up": {"uv": [12.5, 1.5, 10.5, 0], "texture": "#3"},
				"down": {"uv": [14.5, 0, 12.5, 1.5], "texture": "#3"}
			}
		},
		{
			"from": [-7.25, 0, -1.25],
			"to": [8, 2.05, 17.25],
			"rotation": {"angle": 0, "axis": "y", "origin": [2, 8, 8]},
			"faces": {
				"north": {"uv": [4.5, 15.5, 8, 16], "texture": "#4"},
				"east": {"uv": [0, 15.5, 4.5, 16], "texture": "#4"},
				"south": {"uv": [12.5, 15.5, 16, 16], "texture": "#4"},
				"west": {"uv": [8, 15.5, 12.5, 16], "texture": "#4"},
				"up": {"uv": [8, 15.5, 4.5, 11], "texture": "#4"},
				"down": {"uv": [11.5, 11, 8, 15.5], "texture": "#4"}
			}
		},
		{
			"from": [8, 0, -1.25],
			"to": [23.25, 2.05, 17.25],
			"shade": false,
			"rotation": {"angle": 0, "axis": "y", "origin": [14, 8, 8]},
			"faces": {
				"north": {"uv": [8, 15.5, 4.5, 16], "texture": "#4"},
				"east": {"uv": [12.5, 15.5, 8, 16], "texture": "#4"},
				"south": {"uv": [16, 15.5, 12.5, 16], "texture": "#4"},
				"west": {"uv": [4.5, 15.5, 0, 16], "texture": "#4"},
				"up": {"uv": [4.5, 15.5, 8, 11], "texture": "#4"},
				"down": {"uv": [8, 11, 11.5, 15.5], "texture": "#4"}
			}
		},
		{
			"from": [8, 10.9, -1.25],
			"to": [23.25, 12.9, 17.25],
			"shade": false,
			"rotation": {"angle": 0, "axis": "y", "origin": [14, 19, 8]},
			"faces": {
				"north": {"uv": [8.25, 4.5, 4.5, 5], "texture": "#4"},
				"east": {"uv": [12.75, 4.5, 8.25, 5], "texture": "#4"},
				"south": {"uv": [16.5, 4.5, 12.75, 5], "texture": "#4"},
				"west": {"uv": [4.5, 4.5, 0, 5], "texture": "#4"},
				"up": {"uv": [4.5, 4.5, 8.25, 0], "texture": "#4"},
				"down": {"uv": [8.25, 0, 12, 4.5], "texture": "#4"}
			}
		},
		{
			"from": [-7.25, 10.9, -1.25],
			"to": [8, 12.9, 17.25],
			"rotation": {"angle": 0, "axis": "y", "origin": [2, 19, 8]},
			"faces": {
				"north": {"uv": [4.5, 4.5, 8.25, 5], "texture": "#4"},
				"east": {"uv": [0, 4.5, 4.5, 5], "texture": "#4"},
				"south": {"uv": [12.75, 4.5, 16.5, 5], "texture": "#4"},
				"west": {"uv": [8.25, 4.5, 12.75, 5], "texture": "#4"},
				"up": {"uv": [8.25, 4.5, 4.5, 0], "texture": "#4"},
				"down": {"uv": [12, 0, 8.25, 4.5], "texture": "#4"}
			}
		}
	],
	"display": {
		"thirdperson_righthand": {
			"scale": [0.3, 0.3, 0.3]
		},
		"thirdperson_lefthand": {
			"scale": [0.3, 0.3, 0.3]
		},
		"firstperson_righthand": {
			"rotation": [0, 114, 0],
			"scale": [0.4, 0.4, 0.4]
		},
		"firstperson_lefthand": {
			"rotation": [0, 114, 0],
			"scale": [0.4, 0.4, 0.4]
		},
		"ground": {
			"scale": [0.9, 0.9, 0.9]
		},
		"gui": {
			"rotation": [0, -180, 0],
			"translation": [0, -3, 0],
			"scale": [0.5, 0.5, 0.5]
		},
		"head": {
			"translation": [-0.25, -0.75, -0.25],
			"scale": [0.95, 0.95, 0.95]
		},
		"fixed": {
			"rotation": [-90, 0, 0],
			"translation": [0, 0, 11.5],
			"scale": [2.7, 2.7, 2.7]
		}
	},
	"groups": [
		{
			"name": "main",
			"origin": [8, 8, 8],
			"children": [0, 1, 2, 3, 4, 5, 6, 7, 8, 9, 10, 11, 12, 13, 14, 15, 16, 17, 18, 19, 20, 21, 22, 23, 24, 25, 26, 27, 28, 29, 30, 31, 32, 33, 34, 35, 36, 37, 38, 39, 40, 41, 42, 43, 44, 45, 46, 47, 48, 49, 50, 51, 52, 53, 54, 55, 56, 57, 58, 59, 60, 61, 62, 63, 64, 65, 66, 67, 68, 69, 70, 71, 72, 73, 74, 75, 76, 77, 78, 79, 80, 81, 82, 83, 84, 85]
		}
	]
}