{
	"credit": "Made with Blockbench",
	"textures": {
		"0": "custom/pink_concrete_powder",
		"1": "custom/yellow_concrete_powder",
		"2": "custom/light_blue_concrete_powder",
		"3": "custom/white_concrete",
		"4": "custom/light_blue_terracotta",
		"6": "custom/light_blue_concrete",
		"8": "custom/bone_block_side",
		"9": "custom/black_wool",
		"particle": "custom/pink_concrete_powder"
	},
	"elements": [
		{
			"from": [0.5, 7, 0.75],
			"to": [15.5, 17, 15.25],
			"rotation": {"angle": 0, "axis": "y", "origin": [9.5, 12, 8]},
			"faces": {
				"north": {"uv": [0, 0, 15, 10], "texture": "#8"},
				"east": {"uv": [0, 0, 14.5, 10], "texture": "#8"},
				"south": {"uv": [0, 0, 15, 10], "texture": "#8"},
				"west": {"uv": [0, 0, 14.5, 10], "texture": "#8"},
				"up": {"uv": [0, 0, 15, 14.5], "texture": "#8"},
				"down": {"uv": [0, 0, 15, 14.5], "texture": "#8"}
			}
		},
		{
			"from": [6.5, 17.5, 2],
			"to": [9.5, 21, 5],
			"rotation": {"angle": 0, "axis": "y", "origin": [13.5, 12, 8]},
			"faces": {
				"north": {"uv": [0, 0, 3, 3.5], "texture": "#3"},
				"east": {"uv": [0, 0, 3, 3.5], "texture": "#3"},
				"south": {"uv": [0, 0, 3, 3.5], "texture": "#3"},
				"west": {"uv": [0, 0, 3, 3.5], "texture": "#3"},
				"up": {"uv": [0, 0, 3, 3], "texture": "#3"},
				"down": {"uv": [0, 0, 3, 3], "texture": "#3"}
			}
		},
		{
			"from": [6.75, 19.75, 1],
			"to": [9.25, 23, 3.75],
			"rotation": {"angle": 0, "axis": "y", "origin": [13.5, 12, 8]},
			"faces": {
				"north": {"uv": [0, 0, 2.5, 3.25], "texture": "#3"},
				"east": {"uv": [0, 0, 2.75, 3.25], "texture": "#3"},
				"south": {"uv": [0, 0, 2.5, 3.25], "texture": "#3"},
				"west": {"uv": [0, 0, 2.75, 3.25], "texture": "#3"},
				"up": {"uv": [0, 0, 2.5, 2.75], "texture": "#3"},
				"down": {"uv": [0, 0, 2.5, 2.75], "texture": "#3"}
			}
		},
		{
			"from": [7, 22, -0.25],
			"to": [9, 25, 2.25],
			"rotation": {"angle": 0, "axis": "y", "origin": [13.5, 12, 8]},
			"faces": {
				"north": {"uv": [0, 0, 2, 3], "texture": "#3"},
				"east": {"uv": [0, 0, 2.5, 3], "texture": "#3"},
				"south": {"uv": [0, 0, 2, 3], "texture": "#3"},
				"west": {"uv": [0, 0, 2.5, 3], "texture": "#3"},
				"up": {"uv": [0, 0, 2, 2.5], "texture": "#3"},
				"down": {"uv": [0, 0, 2, 2.5], "texture": "#3"}
			}
		},
		{
			"from": [7.25, 23.75, -1.25],
			"to": [8.75, 26.5, 1],
			"rotation": {"angle": 0, "axis": "y", "origin": [13.5, 12, 8]},
			"faces": {
				"north": {"uv": [0, 0, 1.5, 2.75], "texture": "#3"},
				"east": {"uv": [0, 0, 2.25, 2.75], "texture": "#3"},
				"south": {"uv": [0, 0, 1.5, 2.75], "texture": "#3"},
				"west": {"uv": [0, 0, 2.25, 2.75], "texture": "#3"},
				"up": {"uv": [0, 0, 1.5, 2.25], "texture": "#3"},
				"down": {"uv": [0, 0, 1.5, 2.25], "texture": "#3"}
			}
		},
		{
			"from": [7.5, 25.25, -2],
			"to": [8.5, 28.25, 0],
			"rotation": {"angle": 0, "axis": "y", "origin": [13.5, 12, 8]},
			"faces": {
				"north": {"uv": [0, 0, 1, 3], "texture": "#3"},
				"east": {"uv": [0, 0, 2, 3], "texture": "#3"},
				"south": {"uv": [0, 0, 1, 3], "texture": "#3"},
				"west": {"uv": [0, 0, 2, 3], "texture": "#3"},
				"up": {"uv": [0, 0, 1, 2], "texture": "#3"},
				"down": {"uv": [0, 0, 1, 2], "texture": "#3"}
			}
		},
		{
			"from": [2.5, 7.75, -2],
			"to": [13.5, 10.25, 1],
			"rotation": {"angle": 0, "axis": "y", "origin": [15.5, 12, 8]},
			"faces": {
				"north": {"uv": [0, 0, 11, 2.5], "texture": "#4"},
				"east": {"uv": [0, 0, 3, 2.5], "texture": "#4"},
				"south": {"uv": [0, 0, 11, 2.5], "texture": "#4"},
				"west": {"uv": [0, 0, 3, 2.5], "texture": "#4"},
				"up": {"uv": [0, 0, 11, 3], "texture": "#4"},
				"down": {"uv": [0, 0, 11, 3], "texture": "#4"}
			}
		},
		{
			"from": [2.25, 10.25, -3],
			"to": [13.75, 13.75, 1],
			"rotation": {"angle": 0, "axis": "y", "origin": [15.5, 12, 8]},
			"faces": {
				"north": {"uv": [0, 0, 11.5, 3.5], "texture": "#4"},
				"east": {"uv": [0, 0, 4, 3.5], "texture": "#4"},
				"south": {"uv": [0, 0, 11.5, 3.5], "texture": "#4"},
				"west": {"uv": [0, 0, 4, 3.5], "texture": "#4"},
				"up": {"uv": [0, 0, 11.5, 4], "texture": "#4"},
				"down": {"uv": [0, 0, 11.5, 4], "texture": "#4"}
			}
		},
		{
			"from": [15, 11.5, 3.5],
			"to": [16, 14.5, 6.5],
			"rotation": {"angle": 0, "axis": "y", "origin": [8, 12, 8]},
			"faces": {
				"north": {"uv": [0, 0, 1, 3], "texture": "#9"},
				"east": {"uv": [0, 0, 3, 3], "texture": "#9"},
				"south": {"uv": [0, 0, 1, 3], "texture": "#9"},
				"west": {"uv": [0, 0, 3, 3], "texture": "#9"},
				"up": {"uv": [0, 0, 1, 3], "texture": "#9"},
				"down": {"uv": [0, 0, 1, 3], "texture": "#9"}
			}
		},
		{
			"from": [0, 11.5, 3.5],
			"to": [1, 14.5, 6.5],
			"rotation": {"angle": 0, "axis": "y", "origin": [8, 12, 8]},
			"faces": {
				"north": {"uv": [1, 0, 2, 3], "texture": "#9"},
				"east": {"uv": [2, 0, 5, 3], "texture": "#9"},
				"south": {"uv": [1, 0, 2, 3], "texture": "#9"},
				"west": {"uv": [2, 0, 5, 3], "texture": "#9"},
				"up": {"uv": [1, 0, 2, 3], "texture": "#9"},
				"down": {"uv": [1, 0, 2, 3], "texture": "#9"}
			}
		},
		{
			"from": [12, 12.5, -3.25],
			"to": [14, 14.5, -1.25],
			"rotation": {"angle": 0, "axis": "y", "origin": [8, 12, 8]},
			"faces": {
				"north": {"uv": [0, 0, 2, 2], "texture": "#6"},
				"east": {"uv": [0, 0, 2, 2], "texture": "#6"},
				"south": {"uv": [0, 0, 2, 2], "texture": "#6"},
				"west": {"uv": [0, 0, 2, 2], "texture": "#6"},
				"up": {"uv": [0, 0, 2, 2], "texture": "#6"},
				"down": {"uv": [0, 0, 2, 2], "texture": "#6"}
			}
		},
		{
			"from": [2, 12.5, -3.25],
			"to": [4, 14.5, -1.25],
			"rotation": {"angle": 0, "axis": "y", "origin": [8, 12, 8]},
			"faces": {
				"north": {"uv": [2, 0, 4, 2], "texture": "#6"},
				"east": {"uv": [2, 0, 4, 2], "texture": "#6"},
				"south": {"uv": [2, 0, 4, 2], "texture": "#6"},
				"west": {"uv": [2, 0, 4, 2], "texture": "#6"},
				"up": {"uv": [2, 0, 4, 2], "texture": "#6"},
				"down": {"uv": [2, 0, 4, 2], "texture": "#6"}
			}
		},
		{
			"from": [0, 15.5, 11.75],
			"to": [2, 20, 14.5],
			"rotation": {"angle": 22.5, "axis": "z", "origin": [1, 17, 13]},
			"faces": {
				"north": {"uv": [0, 0, 2, 4.5], "texture": "#8"},
				"east": {"uv": [0, 0, 2.75, 4.5], "texture": "#8"},
				"south": {"uv": [0, 0, 2, 4.5], "texture": "#8"},
				"west": {"uv": [0, 0, 2.75, 4.5], "texture": "#8"},
				"up": {"uv": [0, 0, 2, 2.75], "texture": "#8"},
				"down": {"uv": [0, 0, 2, 2.75], "texture": "#8"}
			}
		},
		{
			"from": [14, 15.5, 11.75],
			"to": [16, 20, 14.5],
			"rotation": {"angle": -22.5, "axis": "z", "origin": [15, 17, 13]},
			"faces": {
				"north": {"uv": [1.75, 0, 3.75, 4.5], "texture": "#8"},
				"east": {"uv": [2.75, 0, 5.5, 4.5], "texture": "#8"},
				"south": {"uv": [1.75, 0, 3.75, 4.5], "texture": "#8"},
				"west": {"uv": [2.75, 0, 5.5, 4.5], "texture": "#8"},
				"up": {"uv": [1.75, 0, 3.75, 2.75], "texture": "#8"},
				"down": {"uv": [1.75, 0, 3.75, 2.75], "texture": "#8"}
			}
		},
		{
			"from": [2.5, 17, -1.75],
			"to": [13.5, 19.25, 17.5],
			"rotation": {"angle": 0, "axis": "y", "origin": [8, 12, 8]},
			"faces": {
				"north": {"uv": [0, 0, 11, 2.25], "texture": "#2"},
				"east": {"uv": [0, 0, 16, 2.25], "texture": "#2"},
				"south": {"uv": [0, 0, 11, 2.25], "texture": "#2"},
				"west": {"uv": [0, 0, 16, 2.25], "texture": "#2"},
				"up": {"uv": [0, 0, 11, 16], "texture": "#2"},
				"down": {"uv": [0, 0, 11, 16], "texture": "#2"}
			}
		},
		{
			"from": [2.5, 19.25, -1.75],
			"to": [13.5, 21.75, 0.75],
			"rotation": {"angle": 0, "axis": "y", "origin": [8, 12, 8]},
			"faces": {
				"north": {"uv": [0, 0, 11, 2.5], "texture": "#1"},
				"east": {"uv": [0, 0, 2.5, 2.5], "texture": "#1"},
				"south": {"uv": [0, 0, 11, 2.5], "texture": "#1"},
				"west": {"uv": [0, 0, 2.5, 2.5], "texture": "#1"},
				"up": {"uv": [0, 0, 11, 2.5], "texture": "#1"},
				"down": {"uv": [0, 0, 11, 2.5], "texture": "#1"}
			}
		},
		{
			"from": [2.5, 20.25, 0.75],
			"to": [13.5, 21.75, 2.25],
			"rotation": {"angle": 0, "axis": "y", "origin": [8, 12, 8]},
			"faces": {
				"north": {"uv": [0, 0, 11, 1.5], "texture": "#1"},
				"east": {"uv": [0, 0, 1.5, 1.5], "texture": "#1"},
				"south": {"uv": [0, 0, 11, 1.5], "texture": "#1"},
				"west": {"uv": [0, 0, 1.5, 1.5], "texture": "#1"},
				"up": {"uv": [0, 0, 11, 1.5], "texture": "#1"},
				"down": {"uv": [0, 0, 11, 1.5], "texture": "#1"}
			}
		},
		{
			"from": [-0.25, 1, 12.5],
			"to": [16.25, 17.25, 18.25],
			"rotation": {"angle": 0, "axis": "y", "origin": [8, 12, 8]},
			"faces": {
				"north": {"uv": [0, 0, 16, 16], "texture": "#0"},
				"east": {"uv": [0, 0, 4.75, 16], "texture": "#0"},
				"south": {"uv": [0, 0, 16, 16], "texture": "#0"},
				"west": {"uv": [0, 0, 4.75, 16], "texture": "#0"},
				"up": {"uv": [0, 0, 16, 2.75], "texture": "#0"},
				"down": {"uv": [0, 0, 15.75, 6], "texture": "#0"}
			}
		},
		{
			"from": [-0.25, 1, 18.2],
			"to": [16.25, 6, 25],
			"rotation": {"angle": 0, "axis": "y", "origin": [8, 12, 8]},
			"faces": {
				"north": {"uv": [0, 0, 16, 5], "texture": "#1"},
				"east": {"uv": [0, 0, 7, 5], "texture": "#1"},
				"south": {"uv": [0, 0, 16, 5], "texture": "#1"},
				"west": {"uv": [0, 0, 7, 5], "texture": "#1"},
				"up": {"uv": [0, 0, 16, 7], "texture": "#1"},
				"down": {"uv": [0, 0, 16, 7], "texture": "#1"}
			}
		},
		{
			"from": [-0.25, 6, 22],
			"to": [16.25, 8, 25],
			"rotation": {"angle": 0, "axis": "y", "origin": [8, 12, 8]},
			"faces": {
				"north": {"uv": [0, 0, 16, 2], "texture": "#1"},
				"east": {"uv": [0, 0, 3, 2], "texture": "#1"},
				"south": {"uv": [0, 0, 16, 2], "texture": "#1"},
				"west": {"uv": [0, 0, 3, 2], "texture": "#1"},
				"up": {"uv": [0, 0, 16, 3], "texture": "#1"},
				"down": {"uv": [0, 0, 16, 3], "texture": "#1"}
			}
		},
		{
			"from": [-0.25, 8, 19],
			"to": [16.25, 10, 25],
			"rotation": {"angle": 0, "axis": "y", "origin": [8, 12, 8]},
			"faces": {
				"north": {"uv": [0, 0, 16, 2], "texture": "#1"},
				"east": {"uv": [0, 0, 6, 2], "texture": "#1"},
				"south": {"uv": [0, 0, 16, 2], "texture": "#1"},
				"west": {"uv": [0, 0, 6, 2], "texture": "#1"},
				"up": {"uv": [0, 0, 16, 6], "texture": "#1"},
				"down": {"uv": [0, 0, 16, 6], "texture": "#1"}
			}
		}
	],
	"display": {
		"thirdperson_righthand": {
			"scale": [0.5, 0.5, 0.5]
		},
		"thirdperson_lefthand": {
			"scale": [0.5, 0.5, 0.5]
		},
		"firstperson_righthand": {
			"scale": [0.5, 0.5, 0.5]
		},
		"firstperson_lefthand": {
			"scale": [0.5, 0.5, 0.5]
		},
		"ground": {
			"scale": [0.5, 0.5, 0.5]
		},
		"gui": {
			"rotation": [0, 139.75, 0],
			"translation": [-1.5, -2.75, 0],
			"scale": [0.5, 0.5, 0.5]
		},
		"head": {
			"translation": [0, -1.25, 0]
		},
		"fixed": {
			"translation": [0, -5.25, 0]
		}
	},
	"groups": [
		{
			"name": "Main",
			"origin": [8, 8, 8],
			"children": [
				{
					"name": "head",
					"origin": [8, 8, 8],
					"children": [0, 1, 2, 3, 4, 5, 6, 7, 8, 9, 10, 11, 12, 13]
				},
				{
					"name": "hair",
					"origin": [8, 8, 8],
					"children": [14, 15, 16, 17, 18, 19, 20]
				}
			]
		}
	]
}