{
	"credit": "Made with Blockbench",
	"texture_size": [32, 32],
	"textures": {
		"0": "easter21_crate/carrotpickaxe",
		"particle": "easter21_crate/carrotpickaxe"
	},
	"elements": [
		{
			"from": [7.5, 1, 7.5],
			"to": [8.5, 13, 8.5],
			"rotation": {"angle": 0, "axis": "y", "origin": [0, 1, 0]},
			"faces": {
				"north": {"uv": [0, 2.5, 0.5, 8.5], "texture": "#0"},
				"east": {"uv": [0, 2.5, 0.5, 8.5], "texture": "#0"},
				"south": {"uv": [0, 2.5, 0.5, 8.5], "texture": "#0"},
				"west": {"uv": [0, 2.5, 0.5, 8.5], "texture": "#0"},
				"up": {"uv": [7, 3, 6.5, 2.5], "texture": "#0"},
				"down": {"uv": [4, 6.5, 3.5, 7], "texture": "#0"}
			}
		},
		{
			"from": [7, 13, 7],
			"to": [9, 15.5, 9],
			"rotation": {"angle": 0, "axis": "y", "origin": [0, 1, 0]},
			"faces": {
				"north": {"uv": [4, 5.5, 5, 6.75], "texture": "#0"},
				"east": {"uv": [4, 5.5, 5, 6.75], "texture": "#0"},
				"south": {"uv": [4, 5.5, 5, 6.75], "texture": "#0"},
				"west": {"uv": [4, 5.5, 5, 6.75], "texture": "#0"},
				"up": {"uv": [3, 8.5, 2, 7.5], "texture": "#0"},
				"down": {"uv": [5.5, 7.5, 4.5, 8.5], "texture": "#0"}
			}
		},
		{
			"from": [7.25, 15.5, 7.25],
			"to": [8.75, 16, 8.75],
			"rotation": {"angle": 0, "axis": "y", "origin": [0, 1, 0]},
			"faces": {
				"north": {"uv": [11, 2.5, 11.75, 2.75], "texture": "#0"},
				"east": {"uv": [11, 3, 11.75, 3.25], "texture": "#0"},
				"south": {"uv": [11, 3.5, 11.75, 3.75], "texture": "#0"},
				"west": {"uv": [11, 4, 11.75, 4.25], "texture": "#0"},
				"up": {"uv": [9.25, 9.75, 8.5, 9], "texture": "#0"},
				"down": {"uv": [0.75, 9.5, 0, 10.25], "texture": "#0"}
			}
		},
		{
			"from": [7.2, 12.75, 7.2],
			"to": [8.8, 13, 8.8],
			"rotation": {"angle": 0, "axis": "y", "origin": [0, 1, 0]},
			"faces": {
				"north": {"uv": [4.5, 11, 5.25, 11.25], "texture": "#0"},
				"east": {"uv": [11, 4.5, 11.75, 4.75], "texture": "#0"},
				"south": {"uv": [11, 5, 11.75, 5.25], "texture": "#0"},
				"west": {"uv": [5.5, 11, 6.25, 11.25], "texture": "#0"},
				"up": {"uv": [10.25, 0.75, 9.5, 0], "texture": "#0"},
				"down": {"uv": [1.75, 9.5, 1, 10.25], "texture": "#0"}
			}
		},
		{
			"from": [6, 0, 7],
			"to": [8, 2, 9],
			"rotation": {"angle": 45, "axis": "z", "origin": [8, 2, 6.5]},
			"faces": {
				"north": {"uv": [5.5, 7.5, 6.5, 8.5], "texture": "#0"},
				"east": {"uv": [8, 1, 9, 2], "texture": "#0"},
				"south": {"uv": [8, 3.5, 9, 4.5], "texture": "#0"},
				"west": {"uv": [8, 4.5, 9, 5.5], "texture": "#0"},
				"up": {"uv": [9, 6.5, 8, 5.5], "texture": "#0"},
				"down": {"uv": [7.5, 8, 6.5, 9], "texture": "#0"}
			}
		},
		{
			"from": [8.8, 13.55, 7.2],
			"to": [12.6, 15.15, 8.8],
			"rotation": {"angle": 0, "axis": "y", "origin": [14.4, 0.8, 1.6]},
			"faces": {
				"north": {"uv": [5, 3, 7, 3.75], "texture": "#0"},
				"east": {"uv": [2, 9.5, 2.75, 10.25], "texture": "#0"},
				"south": {"uv": [5, 4, 7, 4.75], "texture": "#0"},
				"west": {"uv": [3.5, 9.5, 4.25, 10.25], "texture": "#0"},
				"up": {"uv": [7, 5.75, 5, 5], "texture": "#0"},
				"down": {"uv": [4, 5.5, 2, 6.25], "texture": "#0"}
			}
		},
		{
			"from": [12.56, 13.75, 7.4],
			"to": [14.96, 14.95, 8.6],
			"rotation": {"angle": 0, "axis": "y", "origin": [14.4, 0.8, 1.6]},
			"faces": {
				"north": {"uv": [2, 5, 3.25, 5.5], "texture": "#0"},
				"east": {"uv": [4.5, 7, 5, 7.5], "texture": "#0"},
				"south": {"uv": [9, 1.5, 10.25, 2], "texture": "#0"},
				"west": {"uv": [6.5, 7.5, 7, 8], "texture": "#0"},
				"up": {"uv": [4.75, 9.5, 3.5, 9], "texture": "#0"},
				"down": {"uv": [10.25, 3.5, 9, 4], "texture": "#0"}
			}
		},
		{
			"from": [14.96, 13.95, 7.6],
			"to": [16.96, 14.75, 8.4],
			"rotation": {"angle": 0, "axis": "y", "origin": [14.4, 0.8, 1.6]},
			"faces": {
				"north": {"uv": [7, 1, 8, 1.5], "texture": "#0"},
				"east": {"uv": [10.5, 0.5, 11, 1], "texture": "#0"},
				"south": {"uv": [9, 7, 10, 7.5], "texture": "#0"},
				"west": {"uv": [10.5, 1.5, 11, 2], "texture": "#0"},
				"up": {"uv": [10.5, 4.5, 9.5, 4], "texture": "#0"},
				"down": {"uv": [10.5, 4.5, 9.5, 5], "texture": "#0"}
			}
		},
		{
			"from": [9.6, 13.35, 7],
			"to": [11.4, 15.35, 9],
			"rotation": {"angle": 0, "axis": "y", "origin": [14.4, 0.8, 1.6]},
			"faces": {
				"north": {"uv": [8, 6.5, 9, 7.5], "texture": "#0"},
				"east": {"uv": [7.5, 8, 8.5, 9], "texture": "#0"},
				"south": {"uv": [0, 8.5, 1, 9.5], "texture": "#0"},
				"west": {"uv": [8.5, 0, 9.5, 1], "texture": "#0"},
				"up": {"uv": [2, 9.5, 1, 8.5], "texture": "#0"},
				"down": {"uv": [3, 8.5, 2, 9.5], "texture": "#0"}
			}
		},
		{
			"from": [7.53, 15.102, 7.53],
			"to": [8.47, 16.982, 8.47],
			"rotation": {"angle": 0, "axis": "y", "origin": [7.3185, 13.41, 7.53]},
			"faces": {
				"north": {"uv": [4.5, 1.5, 5, 2.5], "texture": "#0"},
				"east": {"uv": [3, 7.5, 3.5, 8.5], "texture": "#0"},
				"south": {"uv": [4.5, 9.5, 5, 10.5], "texture": "#0"},
				"west": {"uv": [9.5, 5, 10, 6], "texture": "#0"},
				"up": {"uv": [5, 11, 4.5, 10.5], "texture": "#0"},
				"down": {"uv": [5.5, 10.5, 5, 11], "texture": "#0"}
			}
		},
		{
			"from": [6.30748, 16.888, 7.624],
			"to": [7.05948, 18.768, 8.376],
			"rotation": {"angle": -22.5, "axis": "z", "origin": [7.24748, 13.41, 7.53]},
			"faces": {
				"north": {"uv": [9.5, 6, 10, 7], "texture": "#0"},
				"east": {"uv": [9.5, 9, 10, 10], "texture": "#0"},
				"south": {"uv": [10, 5, 10.5, 6], "texture": "#0"},
				"west": {"uv": [10, 6, 10.5, 7], "texture": "#0"},
				"up": {"uv": [11, 5.5, 10.5, 5], "texture": "#0"},
				"down": {"uv": [6, 10.5, 5.5, 11], "texture": "#0"}
			}
		},
		{
			"from": [10.10978, 17.2405, 7.624],
			"to": [10.86178, 19.1205, 8.376],
			"rotation": {"angle": 45, "axis": "z", "origin": [9.92178, 13.7625, 7.53]},
			"faces": {
				"north": {"uv": [10, 7, 10.5, 8], "texture": "#0"},
				"east": {"uv": [8.5, 10, 9, 11], "texture": "#0"},
				"south": {"uv": [9, 10, 9.5, 11], "texture": "#0"},
				"west": {"uv": [10, 9, 10.5, 10], "texture": "#0"},
				"up": {"uv": [11, 6, 10.5, 5.5], "texture": "#0"},
				"down": {"uv": [6.5, 10.5, 6, 11], "texture": "#0"}
			}
		},
		{
			"from": [10.34948, 17.2875, 7.718],
			"to": [12.22948, 17.8515, 8.282],
			"rotation": {"angle": 22.5, "axis": "z", "origin": [7.24748, 13.5275, 7.53]},
			"faces": {
				"north": {"uv": [10.5, 6, 11.5, 6.25], "texture": "#0"},
				"east": {"uv": [11.5, 10.5, 11.75, 10.75], "texture": "#0"},
				"south": {"uv": [6.5, 10.5, 7.5, 10.75], "texture": "#0"},
				"west": {"uv": [11, 11.5, 11.25, 11.75], "texture": "#0"},
				"up": {"uv": [11.5, 6.75, 10.5, 6.5], "texture": "#0"},
				"down": {"uv": [11.5, 7, 10.5, 7.25], "texture": "#0"}
			}
		},
		{
			"from": [4.93978, 17.64, 7.718],
			"to": [6.81978, 18.204, 8.282],
			"rotation": {"angle": 0, "axis": "z", "origin": [9.92178, 13.88, 7.53]},
			"faces": {
				"north": {"uv": [7.5, 10.5, 8.5, 10.75], "texture": "#0"},
				"east": {"uv": [11.5, 11, 11.75, 11.25], "texture": "#0"},
				"south": {"uv": [10.5, 7.5, 11.5, 7.75], "texture": "#0"},
				"west": {"uv": [11.5, 11.5, 11.75, 11.75], "texture": "#0"},
				"up": {"uv": [11.5, 8.25, 10.5, 8], "texture": "#0"},
				"down": {"uv": [11.5, 8.5, 10.5, 8.75], "texture": "#0"}
			}
		},
		{
			"from": [5.06198, 19.2145, 7.812],
			"to": [6.70698, 19.5905, 8.188],
			"rotation": {"angle": -45, "axis": "z", "origin": [7.41198, 13.2925, 7.53]},
			"faces": {
				"north": {"uv": [11, 5.5, 11.75, 5.75], "texture": "#0"},
				"east": {"uv": [0, 12, 0.25, 12.25], "texture": "#0"},
				"south": {"uv": [6.5, 11, 7.25, 11.25], "texture": "#0"},
				"west": {"uv": [12, 0, 12.25, 0.25], "texture": "#0"},
				"up": {"uv": [8.25, 11.25, 7.5, 11], "texture": "#0"},
				"down": {"uv": [9.25, 11, 8.5, 11.25], "texture": "#0"}
			}
		},
		{
			"from": [3.45928, 14.35, 7.812],
			"to": [3.83528, 15.995, 8.188],
			"rotation": {"angle": -22.5, "axis": "z", "origin": [9.75728, 13.645, 7.53]},
			"faces": {
				"north": {"uv": [3, 11, 3.25, 11.75], "texture": "#0"},
				"east": {"uv": [11, 9, 11.25, 9.75], "texture": "#0"},
				"south": {"uv": [9.5, 11, 9.75, 11.75], "texture": "#0"},
				"west": {"uv": [10, 11, 10.25, 11.75], "texture": "#0"},
				"up": {"uv": [0.75, 12.25, 0.5, 12], "texture": "#0"},
				"down": {"uv": [12.25, 0.5, 12, 0.75], "texture": "#0"}
			}
		},
		{
			"from": [11.03098, 17.3345, 7.859],
			"to": [11.31298, 18.2745, 8.141],
			"rotation": {"angle": 0, "axis": "z", "origin": [7.41198, 13.2925, 7.53]},
			"faces": {
				"north": {"uv": [11, 11, 11.25, 11.5], "texture": "#0"},
				"east": {"uv": [0, 11.5, 0.25, 12], "texture": "#0"},
				"south": {"uv": [11.5, 0, 11.75, 0.5], "texture": "#0"},
				"west": {"uv": [0.5, 11.5, 0.75, 12], "texture": "#0"},
				"up": {"uv": [12.25, 1.25, 12, 1], "texture": "#0"},
				"down": {"uv": [12.25, 1.5, 12, 1.75], "texture": "#0"}
			}
		},
		{
			"from": [4.57612, 9.61732, 6.5],
			"to": [7.07612, 14.11732, 9.5],
			"rotation": {"angle": 0, "axis": "z", "origin": [7.5, 10, 6.5]},
			"faces": {
				"north": {"uv": [2, 2.5, 3.25, 4.75], "texture": "#0"},
				"east": {"uv": [0, 0, 1.5, 2.25], "texture": "#0"},
				"south": {"uv": [3, 0, 4.25, 2.25], "texture": "#0"},
				"west": {"uv": [1.5, 0, 3, 2.25], "texture": "#0"},
				"up": {"uv": [4.75, 4, 3.5, 2.5], "texture": "#0"},
				"down": {"uv": [4.75, 4, 3.5, 5.5], "texture": "#0"}
			}
		},
		{
			"from": [5.82612, 8.61732, 7.5],
			"to": [6.82612, 9.61732, 8.5],
			"rotation": {"angle": 0, "axis": "z", "origin": [7.5, 10, 6.5]},
			"faces": {
				"north": {"uv": [10.5, 9, 11, 9.5], "texture": "#0"},
				"east": {"uv": [9.5, 10.5, 10, 11], "texture": "#0"},
				"south": {"uv": [10.5, 9.5, 11, 10], "texture": "#0"},
				"west": {"uv": [10, 10.5, 10.5, 11], "texture": "#0"},
				"up": {"uv": [11, 10.5, 10.5, 10], "texture": "#0"},
				"down": {"uv": [11, 10.5, 10.5, 11], "texture": "#0"}
			}
		},
		{
			"from": [7.54716, 14.47344, 6.75],
			"to": [10.04716, 16.47344, 9.25],
			"rotation": {"angle": 45, "axis": "z", "origin": [7.5, 10, 6.5]},
			"faces": {
				"north": {"uv": [6.5, 1.5, 7.75, 2.5], "texture": "#0"},
				"east": {"uv": [2, 6.5, 3.25, 7.5], "texture": "#0"},
				"south": {"uv": [7, 0, 8.25, 1], "texture": "#0"},
				"west": {"uv": [7, 2.5, 8.25, 3.5], "texture": "#0"},
				"up": {"uv": [5.75, 1.25, 4.5, 0], "texture": "#0"},
				"down": {"uv": [6.25, 1.5, 5, 2.75], "texture": "#0"}
			}
		},
		{
			"from": [10.04716, 15.22344, 7.75],
			"to": [10.54716, 15.72344, 8.25],
			"rotation": {"angle": 45, "axis": "z", "origin": [7.5, 10, 6.5]},
			"faces": {
				"north": {"uv": [3, 12, 3.25, 12.25], "texture": "#0"},
				"east": {"uv": [12, 3, 12.25, 3.25], "texture": "#0"},
				"south": {"uv": [3.5, 12, 3.75, 12.25], "texture": "#0"},
				"west": {"uv": [12, 3.5, 12.25, 3.75], "texture": "#0"},
				"up": {"uv": [4.25, 12.25, 4, 12], "texture": "#0"},
				"down": {"uv": [12.25, 4, 12, 4.25], "texture": "#0"}
			}
		},
		{
			"from": [7.54716, 16.32226, 8.50127],
			"to": [8.04716, 18.82226, 9.50127],
			"rotation": {"angle": 45, "axis": "z", "origin": [7.5, 10, 6.5]},
			"faces": {
				"north": {"uv": [10.5, 3.5, 10.75, 4.75], "texture": "#0"},
				"east": {"uv": [9, 4, 9.5, 5.25], "texture": "#0"},
				"south": {"uv": [4, 10.5, 4.25, 11.75], "texture": "#0"},
				"west": {"uv": [9, 5.5, 9.5, 6.75], "texture": "#0"},
				"up": {"uv": [6.75, 12, 6.5, 11.5], "texture": "#0"},
				"down": {"uv": [11.75, 6.5, 11.5, 7], "texture": "#0"}
			}
		},
		{
			"from": [7.54716, 16.32226, 6.49873],
			"to": [8.04716, 18.82226, 7.49873],
			"rotation": {"angle": 45, "axis": "z", "origin": [7.5, 10, 9.5]},
			"faces": {
				"north": {"uv": [4.25, 10.5, 4, 11.75], "texture": "#0"},
				"east": {"uv": [9.5, 4, 9, 5.25], "texture": "#0"},
				"south": {"uv": [10.75, 3.5, 10.5, 4.75], "texture": "#0"},
				"west": {"uv": [9.5, 5.5, 9, 6.75], "texture": "#0"},
				"up": {"uv": [6.75, 11.5, 6.5, 12], "texture": "#0"},
				"down": {"uv": [11.75, 7, 11.5, 6.5], "texture": "#0"}
			}
		},
		{
			"from": [7.914, 9.2375, 6],
			"to": [8.414, 12.7375, 7],
			"rotation": {"angle": -22.5, "axis": "z", "origin": [7.5, 10, 6.5]},
			"faces": {
				"north": {"uv": [1, 10.5, 1.25, 12.25], "texture": "#0"},
				"east": {"uv": [5, 8.5, 5.5, 10.25], "texture": "#0"},
				"south": {"uv": [1.5, 10.5, 1.75, 12.25], "texture": "#0"},
				"west": {"uv": [5.5, 8.5, 6, 10.25], "texture": "#0"},
				"up": {"uv": [7.25, 12, 7, 11.5], "texture": "#0"},
				"down": {"uv": [11.75, 7, 11.5, 7.5], "texture": "#0"}
			}
		},
		{
			"from": [5.47788, 9.20048, 6],
			"to": [7.47788, 11.70048, 7],
			"rotation": {"angle": -22.5, "axis": "z", "origin": [7.5, 10, 6.5]},
			"faces": {
				"north": {"uv": [3.5, 7, 4.5, 8.25], "texture": "#0"},
				"east": {"uv": [6.5, 9, 7, 10.25], "texture": "#0"},
				"south": {"uv": [7, 3.5, 8, 4.75], "texture": "#0"},
				"west": {"uv": [7, 9, 7.5, 10.25], "texture": "#0"},
				"up": {"uv": [11, 2.5, 10, 2], "texture": "#0"},
				"down": {"uv": [10.5, 10, 9.5, 10.5], "texture": "#0"}
			}
		},
		{
			"from": [7.47788, 9.20048, 6.25],
			"to": [7.97788, 10.20048, 6.75],
			"rotation": {"angle": -22.5, "axis": "z", "origin": [7.5, 10, 6.5]},
			"faces": {
				"north": {"uv": [7.5, 11.5, 7.75, 12], "texture": "#0"},
				"east": {"uv": [11.5, 7.5, 11.75, 8], "texture": "#0"},
				"south": {"uv": [8, 11.5, 8.25, 12], "texture": "#0"},
				"west": {"uv": [11.5, 8, 11.75, 8.5], "texture": "#0"},
				"up": {"uv": [4.75, 12.25, 4.5, 12], "texture": "#0"},
				"down": {"uv": [12.25, 4.5, 12, 4.75], "texture": "#0"}
			}
		},
		{
			"from": [7.914, 9.2375, 9],
			"to": [8.414, 12.7375, 10],
			"rotation": {"angle": -22.5, "axis": "z", "origin": [7.5, 10, 6.5]},
			"faces": {
				"north": {"uv": [2, 10.5, 2.25, 12.25], "texture": "#0"},
				"east": {"uv": [6, 8.5, 6.5, 10.25], "texture": "#0"},
				"south": {"uv": [2.5, 10.5, 2.75, 12.25], "texture": "#0"},
				"west": {"uv": [3, 9, 3.5, 10.75], "texture": "#0"},
				"up": {"uv": [8.75, 12, 8.5, 11.5], "texture": "#0"},
				"down": {"uv": [11.75, 8.5, 11.5, 9], "texture": "#0"}
			}
		},
		{
			"from": [5.47788, 9.20048, 9],
			"to": [7.47788, 11.70048, 10],
			"rotation": {"angle": -22.5, "axis": "z", "origin": [7.5, 10, 6.5]},
			"faces": {
				"north": {"uv": [7, 5, 8, 6.25], "texture": "#0"},
				"east": {"uv": [7.5, 9, 8, 10.25], "texture": "#0"},
				"south": {"uv": [7, 6.5, 8, 7.75], "texture": "#0"},
				"west": {"uv": [8, 9, 8.5, 10.25], "texture": "#0"},
				"up": {"uv": [1, 11, 0, 10.5], "texture": "#0"},
				"down": {"uv": [11.5, 0, 10.5, 0.5], "texture": "#0"}
			}
		},
		{
			"from": [7.47788, 9.20048, 9.25],
			"to": [7.97788, 10.20048, 9.75],
			"rotation": {"angle": -22.5, "axis": "z", "origin": [7.5, 10, 6.5]},
			"faces": {
				"north": {"uv": [9, 11.5, 9.25, 12], "texture": "#0"},
				"east": {"uv": [11.5, 9, 11.75, 9.5], "texture": "#0"},
				"south": {"uv": [11.5, 9.5, 11.75, 10], "texture": "#0"},
				"west": {"uv": [11.5, 10, 11.75, 10.5], "texture": "#0"},
				"up": {"uv": [5.25, 12.25, 5, 12], "texture": "#0"},
				"down": {"uv": [12.25, 5, 12, 5.25], "texture": "#0"}
			}
		},
		{
			"from": [6.87108, 13.19982, 9],
			"to": [10.37108, 14.19982, 10],
			"rotation": {"angle": 22.5, "axis": "z", "origin": [7.5, 10, 6.5]},
			"faces": {
				"north": {"uv": [8, 2, 9.75, 2.5], "texture": "#0"},
				"east": {"uv": [11, 0.5, 11.5, 1], "texture": "#0"},
				"south": {"uv": [8, 7.5, 9.75, 8], "texture": "#0"},
				"west": {"uv": [11, 1, 11.5, 1.5], "texture": "#0"},
				"up": {"uv": [10.25, 3, 8.5, 2.5], "texture": "#0"},
				"down": {"uv": [4.75, 8.5, 3, 9], "texture": "#0"}
			}
		},
		{
			"from": [6.87108, 13.19982, 6],
			"to": [10.37108, 14.19982, 7],
			"rotation": {"angle": 22.5, "axis": "z", "origin": [7.5, 10, 6.5]},
			"faces": {
				"north": {"uv": [8.5, 3, 10.25, 3.5], "texture": "#0"},
				"east": {"uv": [11, 1.5, 11.5, 2], "texture": "#0"},
				"south": {"uv": [8.5, 8, 10.25, 8.5], "texture": "#0"},
				"west": {"uv": [11, 2, 11.5, 2.5], "texture": "#0"},
				"up": {"uv": [10.25, 9, 8.5, 8.5], "texture": "#0"},
				"down": {"uv": [10.75, 1, 9, 1.5], "texture": "#0"}
			}
		}
	],
	"gui_light": "front",
	"display": {
		"thirdperson_righthand": {
			"rotation": [0, 90, 0],
			"translation": [0, 1.5, 0.75],
			"scale": [1.3, 1.3, 1.3]
		},
		"thirdperson_lefthand": {
			"rotation": [0, -90, 0],
			"translation": [0, 1.5, 0.75],
			"scale": [1.3, 1.3, 1.3]
		},
		"firstperson_righthand": {
			"rotation": [0, 103, 0],
			"translation": [0.75, 2.25, 0]
		},
		"firstperson_lefthand": {
			"rotation": [0, -83, 0],
			"translation": [0.75, 2.25, 0]
		},
		"ground": {
			"translation": [0, 6, 0]
		},
		"gui": {
			"rotation": [0, -31, -31],
			"translation": [-0.5, -0.5, 0]
		},
		"head": {
			"rotation": [0, 0, -58],
			"translation": [0, -16.5, 4.5],
			"scale": [2, 2, 2]
		},
		"fixed": {
			"rotation": [0, 0, -45],
			"translation": [0, -1.75, -1.25],
			"scale": [1.5, 1.5, 1.5]
		}
	},
	"groups": [
		{
			"name": "group",
			"origin": [8, 8, 8],
			"children": [0, 1, 2, 3, 4, 5, 6, 7, 8, 9, 10, 11, 12, 13, 14, 15, 16,
				{
					"name": "bunny",
					"origin": [0, 7, 0],
					"children": [17, 18, 19, 20, 21, 22, 23, 24, 25, 26, 27, 28, 29, 30]
				}
			]
		}
	]
}