{
 "parent": "item/handheld",
 "textures": {
  "layer0": "item/wooden_hoe"
 },

 "overrides": [
  { "predicate": {"custom_model_data": 100001}, "model": "item/halloween_crate/plauge_doctor"},
  { "predicate": {"custom_model_data": 100002}, "model": "item/halloween_crate/witch_hat"},
  { "predicate": {"custom_model_data": 100003}, "model": "item/thanksgiving20_crate/turkey"},
  { "predicate": {"custom_model_data": 100004}, "model": "item/christmas20_crate/snowmanhat"},
  { "predicate": {"custom_model_data": 100005}, "model": "item/christmas20_crate/gifthat"}
 ]

 
}