{
	"credit": "Made with Blockbench",
	"texture_size": [64, 64],
	"textures": {
		"0": "christmas20_crate/elfpickaxe",
		"particle": "christmas20_crate/elfpickaxe"
	},
	"elements": [
		{
			"from": [6.75, 0, 6.75],
			"to": [9.25, 3, 9.25],
			"rotation": {"angle": 0, "axis": "y", "origin": [15, 8, 15]},
			"faces": {
				"north": {"uv": [2.00006, 5.50006, 2.74994, 6.24994], "texture": "#0"},
				"east": {"uv": [5.50006, 0.00006, 6.24994, 0.74994], "texture": "#0"},
				"south": {"uv": [5.50006, 0.75006, 6.24994, 1.49994], "texture": "#0"},
				"west": {"uv": [5.50006, 1.50006, 6.24994, 2.24994], "texture": "#0"},
				"up": {"uv": [6.24994, 2.99994, 5.50006, 2.25006], "texture": "#0"},
				"down": {"uv": [6.24994, 3.00006, 5.50006, 3.74994], "texture": "#0"}
			}
		},
		{
			"from": [5, 0, 7],
			"to": [6.75, 1.5, 9],
			"rotation": {"angle": 0, "axis": "y", "origin": [12.5, 8, 15]},
			"faces": {
				"north": {"uv": [1.00006, 3.00006, 1.49994, 3.49994], "texture": "#0"},
				"east": {"uv": [5.50006, 4.50006, 5.99994, 4.99994], "texture": "#0"},
				"south": {"uv": [2.50006, 6.25006, 2.99994, 6.74994], "texture": "#0"},
				"west": {"uv": [5.75006, 6.50006, 6.24994, 6.99994], "texture": "#0"},
				"up": {"uv": [0.49994, 7.74994, 0.00006, 7.25006], "texture": "#0"},
				"down": {"uv": [0.99994, 7.25006, 0.50006, 7.74994], "texture": "#0"}
			}
		},
		{
			"from": [9.25, 0, 7],
			"to": [11, 1.5, 9],
			"rotation": {"angle": 0, "axis": "y", "origin": [3.5, 8, 15]},
			"faces": {
				"north": {"uv": [2.50006, 7.25006, 2.99994, 7.74994], "texture": "#0"},
				"east": {"uv": [3.00006, 7.25006, 3.49994, 7.74994], "texture": "#0"},
				"south": {"uv": [4.00006, 7.25006, 4.49994, 7.74994], "texture": "#0"},
				"west": {"uv": [1.00006, 7.50006, 1.49994, 7.99994], "texture": "#0"},
				"up": {"uv": [1.99994, 7.99994, 1.50006, 7.50006], "texture": "#0"},
				"down": {"uv": [3.99994, 7.50006, 3.50006, 7.99994], "texture": "#0"}
			}
		},
		{
			"from": [7, 2, 7],
			"to": [9, 9, 9],
			"rotation": {"angle": 0, "axis": "y", "origin": [15, 8, 15]},
			"faces": {
				"north": {"uv": [0.00006, 5.00006, 0.49994, 6.74994], "texture": "#0"},
				"east": {"uv": [0.50006, 5.00006, 0.99994, 6.74994], "texture": "#0"},
				"south": {"uv": [3.00006, 5.00006, 3.49994, 6.74994], "texture": "#0"},
				"west": {"uv": [3.50006, 5.00006, 3.99994, 6.74994], "texture": "#0"},
				"up": {"uv": [4.99994, 7.99994, 4.50006, 7.50006], "texture": "#0"},
				"down": {"uv": [5.49994, 7.50006, 5.00006, 7.99994], "texture": "#0"}
			}
		},
		{
			"from": [5, 10, 6],
			"to": [11, 18, 10],
			"rotation": {"angle": 0, "axis": "y", "origin": [15, 10, 15]},
			"faces": {
				"north": {"uv": [0.00006, 0.00006, 1.49994, 1.99994], "texture": "#0"},
				"east": {"uv": [0.00006, 2.00006, 0.99994, 3.99994], "texture": "#0"},
				"south": {"uv": [1.50006, 1.50006, 2.99994, 3.49994], "texture": "#0"},
				"west": {"uv": [3.00006, 3.00006, 3.99994, 4.99994], "texture": "#0"},
				"up": {"uv": [4.49994, 2.24994, 3.00006, 1.25006], "texture": "#0"},
				"down": {"uv": [2.49994, 3.50006, 1.00006, 4.49994], "texture": "#0"}
			}
		},
		{
			"from": [5, 7, 6],
			"to": [11, 10, 6],
			"rotation": {"angle": 0, "axis": "y", "origin": [15, 8, 15]},
			"faces": {
				"north": {"uv": [3.00039, 2.25039, 4.49961, 2.99961], "texture": "#0"},
				"east": {"uv": [4.50039, 2.00039, 5.49961, 2.74961], "texture": "#0"},
				"south": {"uv": [4.00039, 3.00039, 5.49961, 3.74961], "texture": "#0"},
				"west": {"uv": [4.00039, 5.00039, 4.99961, 5.74961], "texture": "#0"},
				"up": {"uv": [5.49961, 4.99961, 4.00039, 4.00039], "texture": "#0"},
				"down": {"uv": [5.49961, 0.00039, 4.00039, 0.99961], "texture": "#0"}
			}
		},
		{
			"from": [5, 7, 6],
			"to": [5, 10, 10],
			"rotation": {"angle": 0, "axis": "y", "origin": [15, 8, 15]},
			"faces": {
				"north": {"uv": [3.00039, 2.25039, 4.49961, 2.99961], "texture": "#0"},
				"east": {"uv": [4.50039, 2.00039, 5.49961, 2.74961], "texture": "#0"},
				"south": {"uv": [4.00039, 3.00039, 5.49961, 3.74961], "texture": "#0"},
				"west": {"uv": [4.00039, 5.00039, 4.99961, 5.74961], "texture": "#0"},
				"up": {"uv": [5.49961, 4.99961, 4.00039, 4.00039], "texture": "#0"},
				"down": {"uv": [5.49961, 0.00039, 4.00039, 0.99961], "texture": "#0"}
			}
		},
		{
			"from": [11, 7, 6],
			"to": [11, 10, 10],
			"rotation": {"angle": 0, "axis": "y", "origin": [15, 8, 15]},
			"faces": {
				"north": {"uv": [3.00039, 2.25039, 4.49961, 2.99961], "texture": "#0"},
				"east": {"uv": [4.50039, 2.00039, 5.49961, 2.74961], "texture": "#0"},
				"south": {"uv": [4.00039, 3.00039, 5.49961, 3.74961], "texture": "#0"},
				"west": {"uv": [4.00039, 5.00039, 4.99961, 5.74961], "texture": "#0"},
				"up": {"uv": [5.49961, 4.99961, 4.00039, 4.00039], "texture": "#0"},
				"down": {"uv": [5.49961, 0.00039, 4.00039, 0.99961], "texture": "#0"}
			}
		},
		{
			"from": [5, 7, 10],
			"to": [11, 10, 10],
			"rotation": {"angle": 0, "axis": "y", "origin": [15, 8, 15]},
			"faces": {
				"north": {"uv": [3.00039, 2.25039, 4.49961, 2.99961], "texture": "#0"},
				"east": {"uv": [4.50039, 2.00039, 5.49961, 2.74961], "texture": "#0"},
				"south": {"uv": [4.00039, 3.00039, 5.49961, 3.74961], "texture": "#0"},
				"west": {"uv": [4.00039, 5.00039, 4.99961, 5.74961], "texture": "#0"},
				"up": {"uv": [5.49961, 4.99961, 4.00039, 4.00039], "texture": "#0"},
				"down": {"uv": [5.49961, 0.00039, 4.00039, 0.99961], "texture": "#0"}
			}
		},
		{
			"from": [-1, 16, 7],
			"to": [5, 18, 9],
			"rotation": {"angle": 0, "axis": "y", "origin": [9, 10, 15]},
			"faces": {
				"north": {"uv": [4.75006, 6.50006, 5.74994, 6.99994], "texture": "#0"},
				"east": {"uv": [5.50006, 7.50006, 5.99994, 7.99994], "texture": "#0"},
				"south": {"uv": [0.00006, 6.75006, 0.99994, 7.24994], "texture": "#0"},
				"west": {"uv": [6.00006, 7.50006, 6.49994, 7.99994], "texture": "#0"},
				"up": {"uv": [3.49994, 7.24994, 2.50006, 6.75006], "texture": "#0"},
				"down": {"uv": [7.74994, 4.50006, 6.75006, 4.99994], "texture": "#0"}
			}
		},
		{
			"from": [-1.5, 15.75, 6.75],
			"to": [1, 18.25, 9.25],
			"rotation": {"angle": 0, "axis": "y", "origin": [9, 10, 15]},
			"faces": {
				"north": {"uv": [5.50039, 3.75039, 6.24961, 4.49961], "texture": "#0"},
				"east": {"uv": [4.00039, 5.75039, 4.74961, 6.49961], "texture": "#0"},
				"south": {"uv": [4.75039, 5.75039, 5.49961, 6.49961], "texture": "#0"},
				"west": {"uv": [5.50039, 5.75039, 6.24961, 6.49961], "texture": "#0"},
				"up": {"uv": [6.74961, 5.24961, 6.00039, 4.50039], "texture": "#0"},
				"down": {"uv": [1.74961, 6.25039, 1.00039, 6.99961], "texture": "#0"}
			}
		},
		{
			"from": [15, 15.75, 6.75],
			"to": [17.5, 18.25, 9.25],
			"rotation": {"angle": 0, "axis": "y", "origin": [7, 10, 15]},
			"faces": {
				"north": {"uv": [1.75039, 6.25039, 2.49961, 6.99961], "texture": "#0"},
				"east": {"uv": [6.25039, 6.25039, 6.99961, 6.99961], "texture": "#0"},
				"south": {"uv": [6.25039, 0.00039, 6.99961, 0.74961], "texture": "#0"},
				"west": {"uv": [6.25039, 0.75039, 6.99961, 1.49961], "texture": "#0"},
				"up": {"uv": [6.99961, 2.24961, 6.25039, 1.50039], "texture": "#0"},
				"down": {"uv": [6.99961, 2.25039, 6.25039, 2.99961], "texture": "#0"}
			}
		},
		{
			"from": [11, 16, 7],
			"to": [17, 18, 9],
			"rotation": {"angle": 0, "axis": "y", "origin": [7, 10, 15]},
			"faces": {
				"north": {"uv": [1.00006, 7.00006, 1.99994, 7.49994], "texture": "#0"},
				"east": {"uv": [6.50006, 7.50006, 6.99994, 7.99994], "texture": "#0"},
				"south": {"uv": [4.75006, 7.00006, 5.74994, 7.49994], "texture": "#0"},
				"west": {"uv": [7.00006, 7.50006, 7.49994, 7.99994], "texture": "#0"},
				"up": {"uv": [6.74994, 7.49994, 5.75006, 7.00006], "texture": "#0"},
				"down": {"uv": [7.74994, 7.00006, 6.75006, 7.49994], "texture": "#0"}
			}
		},
		{
			"from": [17.5, 16.25, 7.25],
			"to": [19, 17.75, 8.75],
			"rotation": {"angle": 0, "axis": "y", "origin": [11.5, 10, 15]},
			"faces": {
				"north": {"uv": [7.50006, 7.50006, 7.99994, 7.99994], "texture": "#0"},
				"east": {"uv": [0.00006, 7.75006, 0.49994, 8.24994], "texture": "#0"},
				"south": {"uv": [0.50006, 7.75006, 0.99994, 8.24994], "texture": "#0"},
				"west": {"uv": [2.00006, 7.75006, 2.49994, 8.24994], "texture": "#0"},
				"up": {"uv": [2.99994, 8.24994, 2.50006, 7.75006], "texture": "#0"},
				"down": {"uv": [3.49994, 7.75006, 3.00006, 8.24994], "texture": "#0"}
			}
		},
		{
			"from": [-3, 16.25, 7.25],
			"to": [-1.5, 17.75, 8.75],
			"rotation": {"angle": 0, "axis": "y", "origin": [4.5, 10, 15]},
			"faces": {
				"north": {"uv": [4.00006, 7.75006, 4.49994, 8.24994], "texture": "#0"},
				"east": {"uv": [7.75006, 4.00006, 8.24994, 4.49994], "texture": "#0"},
				"south": {"uv": [7.75006, 4.50006, 8.24994, 4.99994], "texture": "#0"},
				"west": {"uv": [7.75006, 5.00006, 8.24994, 5.49994], "texture": "#0"},
				"up": {"uv": [8.24994, 5.99994, 7.75006, 5.50006], "texture": "#0"},
				"down": {"uv": [8.24994, 6.00006, 7.75006, 6.49994], "texture": "#0"}
			}
		},
		{
			"from": [6, 18.5, 6],
			"to": [10, 22, 8],
			"rotation": {"angle": 0, "axis": "y", "origin": [16, 19.5, 15]},
			"faces": {
				"north": {"uv": [0.00006, 4.00006, 0.99994, 4.99994], "texture": "#0"},
				"east": {"uv": [1.00006, 2.00006, 1.49994, 2.99994], "texture": "#0"},
				"south": {"uv": [1.00006, 4.50006, 1.99994, 5.49994], "texture": "#0"},
				"west": {"uv": [2.50006, 3.50006, 2.99994, 4.49994], "texture": "#0"},
				"up": {"uv": [7.99994, 0.49994, 7.00006, 0.00006], "texture": "#0"},
				"down": {"uv": [7.99994, 0.50006, 7.00006, 0.99994], "texture": "#0"}
			}
		},
		{
			"from": [6, 18.5, 8],
			"to": [10, 21.25, 10],
			"rotation": {"angle": 0, "axis": "y", "origin": [16, 19.5, 15]},
			"faces": {
				"north": {"uv": [5.00006, 5.00006, 5.99994, 5.74994], "texture": "#0"},
				"east": {"uv": [3.50006, 6.75006, 3.99994, 7.49994], "texture": "#0"},
				"south": {"uv": [1.00006, 5.50006, 1.99994, 6.24994], "texture": "#0"},
				"west": {"uv": [2.00006, 7.00006, 2.49994, 7.74994], "texture": "#0"},
				"up": {"uv": [7.99994, 1.49994, 7.00006, 1.00006], "texture": "#0"},
				"down": {"uv": [7.99994, 1.50006, 7.00006, 1.99994], "texture": "#0"}
			}
		},
		{
			"from": [5.75, 22, 5.75],
			"to": [10.25, 23, 10.25],
			"rotation": {"angle": 22.5, "axis": "x", "origin": [8, 22, 5.75]},
			"faces": {
				"north": {"uv": [1.50006, 1.25006, 2.74994, 1.49994], "texture": "#0"},
				"east": {"uv": [4.00006, 3.75006, 5.24994, 3.99994], "texture": "#0"},
				"south": {"uv": [7.00006, 6.50006, 8.24994, 6.74994], "texture": "#0"},
				"west": {"uv": [7.00006, 6.75006, 8.24994, 6.99994], "texture": "#0"},
				"up": {"uv": [2.74994, 1.24994, 1.50006, 0.00006], "texture": "#0"},
				"down": {"uv": [3.99994, 0.00006, 2.75006, 1.24994], "texture": "#0"}
			}
		},
		{
			"from": [6.25, 23, 6.25],
			"to": [9.75, 25, 9.75],
			"rotation": {"angle": 22.5, "axis": "x", "origin": [8, 22, 5.75]},
			"faces": {
				"north": {"uv": [7.00006, 2.00006, 7.99994, 2.49994], "texture": "#0"},
				"east": {"uv": [7.00006, 2.50006, 7.99994, 2.99994], "texture": "#0"},
				"south": {"uv": [7.00006, 3.00006, 7.99994, 3.49994], "texture": "#0"},
				"west": {"uv": [7.00006, 3.50006, 7.99994, 3.99994], "texture": "#0"},
				"up": {"uv": [2.99994, 5.49994, 2.00006, 4.50006], "texture": "#0"},
				"down": {"uv": [5.49994, 1.00006, 4.50006, 1.99994], "texture": "#0"}
			}
		},
		{
			"from": [6.75, 24.42493, 7.85895],
			"to": [9.25, 26.42493, 10.35895],
			"rotation": {"angle": 45, "axis": "x", "origin": [8, 24.5, 7.75]},
			"faces": {
				"north": {"uv": [7.00006, 4.00006, 7.74994, 4.49994], "texture": "#0"},
				"east": {"uv": [7.00006, 5.00006, 7.74994, 5.49994], "texture": "#0"},
				"south": {"uv": [7.00006, 5.50006, 7.74994, 5.99994], "texture": "#0"},
				"west": {"uv": [7.00006, 6.00006, 7.74994, 6.49994], "texture": "#0"},
				"up": {"uv": [6.99994, 3.74994, 6.25006, 3.00006], "texture": "#0"},
				"down": {"uv": [6.99994, 3.75006, 6.25006, 4.49994], "texture": "#0"}
			}
		},
		{
			"from": [7.25, 23.92138, 9.48039],
			"to": [8.75, 25.42138, 11.48039],
			"rotation": {"angle": -22.5, "axis": "x", "origin": [8, 25.5, 9.5]},
			"faces": {
				"north": {"uv": [7.75006, 7.00006, 8.24994, 7.49994], "texture": "#0"},
				"east": {"uv": [1.00006, 8.00006, 1.49994, 8.49994], "texture": "#0"},
				"south": {"uv": [1.50006, 8.00006, 1.99994, 8.49994], "texture": "#0"},
				"west": {"uv": [3.50006, 8.00006, 3.99994, 8.49994], "texture": "#0"},
				"up": {"uv": [4.99994, 8.49994, 4.50006, 8.00006], "texture": "#0"},
				"down": {"uv": [5.49994, 8.00006, 5.00006, 8.49994], "texture": "#0"}
			}
		},
		{
			"from": [7, 24.4135, 11.34953],
			"to": [9, 26.4135, 13.34953],
			"rotation": {"angle": 0, "axis": "x", "origin": [8, 26.2, 11.3]},
			"faces": {
				"north": {"uv": [5.50006, 8.00006, 5.99994, 8.49994], "texture": "#0"},
				"east": {"uv": [6.00006, 8.00006, 6.49994, 8.49994], "texture": "#0"},
				"south": {"uv": [6.50006, 8.00006, 6.99994, 8.49994], "texture": "#0"},
				"west": {"uv": [7.00006, 8.00006, 7.49994, 8.49994], "texture": "#0"},
				"up": {"uv": [7.99994, 8.49994, 7.50006, 8.00006], "texture": "#0"},
				"down": {"uv": [8.49994, 8.00006, 8.00006, 8.49994], "texture": "#0"}
			}
		},
		{
			"from": [7.625, 19.5, 5.5],
			"to": [8.375, 20.25, 6],
			"rotation": {"angle": 0, "axis": "y", "origin": [16.625, 19.5, 14]},
			"faces": {
				"north": {"uv": [2.75006, 1.25006, 2.99994, 1.49994], "texture": "#0"},
				"east": {"uv": [4.00006, 1.00006, 4.24994, 1.24994], "texture": "#0"},
				"south": {"uv": [4.25006, 1.00006, 4.49994, 1.24994], "texture": "#0"},
				"west": {"uv": [5.25006, 2.75006, 5.49994, 2.99994], "texture": "#0"},
				"up": {"uv": [5.49994, 3.99994, 5.25006, 3.75006], "texture": "#0"},
				"down": {"uv": [2.99994, 6.00006, 2.75006, 6.24994], "texture": "#0"}
			}
		},
		{
			"from": [5.525, 21.55, 8.25],
			"to": [6.525, 23.55, 8.75],
			"rotation": {"angle": 22.5, "axis": "z", "origin": [12.525, 21.55, 15]},
			"faces": {
				"north": {"uv": [2.75006, 5.50006, 2.99994, 5.99994], "texture": "#0"},
				"east": {"uv": [6.00006, 5.25006, 6.24994, 5.74994], "texture": "#0"},
				"south": {"uv": [8.00006, 0.50006, 8.24994, 0.99994], "texture": "#0"},
				"west": {"uv": [8.00006, 1.00006, 8.24994, 1.49994], "texture": "#0"},
				"up": {"uv": [6.99994, 5.24994, 6.75006, 5.00006], "texture": "#0"},
				"down": {"uv": [4.74994, 7.25006, 4.50006, 7.49994], "texture": "#0"}
			}
		},
		{
			"from": [9.475, 21.55, 8.25],
			"to": [10.475, 23.55, 8.75],
			"rotation": {"angle": -22.5, "axis": "z", "origin": [3.475, 21.55, 15]},
			"faces": {
				"north": {"uv": [8.00006, 1.50006, 8.24994, 1.99994], "texture": "#0"},
				"east": {"uv": [8.00006, 2.00006, 8.24994, 2.49994], "texture": "#0"},
				"south": {"uv": [8.00006, 2.50006, 8.24994, 2.99994], "texture": "#0"},
				"west": {"uv": [8.00006, 3.00006, 8.24994, 3.49994], "texture": "#0"},
				"up": {"uv": [8.24994, 3.74994, 8.00006, 3.50006], "texture": "#0"},
				"down": {"uv": [8.24994, 3.75006, 8.00006, 3.99994], "texture": "#0"}
			}
		},
		{
			"from": [4.25, 18.25, 8.275],
			"to": [5, 19, 8.725],
			"rotation": {"angle": -22.5, "axis": "z", "origin": [11, 17, 15]},
			"faces": {
				"north": {"uv": [8.00006, 7.50006, 8.24994, 7.74994], "texture": "#0"},
				"east": {"uv": [8.00006, 7.75006, 8.24994, 7.99994], "texture": "#0"},
				"south": {"uv": [0.00006, 8.25006, 0.24994, 8.49994], "texture": "#0"},
				"west": {"uv": [0.25006, 8.25006, 0.49994, 8.49994], "texture": "#0"},
				"up": {"uv": [0.74994, 8.49994, 0.50006, 8.25006], "texture": "#0"},
				"down": {"uv": [0.99994, 8.25006, 0.75006, 8.49994], "texture": "#0"}
			}
		},
		{
			"from": [11, 18.25, 8.275],
			"to": [11.75, 19, 8.725],
			"rotation": {"angle": 22.5, "axis": "z", "origin": [5, 17, 15]},
			"faces": {
				"north": {"uv": [2.00006, 8.25006, 2.24994, 8.49994], "texture": "#0"},
				"east": {"uv": [2.25006, 8.25006, 2.49994, 8.49994], "texture": "#0"},
				"south": {"uv": [2.50006, 8.25006, 2.74994, 8.49994], "texture": "#0"},
				"west": {"uv": [2.75006, 8.25006, 2.99994, 8.49994], "texture": "#0"},
				"up": {"uv": [3.24994, 8.49994, 3.00006, 8.25006], "texture": "#0"},
				"down": {"uv": [3.49994, 8.25006, 3.25006, 8.49994], "texture": "#0"}
			}
		},
		{
			"from": [6.5, 18, 6.5],
			"to": [9.5, 18.5, 9.5],
			"rotation": {"angle": 0, "axis": "y", "origin": [16.5, 19, 14.5]},
			"faces": {
				"north": {"uv": [4.50006, 2.75006, 5.24994, 2.99994], "texture": "#0"},
				"east": {"uv": [6.25006, 6.00006, 6.99994, 6.24994], "texture": "#0"},
				"south": {"uv": [8.00006, 0.00006, 8.74994, 0.24994], "texture": "#0"},
				"west": {"uv": [8.00006, 0.25006, 8.74994, 0.49994], "texture": "#0"},
				"up": {"uv": [6.99994, 5.99994, 6.25006, 5.25006], "texture": "#0"},
				"down": {"uv": [4.74994, 6.50006, 4.00006, 7.24994], "texture": "#0"}
			}
		}
	],
	"gui_light": "front",
	"display": {
		"thirdperson_righthand": {
			"rotation": [0, -90, 0],
			"translation": [0, 1.25, 1.5]
		},
		"thirdperson_lefthand": {
			"rotation": [0, -90, 0],
			"translation": [0, 1.25, 1.5]
		},
		"firstperson_righthand": {
			"rotation": [0, 109, 0],
			"translation": [2.25, 0, 0],
			"scale": [0.7, 0.7, 0.7]
		},
		"firstperson_lefthand": {
			"rotation": [0, 109, 0],
			"translation": [2.25, 0, 0],
			"scale": [0.7, 0.7, 0.7]
		},
		"ground": {
			"translation": [0, 1.75, 0],
			"scale": [0.7, 0.7, 0.7]
		},
		"gui": {
			"rotation": [0, -180, 45],
			"translation": [-2.5, -2.5, 0],
			"scale": [0.7, 0.7, 0.7]
		},
		"fixed": {
			"translation": [0, -4, -1.5]
		}
	},
	"groups": [
		{
			"name": "group",
			"origin": [16.5, 19, 14.5],
			"children": [0, 1, 2, 3, 4, 5, 6, 7, 8, 9, 10, 11, 12, 13, 14, 15, 16, 17, 18, 19, 20, 21, 22, 23, 24, 25, 26, 27]
		}
	]
}