{
	"credit": "Made with Blockbench",
	"texture_size": [64, 64],
	"textures": {
		"0": "egypt_crate/golden_staff",
		"particle": "egypt_crate/golden_staff"
	},
	"elements": [
		{
			"from": [7.5, -7, 7.5],
			"to": [8.5, 10, 8.5],
			"faces": {
				"north": {"uv": [0, 3, 0.5, 11.5], "texture": "#0"},
				"east": {"uv": [0.5, 3, 0, 11.5], "texture": "#0"},
				"south": {"uv": [0, 3, 0.5, 11.5], "texture": "#0"},
				"west": {"uv": [0.5, 3, 0, 11.5], "texture": "#0"},
				"up": {"uv": [0.5, 3, 0, 11.5], "texture": "#0"},
				"down": {"uv": [0.5, 3, 0, 11.5], "texture": "#0"}
			}
		},
		{
			"from": [7.25, 5, 7.25],
			"to": [8.75, 6, 8.75],
			"rotation": {"angle": 0, "axis": "y", "origin": [8, 7, 8]},
			"faces": {
				"north": {"uv": [0, 5, 0.75, 5.5], "texture": "#0"},
				"east": {"uv": [0, 5, 0.75, 5.5], "texture": "#0"},
				"south": {"uv": [0, 5, 0.75, 5.5], "texture": "#0"},
				"west": {"uv": [0, 5, 0.75, 5.5], "texture": "#0"},
				"up": {"uv": [1, 4.25, 1.75, 5], "texture": "#0"},
				"down": {"uv": [1.75, 4.25, 2.5, 5], "texture": "#0"}
			}
		},
		{
			"from": [7.25, -5.5, 7.25],
			"to": [8.75, -4.5, 8.75],
			"rotation": {"angle": 0, "axis": "y", "origin": [8, -3.5, 8]},
			"faces": {
				"north": {"uv": [0, 5, 0.75, 5.5], "texture": "#0"},
				"east": {"uv": [0, 5, 0.75, 5.5], "texture": "#0"},
				"south": {"uv": [0, 5, 0.75, 5.5], "texture": "#0"},
				"west": {"uv": [0, 5, 0.75, 5.5], "texture": "#0"},
				"up": {"uv": [1, 4.25, 1.75, 5], "texture": "#0"},
				"down": {"uv": [1.75, 4.25, 2.5, 5], "texture": "#0"}
			}
		},
		{
			"from": [7.5, -11.75, 6.5],
			"to": [8.5, -9.75, 8.5],
			"rotation": {"angle": 45, "axis": "x", "origin": [8, -11.25, 8]},
			"faces": {
				"north": {"uv": [0, 1.5, 1, 2], "rotation": 270, "texture": "#0"},
				"east": {"uv": [2.5, 1.75, 3.5, 2.75], "rotation": 180, "texture": "#0"},
				"south": {"uv": [0, 1.5, 1, 2], "rotation": 270, "texture": "#0"},
				"west": {"uv": [2.5, 1.75, 3.5, 2.75], "rotation": 90, "texture": "#0"},
				"up": {"uv": [0, 1.5, 1, 2], "rotation": 270, "texture": "#0"},
				"down": {"uv": [0, 1.5, 1, 2], "rotation": 90, "texture": "#0"}
			}
		},
		{
			"from": [7.25, 7.5, 7.25],
			"to": [8.75, 10.5, 8.75],
			"rotation": {"angle": 0, "axis": "y", "origin": [8, -9.5, 8]},
			"faces": {
				"north": {"uv": [0.75, 2.5, 1.5, 4], "texture": "#0"},
				"east": {"uv": [1.5, 2.5, 0.75, 4], "texture": "#0"},
				"south": {"uv": [0.75, 2.5, 1.5, 4], "texture": "#0"},
				"west": {"uv": [1.5, 2.5, 0.75, 4], "texture": "#0"},
				"up": {"uv": [0.75, 1.75, 1.5, 2.5], "texture": "#0"},
				"down": {"uv": [1.5, 1.75, 2.25, 2.5], "texture": "#0"}
			}
		},
		{
			"from": [7.25, -9.5, 7.25],
			"to": [8.75, -6.5, 8.75],
			"rotation": {"angle": 0, "axis": "y", "origin": [8, -26.5, 8]},
			"faces": {
				"north": {"uv": [0.75, 2.5, 1.5, 4], "texture": "#0"},
				"east": {"uv": [1.5, 2.5, 0.75, 4], "texture": "#0"},
				"south": {"uv": [0.75, 2.5, 1.5, 4], "texture": "#0"},
				"west": {"uv": [1.5, 2.5, 0.75, 4], "texture": "#0"},
				"up": {"uv": [0.75, 1.75, 1.5, 2.5], "texture": "#0"},
				"down": {"uv": [1.5, 1.75, 2.25, 2.5], "texture": "#0"}
			}
		},
		{
			"from": [7.95, 6, 2.25],
			"to": [8.05, 17, 13.75],
			"rotation": {"angle": 0, "axis": "y", "origin": [8.05, -5, 8.25]},
			"faces": {
				"north": {"uv": [15.75, 0, 16, 0.25], "texture": "#0"},
				"east": {"uv": [7.5, 10, 13.25, 15.5], "texture": "#0"},
				"south": {"uv": [15.75, 0, 16, 0.25], "texture": "#0"},
				"west": {"uv": [7.5, 10, 13.25, 15.5], "texture": "#0"},
				"up": {"uv": [15.75, 0, 16, 0.25], "texture": "#0"},
				"down": {"uv": [15.75, 0, 16, 0.25], "texture": "#0"}
			}
		}
	],
	"display": {
		"thirdperson_righthand": {
			"translation": [0, 3.75, 1.25],
			"scale": [0.75, 0.75, 0.75]
		},
		"thirdperson_lefthand": {
			"translation": [0, 3.75, 1.25],
			"scale": [0.75, 0.75, 0.75]
		},
		"firstperson_righthand": {
			"rotation": [-7.75, 7.75, -2.5],
			"translation": [0.25, 5.75, 0],
			"scale": [0.7, 0.7, 0.7]
		},
		"firstperson_lefthand": {
			"rotation": [-7.75, 7.75, -2.5],
			"translation": [0.25, 5.75, 0],
			"scale": [0.7, 0.7, 0.7]
		},
		"ground": {
			"rotation": [0, 0, 42.5],
			"translation": [0, 3.25, 0],
			"scale": [0.4, 0.4, 0.4]
		},
		"gui": {
			"rotation": [46, 48, -74],
			"translation": [2.5, 3, 0],
			"scale": [0.7, 0.7, 0.7]
		},
		"head": {
			"rotation": [90, -118.25, 77.5],
			"translation": [2.75, -6, 7],
			"scale": [1.5, 1.5, 1.5]
		},
		"fixed": {
			"rotation": [0, 90, 0],
			"translation": [0, 4.75, -1.5],
			"scale": [0.6, 0.6, 0.6]
		}
	},
	"groups": [
		{
			"name": "group",
			"origin": [8, 4, 5.5],
			"children": [0, 1, 2, 3, 4, 5, 6]
		}
	]
}