{
	"credit": "Made with Blockbench",
	"texture_size": [64, 64],
	"textures": {
		"0": "glaive",
		"2": "dragon",
		"particle": "glaive"
	},
	"elements": [
		{
			"from": [2.5, 19.25, 8],
			"to": [11.5, 32, 8],
			"rotation": {"angle": 0, "axis": "y", "origin": [17, 28.5, 15.5]},
			"faces": {
				"north": {"uv": [10.75, 10, 13, 13], "texture": "#0"},
				"east": {"uv": [10.75, 10, 10.75, 13], "texture": "#0"},
				"south": {"uv": [13, 10, 15.25, 13], "texture": "#0"},
				"west": {"uv": [13, 10, 13, 13], "texture": "#0"},
				"up": {"uv": [13, 10, 10.75, 10], "texture": "#0"},
				"down": {"uv": [15.25, 10, 13, 10], "texture": "#0"}
			}
		},
		{
			"from": [7, 19.25, 7.5],
			"to": [9, 22, 8.5],
			"rotation": {"angle": 0, "axis": "y", "origin": [15.5, 28.5, 15.5]},
			"faces": {
				"north": {"uv": [12.25, 0.25, 12.75, 0.75], "texture": "#0"},
				"east": {"uv": [12, 0.25, 12.25, 0.75], "texture": "#0"},
				"south": {"uv": [13, 0.25, 13.5, 0.75], "texture": "#0"},
				"west": {"uv": [12.75, 0.25, 13, 0.75], "texture": "#0"},
				"up": {"uv": [12.75, 0.25, 12.25, 0], "texture": "#0"},
				"down": {"uv": [13.25, 0, 12.75, 0.25], "texture": "#0"}
			}
		},
		{
			"from": [5.5, 18.25, 6.75],
			"to": [10.5, 19.25, 9.25],
			"rotation": {"angle": 0, "axis": "y", "origin": [17, 27.5, 15.5]},
			"faces": {
				"north": {"uv": [1.5, 14.25, 2.75, 14.5], "texture": "#0"},
				"east": {"uv": [1, 14.25, 1.5, 14.5], "texture": "#0"},
				"south": {"uv": [3.25, 14.25, 4.5, 14.5], "texture": "#0"},
				"west": {"uv": [2.75, 14.25, 3.25, 14.5], "texture": "#0"},
				"up": {"uv": [2.75, 14.25, 1.5, 13.75], "texture": "#0"},
				"down": {"uv": [4, 13.75, 2.75, 14.25], "texture": "#0"}
			}
		},
		{
			"from": [6.25, 13, 7],
			"to": [9.75, 18.25, 9],
			"rotation": {"angle": 0, "axis": "y", "origin": [17, 22.25, 15.5]},
			"faces": {
				"north": {"uv": [7, 10.75, 7.75, 12], "texture": "#0"},
				"east": {"uv": [6.5, 10.75, 7, 12], "texture": "#0"},
				"south": {"uv": [8.25, 10.75, 9, 12], "texture": "#0"},
				"west": {"uv": [7.75, 10.75, 8.25, 12], "texture": "#0"},
				"up": {"uv": [7.75, 10.75, 7, 10.25], "texture": "#0"},
				"down": {"uv": [8.5, 10.25, 7.75, 10.75], "texture": "#0"}
			}
		},
		{
			"from": [7.25, 10.75, 7.25],
			"to": [8.75, 13, 8.75],
			"rotation": {"angle": 0, "axis": "y", "origin": [15.5, 20, 15.5]},
			"faces": {
				"north": {"uv": [6, 8, 6.25, 8.5], "texture": "#0"},
				"east": {"uv": [5.75, 8, 6, 8.5], "texture": "#0"},
				"south": {"uv": [6.5, 8, 6.75, 8.5], "texture": "#0"},
				"west": {"uv": [6.25, 8, 6.5, 8.5], "texture": "#0"},
				"up": {"uv": [6.25, 8, 6, 7.75], "texture": "#0"},
				"down": {"uv": [6.5, 7.75, 6.25, 8], "texture": "#0"}
			}
		},
		{
			"from": [7.5, -12, 7.5],
			"to": [8.5, 12, 8.5],
			"rotation": {"angle": 0, "axis": "y", "origin": [15.5, -5, 15.5]},
			"faces": {
				"north": {"uv": [0.25, 0.25, 0.5, 6.25], "texture": "#0"},
				"east": {"uv": [0, 0.25, 0.25, 6.25], "texture": "#0"},
				"south": {"uv": [0.75, 0.25, 1, 6.25], "texture": "#0"},
				"west": {"uv": [0.5, 0.25, 0.75, 6.25], "texture": "#0"},
				"up": {"uv": [0.5, 0.25, 0.25, 0], "texture": "#0"},
				"down": {"uv": [0.75, 0, 0.5, 0.25], "texture": "#0"}
			}
		},
		{
			"from": [7.25, -11, 7.25],
			"to": [8.75, -10, 8.75],
			"rotation": {"angle": 0, "axis": "y", "origin": [15.5, -3, 15.5]},
			"faces": {
				"north": {"uv": [1.5, 1.75, 1.75, 2], "texture": "#0"},
				"east": {"uv": [1.25, 1.75, 1.5, 2], "texture": "#0"},
				"south": {"uv": [2, 1.75, 2.25, 2], "texture": "#0"},
				"west": {"uv": [1.75, 1.75, 2, 2], "texture": "#0"},
				"up": {"uv": [1.75, 1.75, 1.5, 1.5], "texture": "#0"},
				"down": {"uv": [2, 1.5, 1.75, 1.75], "texture": "#0"}
			}
		},
		{
			"from": [7.25, 0, 7.25],
			"to": [8.75, 1, 8.75],
			"rotation": {"angle": 0, "axis": "y", "origin": [15.5, 8, 15.5]},
			"faces": {
				"north": {"uv": [1.5, 1.75, 1.75, 2], "texture": "#0"},
				"east": {"uv": [1.25, 1.75, 1.5, 2], "texture": "#0"},
				"south": {"uv": [2, 1.75, 2.25, 2], "texture": "#0"},
				"west": {"uv": [1.75, 1.75, 2, 2], "texture": "#0"},
				"up": {"uv": [1.75, 1.75, 1.5, 1.5], "texture": "#0"},
				"down": {"uv": [2, 1.5, 1.75, 1.75], "texture": "#0"}
			}
		},
		{
			"from": [7.25, -13, 7.25],
			"to": [8.75, -11.5, 8.75],
			"rotation": {"angle": 0, "axis": "y", "origin": [15.5, -5, 15.5]},
			"faces": {
				"north": {"uv": [1.5, 0.25, 1.75, 0.5], "texture": "#0"},
				"east": {"uv": [1.25, 0.25, 1.5, 0.5], "texture": "#0"},
				"south": {"uv": [2, 0.25, 2.25, 0.5], "texture": "#0"},
				"west": {"uv": [1.75, 0.25, 2, 0.5], "texture": "#0"},
				"up": {"uv": [1.75, 0.25, 1.5, 0], "texture": "#0"},
				"down": {"uv": [2, 0, 1.75, 0.25], "texture": "#0"}
			}
		},
		{
			"from": [7.25, 1.5, 7.25],
			"to": [8.75, 3, 8.75],
			"rotation": {"angle": 0, "axis": "y", "origin": [15.5, 9.5, 15.5]},
			"faces": {
				"north": {"uv": [1.5, 0.25, 1.75, 0.5], "texture": "#0"},
				"east": {"uv": [1.25, 0.25, 1.5, 0.5], "texture": "#0"},
				"south": {"uv": [2, 0.25, 2.25, 0.5], "texture": "#0"},
				"west": {"uv": [1.75, 0.25, 2, 0.5], "texture": "#0"},
				"up": {"uv": [1.75, 0.25, 1.5, 0], "texture": "#0"},
				"down": {"uv": [2, 0, 1.75, 0.25], "texture": "#0"}
			}
		},
		{
			"from": [-0.25, 9.75, 7.9],
			"to": [7.75, 27.25, 7.9],
			"rotation": {"angle": 0, "axis": "z", "origin": [9.75, 20.25, 15.4]},
			"faces": {
				"north": {"uv": [0, 0, 2, 4.375], "texture": "#2"},
				"east": {"uv": [0, 0, 0.05, 4.375], "texture": "#missing"},
				"south": {"uv": [4.125, 0, 6.125, 4.375], "texture": "#2"},
				"west": {"uv": [0, 0, 0.05, 4.375], "texture": "#missing"},
				"up": {"uv": [0, 0, 2, 0.05], "texture": "#missing"},
				"down": {"uv": [0, 0, 2, 0.05], "texture": "#missing"}
			}
		},
		{
			"from": [-0.25, 9.75, 8.1],
			"to": [7.75, 27.25, 8.1],
			"rotation": {"angle": 0, "axis": "z", "origin": [9.75, 20.25, 15.6]},
			"faces": {
				"north": {"uv": [4.125, 0, 6.125, 4.375], "texture": "#2"},
				"east": {"uv": [0, 0, 0.05, 4.375], "texture": "#missing"},
				"south": {"uv": [14, 0, 16, 4.375], "texture": "#2"},
				"west": {"uv": [0, 0, 0.05, 4.375], "texture": "#missing"},
				"up": {"uv": [0, 0, 2, 0.05], "texture": "#missing"},
				"down": {"uv": [0, 0, 2, 0.05], "texture": "#missing"}
			}
		}
	],
	"display": {
		"thirdperson_righthand": {
			"rotation": [0, 90, 0],
			"translation": [0, 9, 1]
		},
		"thirdperson_lefthand": {
			"rotation": [0, -90, 0],
			"translation": [0, 9, 1]
		},
		"firstperson_righthand": {
			"rotation": [0, 90, 0],
			"translation": [0, -0.75, 0],
			"scale": [0.8, 0.8, 0.8]
		},
		"firstperson_lefthand": {
			"rotation": [0, -90, 0],
			"translation": [0, -0.75, 0],
			"scale": [0.8, 0.8, 0.8]
		},
		"ground": {
			"translation": [0, 17, 0]
		},
		"gui": {
			"rotation": [0, 0, -45.5],
			"translation": [-0.5, -1, 0],
			"scale": [0.45, 0.45, 0.45]
		},
		"head": {
			"translation": [0, 6.75, 0]
		},
		"fixed": {
			"rotation": [0, 0, -44.25],
			"translation": [0, 0, -0.5],
			"scale": [0.5, 0.5, 0.5]
		}
	},
	"groups": [
		{
			"name": "group",
			"origin": [8, 8, 8],
			"children": [0, 1, 2, 3, 4, 5, 6, 7, 8, 9]
		}, 10, 11]
}