{
	"credit": "Made with Blockbench",
	"texture_size": [64, 64],
	"textures": {
		"0": "stpatrick21_crate/sword",
		"particle": "stpatrick21_crate/sword"
	},
	"elements": [
		{
			"from": [7.004, -9.928, 7.004],
			"to": [8.996, 1.028, 8.996],
			"rotation": {"angle": 0, "axis": "y", "origin": [7.004, -9.928, 6.506]},
			"faces": {
				"north": {"uv": [7.5, 0, 8, 2.75], "texture": "#0"},
				"east": {"uv": [7.5, 0, 8, 2.75], "texture": "#0"},
				"south": {"uv": [7.5, 0, 8, 2.75], "texture": "#0"},
				"west": {"uv": [7.5, 0, 8, 2.75], "texture": "#0"},
				"up": {"uv": [5.25, 4, 4.75, 3.5], "texture": "#0"},
				"down": {"uv": [11.75, 9.25, 11.25, 9.75], "texture": "#0"}
			}
		},
		{
			"from": [0.032, 2.024, 0.032],
			"to": [15.968, 2.024, 15.968],
			"rotation": {"angle": 0, "axis": "y", "origin": [8.004, 1.072, 8.006]},
			"faces": {
				"north": {"uv": [0, 0, 4, 0], "texture": "#0"},
				"east": {"uv": [0, 0, 4, 0], "texture": "#0"},
				"south": {"uv": [0, 0, 4, 0], "texture": "#0"},
				"west": {"uv": [0, 0, 4, 0], "texture": "#0"},
				"up": {"uv": [3.875, 3.875, 0.125, 0.125], "texture": "#0"},
				"down": {"uv": [3.875, 0.125, 0.125, 3.875], "texture": "#0"}
			}
		},
		{
			"from": [5.51, 2.024, 7.502],
			"to": [10.49, 19.952, 8.498],
			"rotation": {"angle": 0, "axis": "y", "origin": [7.502, -9.928, 6.506]},
			"faces": {
				"north": {"uv": [4, 4, 5.25, 8.5], "texture": "#0"},
				"east": {"uv": [0, 8, 0.25, 12.5], "texture": "#0"},
				"south": {"uv": [5.25, 4, 4, 8.5], "texture": "#0"},
				"west": {"uv": [0.25, 8, 0.5, 12.5], "texture": "#0"},
				"up": {"uv": [11.25, 5, 10, 4.75], "texture": "#0"},
				"down": {"uv": [11.25, 5, 10, 5.25], "texture": "#0"}
			}
		},
		{
			"from": [6.506, 19.952, 7.751],
			"to": [9.494, 28.916, 8.249],
			"rotation": {"angle": 0, "axis": "y", "origin": [7.502, -9.928, 6.506]},
			"faces": {
				"north": {"uv": [4, 0, 4.75, 2.25], "texture": "#0"},
				"east": {"uv": [7.75, 10.5, 7.875, 12.75], "texture": "#0"},
				"south": {"uv": [4.75, 0, 4, 2.25], "texture": "#0"},
				"west": {"uv": [8.5, 10.75, 8.625, 13], "texture": "#0"},
				"up": {"uv": [7.5, 12.375, 6.75, 12.25], "texture": "#0"},
				"down": {"uv": [9.5, 12.25, 8.75, 12.375], "texture": "#0"}
			}
		},
		{
			"from": [7.004, 2.024, 7.253],
			"to": [8.996, 18.956, 8.747],
			"rotation": {"angle": 0, "axis": "y", "origin": [7.502, -9.928, 6.506]},
			"faces": {
				"north": {"uv": [5.25, 0, 5.75, 4.25], "texture": "#0"},
				"east": {"uv": [6.5, 6.5, 6.875, 10.75], "texture": "#0"},
				"south": {"uv": [5.75, 0, 5.25, 4.25], "texture": "#0"},
				"west": {"uv": [6.5, 2.25, 6.875, 6.5], "texture": "#0"},
				"up": {"uv": [11.75, 10.625, 11.25, 10.25], "texture": "#0"},
				"down": {"uv": [11.75, 10.75, 11.25, 11.125], "texture": "#0"}
			}
		},
		{
			"from": [5.012, -11.92, 6.257],
			"to": [8, -8.932, 9.743],
			"rotation": {"angle": 45, "axis": "z", "origin": [8, -8.932, 6.506]},
			"faces": {
				"north": {"uv": [8.25, 7, 9, 7.75], "texture": "#0"},
				"east": {"uv": [8, 5.5, 8.875, 6.25], "texture": "#0"},
				"south": {"uv": [4, 8.5, 4.75, 9.25], "texture": "#0"},
				"west": {"uv": [8, 6.25, 8.875, 7], "texture": "#0"},
				"up": {"uv": [7.75, 9.125, 7, 8.25], "texture": "#0"},
				"down": {"uv": [8.5, 8.25, 7.75, 9.125], "texture": "#0"}
			}
		},
		{
			"from": [13.478, -4.45, 6.506],
			"to": [14.474, -2.458, 9.494],
			"rotation": {"angle": 45, "axis": "z", "origin": [8, -8.932, 6.506]},
			"faces": {
				"north": {"uv": [7.75, 6.5, 8, 7], "texture": "#0"},
				"east": {"uv": [4, 3.5, 4.75, 4], "texture": "#0"},
				"south": {"uv": [8.75, 8.25, 9, 8.75], "texture": "#0"},
				"west": {"uv": [7, 6.5, 7.75, 7], "texture": "#0"},
				"up": {"uv": [6.5, 5.25, 6.25, 4.5], "texture": "#0"},
				"down": {"uv": [1.75, 11.25, 1.5, 12], "texture": "#0"}
			}
		},
		{
			"from": [11.984, -5.944, 6.506],
			"to": [12.98, -3.952, 9.494],
			"rotation": {"angle": 45, "axis": "z", "origin": [8, -8.932, 6.506]},
			"faces": {
				"north": {"uv": [11, 11.5, 11.25, 12], "texture": "#0"},
				"east": {"uv": [8.25, 7.75, 9, 8.25], "texture": "#0"},
				"south": {"uv": [4.5, 11.75, 4.75, 12.25], "texture": "#0"},
				"west": {"uv": [9.25, 9.25, 10, 9.75], "texture": "#0"},
				"up": {"uv": [2, 12.25, 1.75, 11.5], "texture": "#0"},
				"down": {"uv": [2.25, 11.5, 2, 12.25], "texture": "#0"}
			}
		},
		{
			"from": [10.49, -7.438, 6.506],
			"to": [11.486, -5.446, 9.494],
			"rotation": {"angle": 45, "axis": "z", "origin": [8, -8.932, 6.506]},
			"faces": {
				"north": {"uv": [1.5, 12, 1.75, 12.5], "texture": "#0"},
				"east": {"uv": [9.25, 8.75, 10, 9.25], "texture": "#0"},
				"south": {"uv": [3.75, 12, 4, 12.5], "texture": "#0"},
				"west": {"uv": [9.5, 0, 10.25, 0.5], "texture": "#0"},
				"up": {"uv": [2.5, 12.25, 2.25, 11.5], "texture": "#0"},
				"down": {"uv": [2.75, 11.5, 2.5, 12.25], "texture": "#0"}
			}
		},
		{
			"from": [8.996, -8.932, 6.506],
			"to": [9.992, -6.94, 9.494],
			"rotation": {"angle": 45, "axis": "z", "origin": [8, -8.932, 6.506]},
			"faces": {
				"north": {"uv": [4, 12, 4.25, 12.5], "texture": "#0"},
				"east": {"uv": [9.5, 0.5, 10.25, 1], "texture": "#0"},
				"south": {"uv": [4.25, 12, 4.5, 12.5], "texture": "#0"},
				"west": {"uv": [9.5, 1, 10.25, 1.5], "texture": "#0"},
				"up": {"uv": [3, 12.25, 2.75, 11.5], "texture": "#0"},
				"down": {"uv": [3.25, 11.5, 3, 12.25], "texture": "#0"}
			}
		},
		{
			"from": [12.482, -3.454, 6.506],
			"to": [13.474, -2.458, 9.494],
			"rotation": {"angle": 45, "axis": "z", "origin": [8, -8.932, 6.506]},
			"faces": {
				"north": {"uv": [10.75, 10.5, 11.25, 10.75], "texture": "#0"},
				"east": {"uv": [6.5, 11.5, 7.25, 11.75], "texture": "#0"},
				"south": {"uv": [11.75, 9.5, 12.25, 9.75], "texture": "#0"},
				"west": {"uv": [8.75, 11.5, 9.5, 11.75], "texture": "#0"},
				"up": {"uv": [8.5, 10, 8, 9.25], "texture": "#0"},
				"down": {"uv": [10, 2.5, 9.5, 3.25], "texture": "#0"}
			}
		},
		{
			"from": [10.988, -4.948, 6.506],
			"to": [11.98, -3.952, 9.494],
			"rotation": {"angle": 45, "axis": "z", "origin": [8, -8.932, 6.506]},
			"faces": {
				"north": {"uv": [5.25, 12, 5.75, 12.25], "texture": "#0"},
				"east": {"uv": [11.5, 0, 12.25, 0.25], "texture": "#0"},
				"south": {"uv": [5.75, 12, 6.25, 12.25], "texture": "#0"},
				"west": {"uv": [11.5, 0.25, 12.25, 0.5], "texture": "#0"},
				"up": {"uv": [10, 4, 9.5, 3.25], "texture": "#0"},
				"down": {"uv": [10, 4, 9.5, 4.75], "texture": "#0"}
			}
		},
		{
			"from": [7.502, -10.426, 6.506],
			"to": [8.498, -9.434, 9.494],
			"rotation": {"angle": 45, "axis": "z", "origin": [8, -8.932, 6.506]},
			"faces": {
				"north": {"uv": [4.75, 12, 5, 12.5], "texture": "#0"},
				"east": {"uv": [9.5, 1.5, 10.25, 2], "texture": "#0"},
				"south": {"uv": [5, 12, 5.25, 12.5], "texture": "#0"},
				"west": {"uv": [9.5, 2, 10.25, 2.5], "texture": "#0"},
				"up": {"uv": [3.5, 12.25, 3.25, 11.5], "texture": "#0"},
				"down": {"uv": [3.75, 11.5, 3.5, 12.25], "texture": "#0"}
			}
		},
		{
			"from": [9.494, -6.442, 6.506],
			"to": [10.486, -5.446, 9.494],
			"rotation": {"angle": 45, "axis": "z", "origin": [8, -8.932, 6.506]},
			"faces": {
				"north": {"uv": [6.25, 12, 6.75, 12.25], "texture": "#0"},
				"east": {"uv": [11.5, 0.5, 12.25, 0.75], "texture": "#0"},
				"south": {"uv": [6.75, 12, 7.25, 12.25], "texture": "#0"},
				"west": {"uv": [11.5, 0.75, 12.25, 1], "texture": "#0"},
				"up": {"uv": [10, 5.5, 9.5, 4.75], "texture": "#0"},
				"down": {"uv": [10, 5.5, 9.5, 6.25], "texture": "#0"}
			}
		},
		{
			"from": [8, -7.936, 6.506],
			"to": [8.992, -6.94, 9.494],
			"rotation": {"angle": 45, "axis": "z", "origin": [8, -8.932, 6.506]},
			"faces": {
				"north": {"uv": [7.25, 12, 7.75, 12.25], "texture": "#0"},
				"east": {"uv": [11.5, 1, 12.25, 1.25], "texture": "#0"},
				"south": {"uv": [8, 12, 8.5, 12.25], "texture": "#0"},
				"west": {"uv": [11.5, 1.25, 12.25, 1.5], "texture": "#0"},
				"up": {"uv": [10, 7, 9.5, 6.25], "texture": "#0"},
				"down": {"uv": [10, 7, 9.5, 7.75], "texture": "#0"}
			}
		},
		{
			"from": [6.506, -9.43, 6.506],
			"to": [8.498, -8.434, 9.494],
			"rotation": {"angle": 45, "axis": "z", "origin": [8, -8.932, 6.506]},
			"faces": {
				"north": {"uv": [8.75, 12, 9.25, 12.25], "texture": "#0"},
				"east": {"uv": [11.5, 1.5, 12.25, 1.75], "texture": "#0"},
				"south": {"uv": [9.25, 12, 9.75, 12.25], "texture": "#0"},
				"west": {"uv": [11.5, 1.75, 12.25, 2], "texture": "#0"},
				"up": {"uv": [10, 8.5, 9.5, 7.75], "texture": "#0"},
				"down": {"uv": [5.75, 9.75, 5.25, 10.5], "texture": "#0"}
			}
		},
		{
			"from": [13.976, -2.956, 6.008],
			"to": [17.96, 1.028, 9.992],
			"rotation": {"angle": 45, "axis": "z", "origin": [8, -8.932, 6.506]},
			"faces": {
				"north": {"uv": [5.25, 4.25, 6.25, 5.25], "texture": "#0"},
				"east": {"uv": [7, 5.5, 8, 6.5], "texture": "#0"},
				"south": {"uv": [0.5, 8, 1.5, 9], "texture": "#0"},
				"west": {"uv": [1.5, 8, 2.5, 9], "texture": "#0"},
				"up": {"uv": [3.5, 9, 2.5, 8], "texture": "#0"},
				"down": {"uv": [9, 0, 8, 1], "texture": "#0"}
			}
		},
		{
			"from": [4.29303, 18.61013, 7.51153],
			"to": [5.97727, 23.7154, 8.48847],
			"rotation": {"angle": 22.5, "axis": "z", "origin": [5.9195, 22.73146, 7.95973]},
			"faces": {
				"north": {"uv": [2.5, 9, 2.875, 10.25], "texture": "#0"},
				"east": {"uv": [8, 10, 8.25, 11.25], "texture": "#0"},
				"south": {"uv": [2.875, 9, 2.5, 10.25], "texture": "#0"},
				"west": {"uv": [8.25, 10, 8.5, 11.25], "texture": "#0"},
				"up": {"uv": [8.375, 12.5, 8, 12.25], "texture": "#0"},
				"down": {"uv": [9.875, 12.25, 9.5, 12.5], "texture": "#0"}
			}
		},
		{
			"from": [10.02273, 18.61013, 7.51153],
			"to": [11.70697, 23.7154, 8.48847],
			"rotation": {"angle": -22.5, "axis": "z", "origin": [10.0805, 22.73146, 7.95973]},
			"faces": {
				"north": {"uv": [9, 0, 9.375, 1.25], "texture": "#0"},
				"east": {"uv": [10, 5.25, 10.25, 6.5], "texture": "#0"},
				"south": {"uv": [9.375, 0, 9, 1.25], "texture": "#0"},
				"west": {"uv": [10, 6.5, 10.25, 7.75], "texture": "#0"},
				"up": {"uv": [10.375, 12.5, 10, 12.25], "texture": "#0"},
				"down": {"uv": [10.875, 12.25, 10.5, 12.5], "texture": "#0"}
			}
		},
		{
			"from": [5.18943, 17.71373, 7.32245],
			"to": [6.87367, 22.819, 8.67755],
			"rotation": {"angle": 22.5, "axis": "z", "origin": [6.8159, 22.73146, 7.99475]},
			"faces": {
				"north": {"uv": [9, 7.5, 9.375, 8.75], "texture": "#0"},
				"east": {"uv": [4, 9.25, 4.375, 10.5], "texture": "#0"},
				"south": {"uv": [9.375, 7.5, 9, 8.75], "texture": "#0"},
				"west": {"uv": [7.5, 9.25, 7.875, 10.5], "texture": "#0"},
				"up": {"uv": [12.125, 9.375, 11.75, 9], "texture": "#0"},
				"down": {"uv": [12.125, 10.25, 11.75, 10.625], "texture": "#0"}
			}
		},
		{
			"from": [7.7622, 21.07367, 7.3242],
			"to": [9.22236, 26.62715, 8.6758],
			"rotation": {"angle": -22.5, "axis": "z", "origin": [9.38868, 27.88421, 7.9965]},
			"faces": {
				"north": {"uv": [8.5, 1, 8.875, 2.375], "texture": "#0"},
				"east": {"uv": [8.5, 2.5, 8.875, 3.875], "texture": "#0"},
				"south": {"uv": [8.875, 1, 8.5, 2.375], "texture": "#0"},
				"west": {"uv": [8.75, 8.75, 9.125, 10.125], "texture": "#0"},
				"up": {"uv": [12.125, 11.125, 11.75, 10.75], "texture": "#0"},
				"down": {"uv": [12.125, 11.25, 11.75, 11.625], "texture": "#0"}
			}
		},
		{
			"from": [9.12633, 17.71373, 7.31894],
			"to": [10.81057, 22.819, 8.68106],
			"rotation": {"angle": -22.5, "axis": "z", "origin": [9.1841, 22.73146, 7.99124]},
			"faces": {
				"north": {"uv": [9, 2.5, 9.375, 3.75], "texture": "#0"},
				"east": {"uv": [9, 3.75, 9.375, 5], "texture": "#0"},
				"south": {"uv": [9.375, 2.5, 9, 3.75], "texture": "#0"},
				"west": {"uv": [9, 6.25, 9.375, 7.5], "texture": "#0"},
				"up": {"uv": [7.625, 11.875, 7.25, 11.5], "texture": "#0"},
				"down": {"uv": [12.125, 8.5, 11.75, 8.875], "texture": "#0"}
			}
		},
		{
			"from": [6.77764, 21.07367, 7.3277],
			"to": [8.2378, 26.62715, 8.6723],
			"rotation": {"angle": 22.5, "axis": "z", "origin": [6.61132, 27.88421, 8]},
			"faces": {
				"north": {"uv": [0.5, 9, 0.875, 10.375], "texture": "#0"},
				"east": {"uv": [1, 9, 1.375, 10.375], "texture": "#0"},
				"south": {"uv": [0.875, 9, 0.5, 10.375], "texture": "#0"},
				"west": {"uv": [2, 9, 2.375, 10.375], "texture": "#0"},
				"up": {"uv": [0.875, 12.375, 0.5, 12], "texture": "#0"},
				"down": {"uv": [1.375, 12, 1, 12.375], "texture": "#0"}
			}
		},
		{
			"from": [7.67404, 21.809, 7.50278],
			"to": [9.1342, 30.49988, 8.49722],
			"rotation": {"angle": 22.5, "axis": "z", "origin": [7.50772, 29.51593, 7.95098]},
			"faces": {
				"north": {"uv": [4.75, 0, 5.125, 2.125], "texture": "#0"},
				"east": {"uv": [6.25, 2.25, 6.5, 4.375], "texture": "#0"},
				"south": {"uv": [5.125, 0, 4.75, 2.125], "texture": "#0"},
				"west": {"uv": [4.75, 8.5, 5, 10.625], "texture": "#0"},
				"up": {"uv": [11.375, 12.5, 11, 12.25], "texture": "#0"},
				"down": {"uv": [11.875, 12.25, 11.5, 12.5], "texture": "#0"}
			}
		},
		{
			"from": [6.8658, 21.809, 7.50278],
			"to": [8.32596, 30.49988, 8.49722],
			"rotation": {"angle": -22.5, "axis": "z", "origin": [8.49228, 29.51593, 7.95098]},
			"faces": {
				"north": {"uv": [8, 1, 8.375, 3.125], "texture": "#0"},
				"east": {"uv": [5, 8.5, 5.25, 10.625], "texture": "#0"},
				"south": {"uv": [8.375, 1, 8, 3.125], "texture": "#0"},
				"west": {"uv": [8.5, 8.5, 8.75, 10.625], "texture": "#0"},
				"up": {"uv": [12.375, 12.5, 12, 12.25], "texture": "#0"},
				"down": {"uv": [12.625, 0, 12.25, 0.25], "texture": "#0"}
			}
		},
		{
			"from": [7.5518, 30.59921, 7.51153],
			"to": [8.4482, 31.49561, 8.48847],
			"rotation": {"angle": -45, "axis": "z", "origin": [8, 31.04741, 7.95973]},
			"faces": {
				"north": {"uv": [8.5, 8.25, 8.75, 8.5], "texture": "#0"},
				"east": {"uv": [10, 11, 10.25, 11.25], "texture": "#0"},
				"south": {"uv": [8.75, 8.25, 8.5, 8.5], "texture": "#0"},
				"west": {"uv": [3.75, 11.5, 4, 11.75], "texture": "#0"},
				"up": {"uv": [11, 11.75, 10.75, 11.5], "texture": "#0"},
				"down": {"uv": [1.5, 11.75, 1.25, 12], "texture": "#0"}
			}
		},
		{
			"from": [10.0418, 27.86021, 7.51153],
			"to": [11.1872, 29.00561, 8.48847],
			"rotation": {"angle": -45, "axis": "z", "origin": [8, 31.04741, 7.95973]},
			"faces": {
				"north": {"uv": [4.5, 12.25, 4.75, 12.5], "texture": "#0"},
				"east": {"uv": [7.5, 12.25, 7.75, 12.5], "texture": "#0"},
				"south": {"uv": [4.75, 12.25, 4.5, 12.5], "texture": "#0"},
				"west": {"uv": [12.25, 4.5, 12.5, 4.75], "texture": "#0"},
				"up": {"uv": [12.5, 5.5, 12.25, 5.25], "texture": "#0"},
				"down": {"uv": [12.5, 5.5, 12.25, 5.75], "texture": "#0"}
			}
		},
		{
			"from": [1.86821, 1.526, 6.9814],
			"to": [6.84821, 2.522, 7.9774],
			"rotation": {"angle": -22.5, "axis": "y", "origin": [8, 2.522, 8]},
			"faces": {
				"north": {"uv": [10, 7.75, 11.25, 8], "texture": "#0"},
				"east": {"uv": [12.25, 5.75, 12.5, 6], "texture": "#0"},
				"south": {"uv": [10, 8, 11.25, 8.25], "texture": "#0"},
				"west": {"uv": [12.25, 6, 12.5, 6.25], "texture": "#0"},
				"up": {"uv": [11.25, 8.5, 10, 8.25], "texture": "#0"},
				"down": {"uv": [11.25, 8.75, 10, 9], "texture": "#0"}
			}
		},
		{
			"from": [6.257, 1.5011, 9.494],
			"to": [7.253, 2.5469, 14.474],
			"rotation": {"angle": -22.5, "axis": "y", "origin": [8.498, 1.526, 9.992]},
			"faces": {
				"north": {"uv": [12.25, 6.25, 12.5, 6.5], "texture": "#0"},
				"east": {"uv": [10, 9, 11.25, 9.25], "texture": "#0"},
				"south": {"uv": [12.25, 6.5, 12.5, 6.75], "texture": "#0"},
				"west": {"uv": [10, 9.25, 11.25, 9.5], "texture": "#0"},
				"up": {"uv": [2.75, 11.5, 2.5, 10.25], "texture": "#0"},
				"down": {"uv": [2.75, 10.25, 2.5, 11.5], "texture": "#0"}
			}
		},
		{
			"from": [9.15179, 1.526, 6.9814],
			"to": [14.13179, 2.522, 7.9774],
			"rotation": {"angle": 22.5, "axis": "y", "origin": [8, 2.522, 8]},
			"faces": {
				"north": {"uv": [10, 9.5, 11.25, 9.75], "texture": "#0"},
				"east": {"uv": [12.25, 6.75, 12.5, 7], "texture": "#0"},
				"south": {"uv": [8.75, 10.25, 10, 10.5], "texture": "#0"},
				"west": {"uv": [12.25, 7, 12.5, 7.25], "texture": "#0"},
				"up": {"uv": [11.25, 10.5, 10, 10.25], "texture": "#0"},
				"down": {"uv": [11.25, 10.25, 10, 10.5], "texture": "#0"}
			}
		},
		{
			"from": [6.257, 1.5011, 1.526],
			"to": [7.253, 2.5469, 6.506],
			"rotation": {"angle": 22.5, "axis": "y", "origin": [8.498, 1.526, 6.008]},
			"faces": {
				"north": {"uv": [12.25, 8.5, 12.5, 8.75], "texture": "#0"},
				"east": {"uv": [10.25, 0.25, 11.5, 0.5], "texture": "#0"},
				"south": {"uv": [12.25, 8.75, 12.5, 9], "texture": "#0"},
				"west": {"uv": [10.25, 0.5, 11.5, 0.75], "texture": "#0"},
				"up": {"uv": [3.25, 11.5, 3, 10.25], "texture": "#0"},
				"down": {"uv": [3.25, 10.25, 3, 11.5], "texture": "#0"}
			}
		},
		{
			"from": [1.86821, 1.526, 8.0226],
			"to": [6.84821, 2.522, 9.0186],
			"rotation": {"angle": 22.5, "axis": "y", "origin": [8, 2.522, 8]},
			"faces": {
				"north": {"uv": [10.25, 0.75, 11.5, 1], "texture": "#0"},
				"east": {"uv": [12.25, 9, 12.5, 9.25], "texture": "#0"},
				"south": {"uv": [10.25, 1, 11.5, 1.25], "texture": "#0"},
				"west": {"uv": [12.25, 9.25, 12.5, 9.5], "texture": "#0"},
				"up": {"uv": [11.5, 1.5, 10.25, 1.25], "texture": "#0"},
				"down": {"uv": [11.5, 1.5, 10.25, 1.75], "texture": "#0"}
			}
		},
		{
			"from": [8.747, 1.5011, 9.494],
			"to": [9.743, 2.5469, 14.474],
			"rotation": {"angle": 22.5, "axis": "y", "origin": [7.502, 1.526, 9.992]},
			"faces": {
				"north": {"uv": [12.25, 9.5, 12.5, 9.75], "texture": "#0"},
				"east": {"uv": [10.25, 1.75, 11.5, 2], "texture": "#0"},
				"south": {"uv": [12.25, 9.75, 12.5, 10], "texture": "#0"},
				"west": {"uv": [10.25, 2, 11.5, 2.25], "texture": "#0"},
				"up": {"uv": [3.75, 11.5, 3.5, 10.25], "texture": "#0"},
				"down": {"uv": [3.75, 10.25, 3.5, 11.5], "texture": "#0"}
			}
		},
		{
			"from": [9.15179, 1.526, 8.0226],
			"to": [14.13179, 2.522, 9.0186],
			"rotation": {"angle": -22.5, "axis": "y", "origin": [8, 2.522, 8]},
			"faces": {
				"north": {"uv": [10.25, 2.25, 11.5, 2.5], "texture": "#0"},
				"east": {"uv": [12.25, 10, 12.5, 10.25], "texture": "#0"},
				"south": {"uv": [10.25, 5.25, 11.5, 5.5], "texture": "#0"},
				"west": {"uv": [12.25, 10.25, 12.5, 10.5], "texture": "#0"},
				"up": {"uv": [11.5, 5.75, 10.25, 5.5], "texture": "#0"},
				"down": {"uv": [11.5, 5.5, 10.25, 5.75], "texture": "#0"}
			}
		},
		{
			"from": [8.747, 1.5011, 1.526],
			"to": [9.743, 2.5469, 6.506],
			"rotation": {"angle": -22.5, "axis": "y", "origin": [7.502, 1.526, 6.008]},
			"faces": {
				"north": {"uv": [12.25, 10.5, 12.5, 10.75], "texture": "#0"},
				"east": {"uv": [10.25, 6, 11.5, 6.25], "texture": "#0"},
				"south": {"uv": [12.25, 10.75, 12.5, 11], "texture": "#0"},
				"west": {"uv": [10.25, 6.25, 11.5, 6.5], "texture": "#0"},
				"up": {"uv": [10.5, 7.75, 10.25, 6.5], "texture": "#0"},
				"down": {"uv": [10.5, 6.5, 10.25, 7.75], "texture": "#0"}
			}
		},
		{
			"from": [1.12121, 1.4264, 7.9774],
			"to": [3.11321, 2.6216, 10.318],
			"rotation": {"angle": -22.5, "axis": "y", "origin": [8, 2.522, 8]},
			"faces": {
				"north": {"uv": [9.75, 12, 10.25, 12.25], "texture": "#0"},
				"east": {"uv": [11.5, 6.5, 12.125, 6.75], "texture": "#0"},
				"south": {"uv": [10.25, 12, 10.75, 12.25], "texture": "#0"},
				"west": {"uv": [11.5, 6.75, 12.125, 7], "texture": "#0"},
				"up": {"uv": [1.25, 11.125, 0.75, 10.5], "texture": "#0"},
				"down": {"uv": [1.25, 10.5, 0.75, 11.125], "texture": "#0"}
			}
		},
		{
			"from": [7.253, 1.4264, 13.229],
			"to": [9.5936, 2.6216, 15.221],
			"rotation": {"angle": -22.5, "axis": "y", "origin": [8.498, 1.526, 9.992]},
			"faces": {
				"north": {"uv": [11.5, 7, 12.125, 7.25], "texture": "#0"},
				"east": {"uv": [10.75, 12, 11.25, 12.25], "texture": "#0"},
				"south": {"uv": [11.5, 9.75, 12.125, 10], "texture": "#0"},
				"west": {"uv": [11.25, 12, 11.75, 12.25], "texture": "#0"},
				"up": {"uv": [2.375, 11, 1.75, 10.5], "texture": "#0"},
				"down": {"uv": [2.375, 10.5, 1.75, 11], "texture": "#0"}
			}
		},
		{
			"from": [12.88679, 1.4264, 7.9774],
			"to": [14.87879, 2.6216, 10.318],
			"rotation": {"angle": 22.5, "axis": "y", "origin": [8, 2.522, 8]},
			"faces": {
				"north": {"uv": [11.75, 12, 12.25, 12.25], "texture": "#0"},
				"east": {"uv": [11.5, 10, 12.125, 10.25], "texture": "#0"},
				"south": {"uv": [12, 4.75, 12.5, 5], "texture": "#0"},
				"west": {"uv": [0.5, 11.75, 1.125, 12], "texture": "#0"},
				"up": {"uv": [4.5, 11.125, 4, 10.5], "texture": "#0"},
				"down": {"uv": [4.5, 10.5, 4, 11.125], "texture": "#0"}
			}
		},
		{
			"from": [7.253, 1.4264, 0.779],
			"to": [9.5936, 2.6216, 2.771],
			"rotation": {"angle": 22.5, "axis": "y", "origin": [8.498, 1.526, 6.008]},
			"faces": {
				"north": {"uv": [3.75, 11.75, 4.375, 12], "texture": "#0"},
				"east": {"uv": [12, 5, 12.5, 5.25], "texture": "#0"},
				"south": {"uv": [5.75, 11.75, 6.375, 12], "texture": "#0"},
				"west": {"uv": [12, 7.25, 12.5, 7.5], "texture": "#0"},
				"up": {"uv": [9.375, 11, 8.75, 10.5], "texture": "#0"},
				"down": {"uv": [9.375, 10.5, 8.75, 11], "texture": "#0"}
			}
		},
		{
			"from": [1.12121, 1.4264, 5.682],
			"to": [3.11321, 2.6216, 8.0226],
			"rotation": {"angle": 22.5, "axis": "y", "origin": [8, 2.522, 8]},
			"faces": {
				"north": {"uv": [12, 7.5, 12.5, 7.75], "texture": "#0"},
				"east": {"uv": [6.5, 11.75, 7.125, 12], "texture": "#0"},
				"south": {"uv": [1.75, 12.25, 2.25, 12.5], "texture": "#0"},
				"west": {"uv": [8.75, 11.75, 9.375, 12], "texture": "#0"},
				"up": {"uv": [10.75, 11.125, 10.25, 10.5], "texture": "#0"},
				"down": {"uv": [10.75, 10.5, 10.25, 11.125], "texture": "#0"}
			}
		},
		{
			"from": [6.4064, 1.4264, 13.229],
			"to": [8.747, 2.6216, 15.221],
			"rotation": {"angle": 22.5, "axis": "y", "origin": [7.502, 1.526, 9.992]},
			"faces": {
				"north": {"uv": [9.5, 11.75, 10.125, 12], "texture": "#0"},
				"east": {"uv": [2.25, 12.25, 2.75, 12.5], "texture": "#0"},
				"south": {"uv": [10.25, 11.75, 10.875, 12], "texture": "#0"},
				"west": {"uv": [2.75, 12.25, 3.25, 12.5], "texture": "#0"},
				"up": {"uv": [11.125, 7.75, 10.5, 7.25], "texture": "#0"},
				"down": {"uv": [11.125, 7.25, 10.5, 7.75], "texture": "#0"}
			}
		},
		{
			"from": [12.88679, 1.4264, 5.682],
			"to": [14.87879, 2.6216, 8.0226],
			"rotation": {"angle": -22.5, "axis": "y", "origin": [8, 2.522, 8]},
			"faces": {
				"north": {"uv": [3.25, 12.25, 3.75, 12.5], "texture": "#0"},
				"east": {"uv": [11.75, 11.75, 12.375, 12], "texture": "#0"},
				"south": {"uv": [5.25, 12.25, 5.75, 12.5], "texture": "#0"},
				"west": {"uv": [11.75, 7.75, 12.375, 8], "texture": "#0"},
				"up": {"uv": [7, 11.375, 6.5, 10.75], "texture": "#0"},
				"down": {"uv": [7, 10.75, 6.5, 11.375], "texture": "#0"}
			}
		},
		{
			"from": [6.4064, 1.4264, 0.779],
			"to": [8.747, 2.6216, 2.771],
			"rotation": {"angle": -22.5, "axis": "y", "origin": [7.502, 1.526, 6.008]},
			"faces": {
				"north": {"uv": [11.75, 8, 12.375, 8.25], "texture": "#0"},
				"east": {"uv": [5.75, 12.25, 6.25, 12.5], "texture": "#0"},
				"south": {"uv": [11.75, 8.25, 12.375, 8.5], "texture": "#0"},
				"west": {"uv": [6.25, 12.25, 6.75, 12.5], "texture": "#0"},
				"up": {"uv": [11.375, 10.25, 10.75, 9.75], "texture": "#0"},
				"down": {"uv": [11.375, 9.75, 10.75, 10.25], "texture": "#0"}
			}
		},
		{
			"from": [5.759, 1.6256, 7.004],
			"to": [6.755, 2.4224, 7.502],
			"rotation": {"angle": 0, "axis": "y", "origin": [8, 2.522, 8]},
			"faces": {
				"north": {"uv": [12.25, 11, 12.5, 11.25], "texture": "#0"},
				"east": {"uv": [5, 12.5, 5.125, 12.75], "texture": "#0"},
				"south": {"uv": [12.25, 11.25, 12.5, 11.5], "texture": "#0"},
				"west": {"uv": [5.25, 12.5, 5.375, 12.75], "texture": "#0"},
				"up": {"uv": [5.75, 12.625, 5.5, 12.5], "texture": "#0"},
				"down": {"uv": [6, 12.5, 5.75, 12.625], "texture": "#0"}
			}
		},
		{
			"from": [7.004, 1.6256, 9.245],
			"to": [7.502, 2.4224, 10.241],
			"rotation": {"angle": 0, "axis": "y", "origin": [8.498, 1.526, 9.992]},
			"faces": {
				"north": {"uv": [6, 12.5, 6.125, 12.75], "texture": "#0"},
				"east": {"uv": [12.25, 11.5, 12.5, 11.75], "texture": "#0"},
				"south": {"uv": [6.25, 12.5, 6.375, 12.75], "texture": "#0"},
				"west": {"uv": [12.25, 12, 12.5, 12.25], "texture": "#0"},
				"up": {"uv": [6.625, 12.75, 6.5, 12.5], "texture": "#0"},
				"down": {"uv": [6.875, 12.5, 6.75, 12.75], "texture": "#0"}
			}
		},
		{
			"from": [9.245, 1.6256, 7.004],
			"to": [10.241, 2.4224, 7.502],
			"rotation": {"angle": 0, "axis": "y", "origin": [8, 2.522, 8]},
			"faces": {
				"north": {"uv": [0, 12.5, 0.25, 12.75], "texture": "#0"},
				"east": {"uv": [7, 12.5, 7.125, 12.75], "texture": "#0"},
				"south": {"uv": [0.25, 12.5, 0.5, 12.75], "texture": "#0"},
				"west": {"uv": [7.25, 12.5, 7.375, 12.75], "texture": "#0"},
				"up": {"uv": [7.75, 12.625, 7.5, 12.5], "texture": "#0"},
				"down": {"uv": [8.25, 12.5, 8, 12.625], "texture": "#0"}
			}
		},
		{
			"from": [7.004, 1.6256, 5.759],
			"to": [7.502, 2.4224, 6.755],
			"rotation": {"angle": 0, "axis": "y", "origin": [8.498, 1.526, 6.008]},
			"faces": {
				"north": {"uv": [8.25, 12.5, 8.375, 12.75], "texture": "#0"},
				"east": {"uv": [0.5, 12.5, 0.75, 12.75], "texture": "#0"},
				"south": {"uv": [8.75, 12.5, 8.875, 12.75], "texture": "#0"},
				"west": {"uv": [0.75, 12.5, 1, 12.75], "texture": "#0"},
				"up": {"uv": [9.125, 12.75, 9, 12.5], "texture": "#0"},
				"down": {"uv": [9.375, 12.5, 9.25, 12.75], "texture": "#0"}
			}
		},
		{
			"from": [5.759, 1.6256, 8.498],
			"to": [6.755, 2.4224, 8.996],
			"rotation": {"angle": 0, "axis": "y", "origin": [8, 2.522, 8]},
			"faces": {
				"north": {"uv": [1, 12.5, 1.25, 12.75], "texture": "#0"},
				"east": {"uv": [9.5, 12.5, 9.625, 12.75], "texture": "#0"},
				"south": {"uv": [1.25, 12.5, 1.5, 12.75], "texture": "#0"},
				"west": {"uv": [9.75, 12.5, 9.875, 12.75], "texture": "#0"},
				"up": {"uv": [10.25, 12.625, 10, 12.5], "texture": "#0"},
				"down": {"uv": [10.5, 12.5, 10.25, 12.625], "texture": "#0"}
			}
		},
		{
			"from": [8.498, 1.6256, 9.245],
			"to": [8.996, 2.4224, 10.241],
			"rotation": {"angle": 0, "axis": "y", "origin": [7.502, 1.526, 9.992]},
			"faces": {
				"north": {"uv": [10.5, 12.5, 10.625, 12.75], "texture": "#0"},
				"east": {"uv": [1.5, 12.5, 1.75, 12.75], "texture": "#0"},
				"south": {"uv": [10.75, 12.5, 10.875, 12.75], "texture": "#0"},
				"west": {"uv": [1.75, 12.5, 2, 12.75], "texture": "#0"},
				"up": {"uv": [11.125, 12.75, 11, 12.5], "texture": "#0"},
				"down": {"uv": [11.375, 12.5, 11.25, 12.75], "texture": "#0"}
			}
		},
		{
			"from": [9.245, 1.6256, 8.498],
			"to": [10.241, 2.4224, 8.996],
			"rotation": {"angle": 0, "axis": "y", "origin": [8, 2.522, 8]},
			"faces": {
				"north": {"uv": [2, 12.5, 2.25, 12.75], "texture": "#0"},
				"east": {"uv": [11.5, 12.5, 11.625, 12.75], "texture": "#0"},
				"south": {"uv": [2.25, 12.5, 2.5, 12.75], "texture": "#0"},
				"west": {"uv": [11.75, 12.5, 11.875, 12.75], "texture": "#0"},
				"up": {"uv": [12.25, 12.625, 12, 12.5], "texture": "#0"},
				"down": {"uv": [12.5, 12.5, 12.25, 12.625], "texture": "#0"}
			}
		},
		{
			"from": [8.498, 1.6256, 5.759],
			"to": [8.996, 2.4224, 6.755],
			"rotation": {"angle": 0, "axis": "y", "origin": [7.502, 1.526, 6.008]},
			"faces": {
				"north": {"uv": [12.5, 12.5, 12.625, 12.75], "texture": "#0"},
				"east": {"uv": [2.5, 12.5, 2.75, 12.75], "texture": "#0"},
				"south": {"uv": [12.5, 4.25, 12.625, 4.5], "texture": "#0"},
				"west": {"uv": [2.75, 12.5, 3, 12.75], "texture": "#0"},
				"up": {"uv": [12.625, 4.75, 12.5, 4.5], "texture": "#0"},
				"down": {"uv": [12.625, 4.75, 12.5, 5], "texture": "#0"}
			}
		},
		{
			"from": [2.771, 1.6256, 6.008],
			"to": [5.759, 2.4224, 7.502],
			"rotation": {"angle": 0, "axis": "y", "origin": [8, 2.522, 8]},
			"faces": {
				"north": {"uv": [11.5, 2, 12.25, 2.25], "texture": "#0"},
				"east": {"uv": [12.25, 0.25, 12.625, 0.5], "texture": "#0"},
				"south": {"uv": [11.5, 2.25, 12.25, 2.5], "texture": "#0"},
				"west": {"uv": [12.25, 0.5, 12.625, 0.75], "texture": "#0"},
				"up": {"uv": [7.75, 11.375, 7, 11], "texture": "#0"},
				"down": {"uv": [7.75, 11, 7, 11.375], "texture": "#0"}
			}
		},
		{
			"from": [6.008, 1.6256, 10.241],
			"to": [7.502, 2.4224, 13.229],
			"rotation": {"angle": 0, "axis": "y", "origin": [8.498, 1.526, 9.992]},
			"faces": {
				"north": {"uv": [12.25, 0.75, 12.625, 1], "texture": "#0"},
				"east": {"uv": [11.5, 2.5, 12.25, 2.75], "texture": "#0"},
				"south": {"uv": [12.25, 1, 12.625, 1.25], "texture": "#0"},
				"west": {"uv": [11.5, 2.75, 12.25, 3], "texture": "#0"},
				"up": {"uv": [9.875, 11.75, 9.5, 11], "texture": "#0"},
				"down": {"uv": [9.875, 11, 9.5, 11.75], "texture": "#0"}
			}
		},
		{
			"from": [10.241, 1.6256, 6.008],
			"to": [13.229, 2.4224, 7.502],
			"rotation": {"angle": 0, "axis": "y", "origin": [8, 2.522, 8]},
			"faces": {
				"north": {"uv": [11.5, 3, 12.25, 3.25], "texture": "#0"},
				"east": {"uv": [12.25, 1.25, 12.625, 1.5], "texture": "#0"},
				"south": {"uv": [11.5, 3.25, 12.25, 3.5], "texture": "#0"},
				"west": {"uv": [12.25, 1.5, 12.625, 1.75], "texture": "#0"},
				"up": {"uv": [1.5, 11.625, 0.75, 11.25], "texture": "#0"},
				"down": {"uv": [1.5, 11.25, 0.75, 11.625], "texture": "#0"}
			}
		},
		{
			"from": [6.008, 1.6256, 2.771],
			"to": [7.502, 2.4224, 5.759],
			"rotation": {"angle": 0, "axis": "y", "origin": [8.498, 1.526, 6.008]},
			"faces": {
				"north": {"uv": [12.25, 1.75, 12.625, 2], "texture": "#0"},
				"east": {"uv": [11.5, 3.5, 12.25, 3.75], "texture": "#0"},
				"south": {"uv": [12.25, 2, 12.625, 2.25], "texture": "#0"},
				"west": {"uv": [11.5, 3.75, 12.25, 4], "texture": "#0"},
				"up": {"uv": [5.125, 12, 4.75, 11.25], "texture": "#0"},
				"down": {"uv": [5.125, 11.25, 4.75, 12], "texture": "#0"}
			}
		},
		{
			"from": [2.771, 1.6256, 8.498],
			"to": [5.759, 2.4224, 9.992],
			"rotation": {"angle": 0, "axis": "y", "origin": [8, 2.522, 8]},
			"faces": {
				"north": {"uv": [11.5, 4, 12.25, 4.25], "texture": "#0"},
				"east": {"uv": [12.25, 2.25, 12.625, 2.5], "texture": "#0"},
				"south": {"uv": [11.5, 4.25, 12.25, 4.5], "texture": "#0"},
				"west": {"uv": [12.25, 2.5, 12.625, 2.75], "texture": "#0"},
				"up": {"uv": [6.5, 11.625, 5.75, 11.25], "texture": "#0"},
				"down": {"uv": [6.5, 11.25, 5.75, 11.625], "texture": "#0"}
			}
		},
		{
			"from": [8.498, 1.6256, 10.241],
			"to": [9.992, 2.4224, 13.229],
			"rotation": {"angle": 0, "axis": "y", "origin": [7.502, 1.526, 9.992]},
			"faces": {
				"north": {"uv": [12.25, 2.75, 12.625, 3], "texture": "#0"},
				"east": {"uv": [11.5, 4.5, 12.25, 4.75], "texture": "#0"},
				"south": {"uv": [12.25, 3, 12.625, 3.25], "texture": "#0"},
				"west": {"uv": [11.5, 5.25, 12.25, 5.5], "texture": "#0"},
				"up": {"uv": [8.375, 12, 8, 11.25], "texture": "#0"},
				"down": {"uv": [8.375, 11.25, 8, 12], "texture": "#0"}
			}
		},
		{
			"from": [10.241, 1.6256, 8.498],
			"to": [13.229, 2.4224, 9.992],
			"rotation": {"angle": 0, "axis": "y", "origin": [8, 2.522, 8]},
			"faces": {
				"north": {"uv": [11.5, 5.5, 12.25, 5.75], "texture": "#0"},
				"east": {"uv": [12.25, 3.25, 12.625, 3.5], "texture": "#0"},
				"south": {"uv": [11.5, 5.75, 12.25, 6], "texture": "#0"},
				"west": {"uv": [12.25, 3.5, 12.625, 3.75], "texture": "#0"},
				"up": {"uv": [12, 5.125, 11.25, 4.75], "texture": "#0"},
				"down": {"uv": [12, 4.75, 11.25, 5.125], "texture": "#0"}
			}
		},
		{
			"from": [8.498, 1.6256, 2.771],
			"to": [9.992, 2.4224, 5.759],
			"rotation": {"angle": 0, "axis": "y", "origin": [7.502, 1.526, 6.008]},
			"faces": {
				"north": {"uv": [12.25, 3.75, 12.625, 4], "texture": "#0"},
				"east": {"uv": [11.5, 6, 12.25, 6.25], "texture": "#0"},
				"south": {"uv": [12.25, 4, 12.625, 4.25], "texture": "#0"},
				"west": {"uv": [11.5, 6.25, 12.25, 6.5], "texture": "#0"},
				"up": {"uv": [11.625, 8.5, 11.25, 7.75], "texture": "#0"},
				"down": {"uv": [11.625, 7.75, 11.25, 8.5], "texture": "#0"}
			}
		},
		{
			"from": [1.277, 1.526, 7.502],
			"to": [7.004, 2.522, 8.498],
			"rotation": {"angle": 0, "axis": "y", "origin": [8, 2.522, 8]},
			"faces": {
				"north": {"uv": [9.5, 8.5, 10.875, 8.75], "texture": "#0"},
				"east": {"uv": [3, 12.5, 3.25, 12.75], "texture": "#0"},
				"south": {"uv": [9.25, 9.75, 10.625, 10], "texture": "#0"},
				"west": {"uv": [3.25, 12.5, 3.5, 12.75], "texture": "#0"},
				"up": {"uv": [10.625, 10.25, 9.25, 10], "texture": "#0"},
				"down": {"uv": [10.625, 10, 9.25, 10.25], "texture": "#0"}
			}
		},
		{
			"from": [7.502, 1.526, 8.996],
			"to": [8.498, 2.522, 14.723],
			"rotation": {"angle": 0, "axis": "y", "origin": [7.502, 1.526, 9.992]},
			"faces": {
				"north": {"uv": [3.5, 12.5, 3.75, 12.75], "texture": "#0"},
				"east": {"uv": [10, 2.75, 11.375, 3], "texture": "#0"},
				"south": {"uv": [3.75, 12.5, 4, 12.75], "texture": "#0"},
				"west": {"uv": [10, 3, 11.375, 3.25], "texture": "#0"},
				"up": {"uv": [4.75, 10.625, 4.5, 9.25], "texture": "#0"},
				"down": {"uv": [4.75, 9.25, 4.5, 10.625], "texture": "#0"}
			}
		},
		{
			"from": [8.996, 1.526, 7.502],
			"to": [14.723, 2.522, 8.498],
			"rotation": {"angle": 0, "axis": "y", "origin": [8, 2.522, 8]},
			"faces": {
				"north": {"uv": [10, 3.25, 11.375, 3.5], "texture": "#0"},
				"east": {"uv": [4, 12.5, 4.25, 12.75], "texture": "#0"},
				"south": {"uv": [10, 3.5, 11.375, 3.75], "texture": "#0"},
				"west": {"uv": [4.25, 12.5, 4.5, 12.75], "texture": "#0"},
				"up": {"uv": [11.375, 4, 10, 3.75], "texture": "#0"},
				"down": {"uv": [11.375, 3.75, 10, 4], "texture": "#0"}
			}
		},
		{
			"from": [7.502, 1.526, 1.277],
			"to": [8.498, 2.522, 7.004],
			"rotation": {"angle": 0, "axis": "y", "origin": [7.502, 1.526, 6.008]},
			"faces": {
				"north": {"uv": [4.5, 12.5, 4.75, 12.75], "texture": "#0"},
				"east": {"uv": [10, 4.25, 11.375, 4.5], "texture": "#0"},
				"south": {"uv": [4.75, 12.5, 5, 12.75], "texture": "#0"},
				"west": {"uv": [10, 4.5, 11.375, 4.75], "texture": "#0"},
				"up": {"uv": [6.25, 11.125, 6, 9.75], "texture": "#0"},
				"down": {"uv": [6.25, 9.75, 6, 11.125], "texture": "#0"}
			}
		}
	],
	"gui_light": "front",
	"display": {
		"thirdperson_righthand": {
			"rotation": [0, 90, 0],
			"translation": [0, 7.75, 1],
			"scale": [0.8, 0.8, 0.8]
		},
		"thirdperson_lefthand": {
			"rotation": [0, 90, 0],
			"translation": [0, 7.75, 1],
			"scale": [0.8, 0.8, 0.8]
		},
		"firstperson_righthand": {
			"rotation": [-4.25, -66.5, 0],
			"translation": [1.75, 5.25, 0],
			"scale": [0.7, 0.7, 0.7]
		},
		"firstperson_lefthand": {
			"rotation": [-4.25, -66.5, 0],
			"translation": [1.75, 5.25, 0],
			"scale": [0.7, 0.7, 0.7]
		},
		"ground": {
			"rotation": [0, 0, -33.5],
			"translation": [0, 8.25, 0],
			"scale": [0.7, 0.7, 0.7]
		},
		"gui": {
			"rotation": [0, 0, -45],
			"translation": [-0.75, -0.75, 0],
			"scale": [0.7, 0.7, 0.7]
		},
		"fixed": {
			"rotation": [0, 0, 45],
			"translation": [0, 0, -1]
		}
	},
	"groups": [
		{
			"name": "main",
			"origin": [8, 8, 8],
			"children": [0, 1, 2, 3, 4, 5, 6, 7, 8, 9, 10, 11, 12, 13, 14, 15, 16, 17, 18, 19, 20, 21, 22, 23, 24, 25, 26, 27, 28, 29, 30, 31, 32, 33, 34, 35, 36, 37, 38, 39, 40, 41, 42, 43, 44, 45, 46, 47, 48, 49, 50, 51, 52, 53, 54, 55, 56, 57, 58, 59, 60, 61, 62]
		}
	]
}