{
	"credit": "Made with Blockbench",
	"texture_size": [64, 64],
	"textures": {
		"0": "egypt_crate/pharaoh_axe",
		"particle": "egypt_crate/pharaoh_axe"
	},
	"elements": [
		{
			"from": [7.5, -7, 7.5],
			"to": [8.5, 12, 8.5],
			"faces": {
				"north": {"uv": [0, 2, 0.5, 11.5], "texture": "#0"},
				"east": {"uv": [0, 2, 0.5, 11.5], "texture": "#0"},
				"south": {"uv": [0, 2, 0.5, 11.5], "texture": "#0"},
				"west": {"uv": [0, 2, 0.5, 11.5], "texture": "#0"},
				"up": {"uv": [0, 2, 0.5, 11.5], "texture": "#0"},
				"down": {"uv": [0, 2, 0.5, 11.5], "texture": "#0"}
			}
		},
		{
			"from": [7.25, -5, 7.25],
			"to": [8.75, 6, 8.75],
			"rotation": {"angle": 0, "axis": "y", "origin": [8, 7, 8]},
			"faces": {
				"north": {"uv": [0.75, 5, 0, 10.5], "texture": "#0"},
				"east": {"uv": [0, 5, 0.75, 10.5], "texture": "#0"},
				"south": {"uv": [0.75, 5, 0, 10.5], "texture": "#0"},
				"west": {"uv": [0, 5, 0.75, 10.5], "texture": "#0"},
				"up": {"uv": [1, 4.25, 1.75, 5], "texture": "#0"},
				"down": {"uv": [1, 4.25, 1.75, 5], "texture": "#0"}
			}
		},
		{
			"from": [6.5, 19, 6.25],
			"to": [9.5, 24, 9.75],
			"rotation": {"angle": 0, "axis": "y", "origin": [8, 4, 8]},
			"faces": {
				"north": {"uv": [2.5, 7, 4.25, 9.5], "texture": "#0"},
				"east": {"uv": [0.75, 7, 2.5, 9.5], "texture": "#0"},
				"south": {"uv": [2.5, 7, 4.25, 9.5], "texture": "#0"},
				"west": {"uv": [0.75, 7, 2.5, 9.5], "texture": "#0"},
				"up": {"uv": [0.75, 5.25, 2.5, 7], "texture": "#0"},
				"down": {"uv": [2.5, 5.25, 4.25, 7], "texture": "#0"}
			}
		},
		{
			"from": [6.5, 15, 6.5],
			"to": [9.5, 16, 9.5],
			"rotation": {"angle": 0, "axis": "y", "origin": [8, -4, 8]},
			"faces": {
				"north": {"uv": [1.5, 1.5, 0, 2], "texture": "#0"},
				"east": {"uv": [1.5, 1.5, 3, 2], "texture": "#0"},
				"south": {"uv": [1.5, 1.5, 0, 2], "texture": "#0"},
				"west": {"uv": [1.5, 1.5, 3, 2], "texture": "#0"},
				"up": {"uv": [0, 0, 1.5, 1.5], "texture": "#0"},
				"down": {"uv": [0, 0, 1.5, 1.5], "texture": "#0"}
			}
		},
		{
			"from": [6.5, 14.5, 7.5],
			"to": [9.5, 16.5, 8.5],
			"rotation": {"angle": 0, "axis": "y", "origin": [8, -4.5, 8]},
			"faces": {
				"north": {"uv": [1.5, 0, 2, 1], "texture": "#0"},
				"east": {"uv": [1.5, 0, 2, 1], "texture": "#0"},
				"south": {"uv": [1.5, 0, 2, 1], "texture": "#0"},
				"west": {"uv": [1.5, 0, 2, 1], "texture": "#0"},
				"up": {"uv": [1.5, 0, 2, 1], "rotation": 270, "texture": "#0"},
				"down": {"uv": [1.5, 0, 2, 1], "rotation": 270, "texture": "#0"}
			}
		},
		{
			"from": [7.5, -12, 6.5],
			"to": [8.5, -9, 9.5],
			"rotation": {"angle": 45, "axis": "x", "origin": [8, -10.5, 8]},
			"faces": {
				"north": {"uv": [0, 1.5, 1.5, 2], "rotation": 90, "texture": "#0"},
				"east": {"uv": [2.25, 2.25, 3.75, 3.75], "rotation": 270, "texture": "#0"},
				"south": {"uv": [0, 1.5, 1.5, 2], "rotation": 270, "texture": "#0"},
				"west": {"uv": [2.25, 2.25, 3.75, 3.75], "rotation": 270, "texture": "#0"},
				"up": {"uv": [0, 1.5, 1.5, 2], "rotation": 90, "texture": "#0"},
				"down": {"uv": [0, 1.5, 1.5, 2], "rotation": 90, "texture": "#0"}
			}
		},
		{
			"from": [7, 12, 7],
			"to": [9, 15, 9],
			"rotation": {"angle": 0, "axis": "y", "origin": [8, -5, 8]},
			"faces": {
				"north": {"uv": [1.75, 14.5, 0.75, 16], "texture": "#0"},
				"east": {"uv": [0.75, 14.5, 1.75, 16], "texture": "#0"},
				"south": {"uv": [1.75, 14.5, 0.75, 16], "texture": "#0"},
				"west": {"uv": [0.75, 14.5, 1.75, 16], "texture": "#0"},
				"up": {"uv": [0.75, 13.5, 1.75, 14.5], "texture": "#0"},
				"down": {"uv": [0.75, 13.5, 1.75, 14.5], "texture": "#0"}
			}
		},
		{
			"from": [7, 16, 7],
			"to": [9, 19, 9],
			"rotation": {"angle": 0, "axis": "y", "origin": [8, -1, 8]},
			"faces": {
				"north": {"uv": [1, 2.25, 2, 3.75], "texture": "#0"},
				"east": {"uv": [1, 2.25, 2, 3.75], "texture": "#0"},
				"south": {"uv": [1, 2.25, 2, 3.75], "texture": "#0"},
				"west": {"uv": [1, 2.25, 2, 3.75], "texture": "#0"},
				"up": {"uv": [0.75, 13.5, 1.75, 14.5], "texture": "#0"},
				"down": {"uv": [0.75, 13.5, 1.75, 14.5], "texture": "#0"}
			}
		},
		{
			"from": [7, 8, 7],
			"to": [9, 11, 9],
			"rotation": {"angle": 0, "axis": "y", "origin": [8, -9, 8]},
			"faces": {
				"north": {"uv": [1.75, 14.5, 0.75, 16], "texture": "#0"},
				"east": {"uv": [0.75, 14.5, 1.75, 16], "texture": "#0"},
				"south": {"uv": [1.75, 14.5, 0.75, 16], "texture": "#0"},
				"west": {"uv": [0.75, 14.5, 1.75, 16], "texture": "#0"},
				"up": {"uv": [0.75, 13.5, 1.75, 14.5], "texture": "#0"},
				"down": {"uv": [0.75, 13.5, 1.75, 14.5], "texture": "#0"}
			}
		},
		{
			"from": [7, -10, 7],
			"to": [9, -7, 9],
			"rotation": {"angle": 0, "axis": "y", "origin": [8, -27, 8]},
			"faces": {
				"north": {"uv": [1.75, 14.5, 0.75, 16], "texture": "#0"},
				"east": {"uv": [0.75, 14.5, 1.75, 16], "texture": "#0"},
				"south": {"uv": [1.75, 14.5, 0.75, 16], "texture": "#0"},
				"west": {"uv": [0.75, 14.5, 1.75, 16], "texture": "#0"},
				"up": {"uv": [0.75, 13.5, 1.75, 14.5], "texture": "#0"},
				"down": {"uv": [0.75, 13.5, 1.75, 14.5], "texture": "#0"}
			}
		},
		{
			"from": [7.95, 11, -3.75],
			"to": [8.05, 31, 6.25],
			"rotation": {"angle": 0, "axis": "y", "origin": [8.05, 39, 5.25]},
			"faces": {
				"north": {"uv": [15.75, 0.25, 16, 0], "texture": "#0"},
				"east": {"uv": [11, 16, 6.5, 6], "texture": "#0"},
				"south": {"uv": [15.75, 0.25, 16, 0], "texture": "#0"},
				"west": {"uv": [6.5, 16, 11, 6], "texture": "#0"},
				"up": {"uv": [15.75, 0.25, 16, 0], "texture": "#0"},
				"down": {"uv": [15.75, 0.25, 16, 0], "texture": "#0"}
			}
		},
		{
			"from": [7.95, -16, 4.5],
			"to": [8.05, -9, 11.5],
			"rotation": {"angle": 0, "axis": "y", "origin": [8.05, 12, 12]},
			"faces": {
				"north": {"uv": [15.75, 0.25, 16, 0], "texture": "#0"},
				"east": {"uv": [5.5, 16, 2, 12.5], "texture": "#0"},
				"south": {"uv": [15.75, 0.25, 16, 0], "texture": "#0"},
				"west": {"uv": [2, 16, 5.5, 12.5], "texture": "#0"},
				"up": {"uv": [15.75, 0.25, 16, 0], "texture": "#0"},
				"down": {"uv": [15.75, 0.25, 16, 0], "texture": "#0"}
			}
		},
		{
			"from": [9.6, 17, 9.5],
			"to": [9.7, 22, 12],
			"rotation": {"angle": -22.5, "axis": "x", "origin": [9.7, 18, 9.5]},
			"faces": {
				"north": {"uv": [15.75, 0.25, 16, 0], "texture": "#0"},
				"east": {"uv": [5.75, 7.75, 4.5, 5.25], "texture": "#0"},
				"south": {"uv": [15.75, 0.25, 16, 0], "texture": "#0"},
				"west": {"uv": [4.5, 7.75, 5.75, 5.25], "texture": "#0"},
				"up": {"uv": [15.75, 0.25, 16, 0], "texture": "#0"},
				"down": {"uv": [15.75, 0.25, 16, 0], "texture": "#0"}
			}
		},
		{
			"from": [6.3, 17, 9.5],
			"to": [6.4, 22, 12],
			"rotation": {"angle": -22.5, "axis": "x", "origin": [6.3, 18, 9.5]},
			"faces": {
				"north": {"uv": [16, 0.25, 15.75, 0], "texture": "#0"},
				"east": {"uv": [5.75, 7.75, 4.5, 5.25], "texture": "#0"},
				"south": {"uv": [16, 0.25, 15.75, 0], "texture": "#0"},
				"west": {"uv": [4.5, 7.75, 5.75, 5.25], "texture": "#0"},
				"up": {"uv": [16, 0.25, 15.75, 0], "texture": "#0"},
				"down": {"uv": [16, 0.25, 15.75, 0], "texture": "#0"}
			}
		},
		{
			"from": [9, 22, 9.25],
			"to": [9.1, 27, 11.75],
			"rotation": {"angle": 0, "axis": "y", "origin": [9.1, 23, 9.25]},
			"faces": {
				"north": {"uv": [15.75, 0.25, 16, 0], "texture": "#0"},
				"east": {"uv": [5.75, 10.5, 4.5, 8], "texture": "#0"},
				"south": {"uv": [15.75, 0.25, 16, 0], "texture": "#0"},
				"west": {"uv": [4.5, 10.5, 5.75, 8], "texture": "#0"},
				"up": {"uv": [15.75, 0.25, 16, 0], "texture": "#0"},
				"down": {"uv": [15.75, 0.25, 16, 0], "texture": "#0"}
			}
		},
		{
			"from": [6.9, 22, 9.25],
			"to": [7, 27, 11.75],
			"rotation": {"angle": 0, "axis": "y", "origin": [6.9, 23, 9.25]},
			"faces": {
				"north": {"uv": [16, 0.25, 15.75, 0], "texture": "#0"},
				"east": {"uv": [5.75, 10.5, 4.5, 8], "texture": "#0"},
				"south": {"uv": [16, 0.25, 15.75, 0], "texture": "#0"},
				"west": {"uv": [4.5, 10.5, 5.75, 8], "texture": "#0"},
				"up": {"uv": [16, 0.25, 15.75, 0], "texture": "#0"},
				"down": {"uv": [16, 0.25, 15.75, 0], "texture": "#0"}
			}
		},
		{
			"from": [9, 22, 4.25],
			"to": [9.1, 27, 6.75],
			"rotation": {"angle": 0, "axis": "y", "origin": [9.1, 23, 6.75]},
			"faces": {
				"north": {"uv": [16, 0.25, 15.75, 0], "texture": "#0"},
				"east": {"uv": [4.5, 10.5, 5.75, 8], "texture": "#0"},
				"south": {"uv": [16, 0.25, 15.75, 0], "texture": "#0"},
				"west": {"uv": [5.75, 10.5, 4.5, 8], "texture": "#0"},
				"up": {"uv": [15.75, 0, 16, 0.25], "texture": "#0"},
				"down": {"uv": [15.75, 0, 16, 0.25], "texture": "#0"}
			}
		},
		{
			"from": [6.9, 22, 4.25],
			"to": [7, 27, 6.75],
			"rotation": {"angle": 0, "axis": "y", "origin": [6.9, 23, 6.75]},
			"faces": {
				"north": {"uv": [15.75, 0.25, 16, 0], "texture": "#0"},
				"east": {"uv": [4.5, 10.5, 5.75, 8], "texture": "#0"},
				"south": {"uv": [15.75, 0.25, 16, 0], "texture": "#0"},
				"west": {"uv": [5.75, 10.5, 4.5, 8], "texture": "#0"},
				"up": {"uv": [16, 0, 15.75, 0.25], "texture": "#0"},
				"down": {"uv": [16, 0, 15.75, 0.25], "texture": "#0"}
			}
		},
		{
			"from": [9, 20.75, 3],
			"to": [9.1, 23.25, 8],
			"rotation": {"angle": -22.5, "axis": "x", "origin": [9.1, 23.25, 7]},
			"faces": {
				"north": {"uv": [15.75, 0, 16, 0.25], "rotation": 180, "texture": "#0"},
				"east": {"uv": [4.5, 10.5, 5.75, 8], "rotation": 90, "texture": "#0"},
				"south": {"uv": [15.75, 0, 16, 0.25], "texture": "#0"},
				"west": {"uv": [5.75, 10.5, 4.5, 8], "rotation": 270, "texture": "#0"},
				"up": {"uv": [16, 0.25, 15.75, 0], "texture": "#0"},
				"down": {"uv": [16, 0.25, 15.75, 0], "rotation": 180, "texture": "#0"}
			}
		},
		{
			"from": [6.9, 20.75, 3],
			"to": [7, 23.25, 8],
			"rotation": {"angle": -22.5, "axis": "x", "origin": [6.9, 23.25, 7]},
			"faces": {
				"north": {"uv": [16, 0, 15.75, 0.25], "rotation": 180, "texture": "#0"},
				"east": {"uv": [5.75, 8, 4.5, 10.5], "rotation": 270, "texture": "#0"},
				"south": {"uv": [16, 0, 15.75, 0.25], "texture": "#0"},
				"west": {"uv": [4.5, 8, 5.75, 10.5], "rotation": 90, "texture": "#0"},
				"up": {"uv": [15.75, 0.25, 16, 0], "texture": "#0"},
				"down": {"uv": [15.75, 0.25, 16, 0], "rotation": 180, "texture": "#0"}
			}
		},
		{
			"from": [9, 20.75, 8],
			"to": [9.1, 23.25, 13],
			"rotation": {"angle": 22.5, "axis": "x", "origin": [9.1, 23.25, 9]},
			"faces": {
				"north": {"uv": [16, 0, 15.75, 0.25], "texture": "#0"},
				"east": {"uv": [4.5, 8, 5.75, 10.5], "rotation": 90, "texture": "#0"},
				"south": {"uv": [16, 0, 15.75, 0.25], "rotation": 180, "texture": "#0"},
				"west": {"uv": [5.75, 8, 4.5, 10.5], "rotation": 270, "texture": "#0"},
				"up": {"uv": [16, 0, 15.75, 0.25], "texture": "#0"},
				"down": {"uv": [16, 0, 15.75, 0.25], "rotation": 180, "texture": "#0"}
			}
		},
		{
			"from": [6.9, 20.75, 8],
			"to": [7, 23.25, 13],
			"rotation": {"angle": 22.5, "axis": "x", "origin": [6.9, 23.25, 9]},
			"faces": {
				"north": {"uv": [15.75, 0, 16, 0.25], "texture": "#0"},
				"east": {"uv": [5.75, 10.5, 4.5, 8], "rotation": 270, "texture": "#0"},
				"south": {"uv": [15.75, 0, 16, 0.25], "rotation": 180, "texture": "#0"},
				"west": {"uv": [4.5, 10.5, 5.75, 8], "rotation": 90, "texture": "#0"},
				"up": {"uv": [15.75, 0, 16, 0.25], "texture": "#0"},
				"down": {"uv": [15.75, 0, 16, 0.25], "rotation": 180, "texture": "#0"}
			}
		},
		{
			"from": [9, 19.5, 2.25],
			"to": [9.1, 22, 7.25],
			"rotation": {"angle": -45, "axis": "x", "origin": [9.1, 22, 6.25]},
			"faces": {
				"north": {"uv": [15.75, 0, 16, 0.25], "rotation": 180, "texture": "#0"},
				"east": {"uv": [4.5, 10.5, 5.75, 8], "rotation": 90, "texture": "#0"},
				"south": {"uv": [15.75, 0, 16, 0.25], "texture": "#0"},
				"west": {"uv": [5.75, 10.5, 4.5, 8], "rotation": 270, "texture": "#0"},
				"up": {"uv": [16, 0.25, 15.75, 0], "texture": "#0"},
				"down": {"uv": [16, 0.25, 15.75, 0], "rotation": 180, "texture": "#0"}
			}
		},
		{
			"from": [6.9, 19.5, 2.25],
			"to": [7, 22, 7.25],
			"rotation": {"angle": -45, "axis": "x", "origin": [6.9, 22, 6.25]},
			"faces": {
				"north": {"uv": [16, 0, 15.75, 0.25], "rotation": 180, "texture": "#0"},
				"east": {"uv": [5.75, 8, 4.5, 10.5], "rotation": 270, "texture": "#0"},
				"south": {"uv": [16, 0, 15.75, 0.25], "texture": "#0"},
				"west": {"uv": [4.5, 8, 5.75, 10.5], "rotation": 90, "texture": "#0"},
				"up": {"uv": [15.75, 0.25, 16, 0], "texture": "#0"},
				"down": {"uv": [15.75, 0.25, 16, 0], "rotation": 180, "texture": "#0"}
			}
		},
		{
			"from": [9, 19.5, 8.75],
			"to": [9.1, 22, 13.75],
			"rotation": {"angle": 45, "axis": "x", "origin": [9.1, 22, 9.75]},
			"faces": {
				"north": {"uv": [16, 0, 15.75, 0.25], "texture": "#0"},
				"east": {"uv": [4.5, 8, 5.75, 10.5], "rotation": 90, "texture": "#0"},
				"south": {"uv": [16, 0, 15.75, 0.25], "rotation": 180, "texture": "#0"},
				"west": {"uv": [5.75, 8, 4.5, 10.5], "rotation": 270, "texture": "#0"},
				"up": {"uv": [16, 0, 15.75, 0.25], "texture": "#0"},
				"down": {"uv": [16, 0, 15.75, 0.25], "rotation": 180, "texture": "#0"}
			}
		},
		{
			"from": [6.9, 19.5, 8.75],
			"to": [7, 22, 13.75],
			"rotation": {"angle": 45, "axis": "x", "origin": [6.9, 22, 9.75]},
			"faces": {
				"north": {"uv": [15.75, 0, 16, 0.25], "texture": "#0"},
				"east": {"uv": [5.75, 10.5, 4.5, 8], "rotation": 270, "texture": "#0"},
				"south": {"uv": [15.75, 0, 16, 0.25], "rotation": 180, "texture": "#0"},
				"west": {"uv": [4.5, 10.5, 5.75, 8], "rotation": 90, "texture": "#0"},
				"up": {"uv": [15.75, 0, 16, 0.25], "texture": "#0"},
				"down": {"uv": [15.75, 0, 16, 0.25], "rotation": 180, "texture": "#0"}
			}
		},
		{
			"from": [9.6, 17, 4],
			"to": [9.7, 22, 6.5],
			"rotation": {"angle": 22.5, "axis": "x", "origin": [9.7, 18, 6.5]},
			"faces": {
				"north": {"uv": [16, 0.25, 15.75, 0], "texture": "#0"},
				"east": {"uv": [4.5, 7.75, 5.75, 5.25], "texture": "#0"},
				"south": {"uv": [16, 0.25, 15.75, 0], "texture": "#0"},
				"west": {"uv": [5.75, 7.75, 4.5, 5.25], "texture": "#0"},
				"up": {"uv": [15.75, 0, 16, 0.25], "texture": "#0"},
				"down": {"uv": [15.75, 0, 16, 0.25], "texture": "#0"}
			}
		},
		{
			"from": [6.3, 17, 4],
			"to": [6.4, 22, 6.5],
			"rotation": {"angle": 22.5, "axis": "x", "origin": [6.3, 18, 6.5]},
			"faces": {
				"north": {"uv": [15.75, 0.25, 16, 0], "texture": "#0"},
				"east": {"uv": [4.5, 7.75, 5.75, 5.25], "texture": "#0"},
				"south": {"uv": [15.75, 0.25, 16, 0], "texture": "#0"},
				"west": {"uv": [5.75, 7.75, 4.5, 5.25], "texture": "#0"},
				"up": {"uv": [16, 0, 15.75, 0.25], "texture": "#0"},
				"down": {"uv": [16, 0, 15.75, 0.25], "texture": "#0"}
			}
		},
		{
			"from": [7.95, 11, 9.75],
			"to": [8.05, 31, 19.75],
			"rotation": {"angle": 0, "axis": "y", "origin": [8.05, 39, 10.75]},
			"faces": {
				"north": {"uv": [16, 0.25, 15.75, 0], "texture": "#0"},
				"east": {"uv": [6.5, 16, 11, 6], "texture": "#0"},
				"south": {"uv": [16, 0.25, 15.75, 0], "texture": "#0"},
				"west": {"uv": [11, 16, 6.5, 6], "texture": "#0"},
				"up": {"uv": [15.75, 0, 16, 0.25], "texture": "#0"},
				"down": {"uv": [15.75, 0, 16, 0.25], "texture": "#0"}
			}
		},
		{
			"from": [7.5, 18, 9.5],
			"to": [8.5, 25, 11.5],
			"rotation": {"angle": 0, "axis": "y", "origin": [8, 4, 10.5]},
			"faces": {
				"north": {"uv": [1.5, 9.75, 1.75, 13.25], "texture": "#0"},
				"east": {"uv": [0.75, 9.75, 1.75, 13.25], "texture": "#0"},
				"south": {"uv": [0.75, 9.75, 1, 13.25], "texture": "#0"},
				"west": {"uv": [1.75, 9.75, 0.75, 13.25], "texture": "#0"},
				"up": {"uv": [0.75, 9.75, 1.75, 10], "rotation": 270, "texture": "#0"},
				"down": {"uv": [0.75, 13, 1.75, 13.25], "rotation": 90, "texture": "#0"}
			}
		},
		{
			"from": [7.5, 18, 4.5],
			"to": [8.5, 25, 6.5],
			"rotation": {"angle": 0, "axis": "y", "origin": [8, 4, 5.5]},
			"faces": {
				"north": {"uv": [1, 9.75, 0.75, 13.25], "texture": "#0"},
				"east": {"uv": [1.75, 9.75, 0.75, 13.25], "texture": "#0"},
				"south": {"uv": [1.75, 9.75, 1.5, 13.25], "texture": "#0"},
				"west": {"uv": [0.75, 9.75, 1.75, 13.25], "texture": "#0"},
				"up": {"uv": [1.75, 9.75, 0.75, 10], "rotation": 270, "texture": "#0"},
				"down": {"uv": [1.75, 13, 0.75, 13.25], "rotation": 90, "texture": "#0"}
			}
		}
	],
	"display": {
		"thirdperson_righthand": {
			"translation": [0, 3.25, 1.25],
			"scale": [0.75, 0.75, 0.75]
		},
		"thirdperson_lefthand": {
			"translation": [0, 3.25, 1.25],
			"scale": [0.75, 0.75, 0.75]
		},
		"firstperson_righthand": {
			"rotation": [-17.25, 5.5, -2.5],
			"translation": [0, 2, 0],
			"scale": [0.5, 0.5, 0.5]
		},
		"firstperson_lefthand": {
			"rotation": [-17.25, 5.5, -2.5],
			"translation": [0, 2, 0],
			"scale": [0.5, 0.5, 0.5]
		},
		"ground": {
			"rotation": [0, 0, 42.5],
			"translation": [0, 1.75, 0],
			"scale": [0.3, 0.3, 0.3]
		},
		"gui": {
			"rotation": [34, 38.5, -53.5],
			"translation": [-0.5, -0.5, 0],
			"scale": [0.4, 0.4, 0.4]
		},
		"head": {
			"rotation": [90, -118.25, 77.5],
			"translation": [1.5, -8.75, 7],
			"scale": [1.5, 1.5, 1.5]
		},
		"fixed": {
			"rotation": [0, 90, 0],
			"translation": [0, 0, -1.5],
			"scale": [0.4, 0.4, 0.4]
		}
	},
	"groups": [
		{
			"name": "group",
			"origin": [8, 4, 5.5],
			"children": [0, 1, 2, 3, 4, 5, 6, 7, 8, 9, 10, 11, 12, 13, 14, 15, 16, 17, 18, 19, 20, 21, 22, 23, 24, 25, 26, 27, 28, 29, 30]
		}
	]
}