{
	"credit": "Made with Blockbench",
	"texture_size": [64, 64],
	"textures": {
		"1": "boss_weapon/boss_sword_extra",
		"3": "boss_weapon/boss_sword_main",
		"5": "boss_weapon/boss_hammer_blade",
		"particle": "boss_weapon/boss_sword_handle"
	},
	"elements": [
		{
			"from": [7.25, -10.6, 7.15],
			"to": [8.75, -9.1, 8.75],
			"rotation": {"angle": 0, "axis": "y", "origin": [15.5, -1.85, 15.5]},
			"faces": {
				"north": {"uv": [3.25, 4.25, 3.5, 4.5], "texture": "#3"},
				"east": {"uv": [3, 4.25, 3.25, 4.5], "texture": "#3"},
				"south": {"uv": [3.75, 4.25, 4, 4.5], "texture": "#3"},
				"west": {"uv": [3.5, 4.25, 3.75, 4.5], "texture": "#3"},
				"up": {"uv": [3.5, 4.25, 3.25, 4], "texture": "#3"},
				"down": {"uv": [3.75, 4, 3.5, 4.25], "texture": "#3"}
			}
		},
		{
			"from": [6.5, -11.35, 6.65],
			"to": [9.5, -9.35, 8],
			"rotation": {"angle": 0, "axis": "y", "origin": [15.5, -4.1, 13.25]},
			"faces": {
				"north": {"uv": [4.75, 1, 5.5, 1.5], "texture": "#1"},
				"east": {"uv": [4.5, 1, 4.75, 1.5], "texture": "#1"},
				"south": {"uv": [5.75, 1, 6.5, 1.5], "texture": "#1"},
				"west": {"uv": [5.5, 1, 5.75, 1.5], "texture": "#1"},
				"up": {"uv": [5.5, 1, 4.75, 0.75], "texture": "#1"},
				"down": {"uv": [6.25, 0.75, 5.5, 1], "texture": "#1"}
			}
		},
		{
			"from": [6.5, 2.75, 6.65],
			"to": [9.5, 4.75, 8],
			"rotation": {"angle": 0, "axis": "y", "origin": [15.5, 10, 13.25]},
			"faces": {
				"north": {"uv": [4.75, 1, 5.5, 1.5], "texture": "#1"},
				"east": {"uv": [4.5, 1, 4.75, 1.5], "texture": "#1"},
				"south": {"uv": [5.75, 1, 6.5, 1.5], "texture": "#1"},
				"west": {"uv": [5.5, 1, 5.75, 1.5], "texture": "#1"},
				"up": {"uv": [5.5, 1, 4.75, 0.75], "texture": "#1"},
				"down": {"uv": [6.25, 0.75, 5.5, 1], "texture": "#1"}
			}
		},
		{
			"from": [6.5, -3.5, 6.65],
			"to": [9.5, -1.5, 8],
			"rotation": {"angle": 0, "axis": "y", "origin": [15.5, 3.75, 13.25]},
			"faces": {
				"north": {"uv": [4.75, 1, 5.5, 1.5], "texture": "#1"},
				"east": {"uv": [4.5, 1, 4.75, 1.5], "texture": "#1"},
				"south": {"uv": [5.75, 1, 6.5, 1.5], "texture": "#1"},
				"west": {"uv": [5.5, 1, 5.75, 1.5], "texture": "#1"},
				"up": {"uv": [5.5, 1, 4.75, 0.75], "texture": "#1"},
				"down": {"uv": [6.25, 0.75, 5.5, 1], "texture": "#1"}
			}
		},
		{
			"from": [5.1, 2.25, 3.4],
			"to": [8.1, 4.25, 4.75],
			"rotation": {"angle": 22.5, "axis": "y", "origin": [14.1, 9.5, 10]},
			"faces": {
				"north": {"uv": [4.75, 1, 5.5, 1.5], "texture": "#1"},
				"east": {"uv": [4.5, 1, 4.75, 1.5], "texture": "#1"},
				"south": {"uv": [5.75, 1, 6.5, 1.5], "texture": "#1"},
				"west": {"uv": [5.5, 1, 5.75, 1.5], "texture": "#1"},
				"up": {"uv": [5.5, 1, 4.75, 0.75], "texture": "#1"},
				"down": {"uv": [6.25, 0.75, 5.5, 1], "texture": "#1"}
			}
		},
		{
			"from": [7.9, 2.25, 3.4],
			"to": [10.9, 4.25, 4.75],
			"shade": false,
			"rotation": {"angle": -22.5, "axis": "y", "origin": [1.9, 9.5, 10]},
			"faces": {
				"north": {"uv": [5.5, 1, 4.75, 1.5], "texture": "#1"},
				"east": {"uv": [5.75, 1, 5.5, 1.5], "texture": "#1"},
				"south": {"uv": [6.5, 1, 5.75, 1.5], "texture": "#1"},
				"west": {"uv": [4.75, 1, 4.5, 1.5], "texture": "#1"},
				"up": {"uv": [4.75, 1, 5.5, 0.75], "texture": "#1"},
				"down": {"uv": [5.5, 0.75, 6.25, 1], "texture": "#1"}
			}
		},
		{
			"from": [6.5, -11.35, 8],
			"to": [9.5, -9.35, 9.25],
			"rotation": {"angle": 0, "axis": "y", "origin": [15.5, -4.1, 14.5]},
			"faces": {
				"north": {"uv": [3.75, 1, 4.5, 1.5], "texture": "#1"},
				"east": {"uv": [3.5, 1, 3.75, 1.5], "texture": "#1"},
				"south": {"uv": [4.75, 1, 5.5, 1.5], "texture": "#1"},
				"west": {"uv": [4.5, 1, 4.75, 1.5], "texture": "#1"},
				"up": {"uv": [4.5, 1, 3.75, 0.75], "texture": "#1"},
				"down": {"uv": [5.25, 0.75, 4.5, 1], "texture": "#1"}
			}
		},
		{
			"from": [6.5, 2.75, 8],
			"to": [9.5, 4.75, 9.25],
			"rotation": {"angle": 0, "axis": "y", "origin": [15.5, 10, 14.5]},
			"faces": {
				"north": {"uv": [3.75, 1, 4.5, 1.5], "texture": "#1"},
				"east": {"uv": [3.5, 1, 3.75, 1.5], "texture": "#1"},
				"south": {"uv": [4.75, 1, 5.5, 1.5], "texture": "#1"},
				"west": {"uv": [4.5, 1, 4.75, 1.5], "texture": "#1"},
				"up": {"uv": [4.5, 1, 3.75, 0.75], "texture": "#1"},
				"down": {"uv": [5.25, 0.75, 4.5, 1], "texture": "#1"}
			}
		},
		{
			"from": [6.5, -3.5, 8],
			"to": [9.5, -1.5, 9.25],
			"rotation": {"angle": 0, "axis": "y", "origin": [15.5, 3.75, 14.5]},
			"faces": {
				"north": {"uv": [3.75, 1, 4.5, 1.5], "texture": "#1"},
				"east": {"uv": [3.5, 1, 3.75, 1.5], "texture": "#1"},
				"south": {"uv": [4.75, 1, 5.5, 1.5], "texture": "#1"},
				"west": {"uv": [4.5, 1, 4.75, 1.5], "texture": "#1"},
				"up": {"uv": [4.5, 1, 3.75, 0.75], "texture": "#1"},
				"down": {"uv": [5.25, 0.75, 4.5, 1], "texture": "#1"}
			}
		},
		{
			"from": [5.55, 2.25, 4.6],
			"to": [8.55, 4.25, 5.85],
			"rotation": {"angle": 22.5, "axis": "y", "origin": [14.55, 9.5, 11.1]},
			"faces": {
				"north": {"uv": [3.75, 1, 4.5, 1.5], "texture": "#1"},
				"east": {"uv": [3.5, 1, 3.75, 1.5], "texture": "#1"},
				"south": {"uv": [4.75, 1, 5.5, 1.5], "texture": "#1"},
				"west": {"uv": [4.5, 1, 4.75, 1.5], "texture": "#1"},
				"up": {"uv": [4.5, 1, 3.75, 0.75], "texture": "#1"},
				"down": {"uv": [5.25, 0.75, 4.5, 1], "texture": "#1"}
			}
		},
		{
			"from": [7.45, 2.25, 4.6],
			"to": [10.45, 4.25, 5.85],
			"shade": false,
			"rotation": {"angle": -22.5, "axis": "y", "origin": [1.45, 9.5, 11.1]},
			"faces": {
				"north": {"uv": [4.5, 1, 3.75, 1.5], "texture": "#1"},
				"east": {"uv": [4.75, 1, 4.5, 1.5], "texture": "#1"},
				"south": {"uv": [5.5, 1, 4.75, 1.5], "texture": "#1"},
				"west": {"uv": [3.75, 1, 3.5, 1.5], "texture": "#1"},
				"up": {"uv": [3.75, 1, 4.5, 0.75], "texture": "#1"},
				"down": {"uv": [4.5, 0.75, 5.25, 1], "texture": "#1"}
			}
		},
		{
			"from": [7, -12.5, 6.65],
			"to": [9, -11.35, 8],
			"rotation": {"angle": 0, "axis": "y", "origin": [15.6, -5.85, 13.25]},
			"faces": {
				"north": {"uv": [5.75, 2.75, 6.25, 3], "texture": "#1"},
				"east": {"uv": [5.5, 2.75, 5.75, 3], "texture": "#1"},
				"south": {"uv": [6.5, 2.75, 7, 3], "texture": "#1"},
				"west": {"uv": [6.25, 2.75, 6.5, 3], "texture": "#1"},
				"up": {"uv": [6.25, 2.75, 5.75, 2.5], "texture": "#1"},
				"down": {"uv": [6.75, 2.5, 6.25, 2.75], "texture": "#1"}
			}
		},
		{
			"from": [7, 1.6, 6.65],
			"to": [9, 2.75, 8],
			"rotation": {"angle": 0, "axis": "y", "origin": [15.6, 8.25, 13.25]},
			"faces": {
				"north": {"uv": [5.75, 2.75, 6.25, 3], "texture": "#1"},
				"east": {"uv": [5.5, 2.75, 5.75, 3], "texture": "#1"},
				"south": {"uv": [6.5, 2.75, 7, 3], "texture": "#1"},
				"west": {"uv": [6.25, 2.75, 6.5, 3], "texture": "#1"},
				"up": {"uv": [6.25, 2.75, 5.75, 2.5], "texture": "#1"},
				"down": {"uv": [6.75, 2.5, 6.25, 2.75], "texture": "#1"}
			}
		},
		{
			"from": [7, -4.65, 6.65],
			"to": [9, -3.5, 8],
			"rotation": {"angle": 0, "axis": "y", "origin": [15.6, 2, 13.25]},
			"faces": {
				"north": {"uv": [5.75, 2.75, 6.25, 3], "texture": "#1"},
				"east": {"uv": [5.5, 2.75, 5.75, 3], "texture": "#1"},
				"south": {"uv": [6.5, 2.75, 7, 3], "texture": "#1"},
				"west": {"uv": [6.25, 2.75, 6.5, 3], "texture": "#1"},
				"up": {"uv": [6.25, 2.75, 5.75, 2.5], "texture": "#1"},
				"down": {"uv": [6.75, 2.5, 6.25, 2.75], "texture": "#1"}
			}
		},
		{
			"from": [5.6, 1.1, 3.4],
			"to": [7.6, 2.25, 4.75],
			"rotation": {"angle": 22.5, "axis": "y", "origin": [14.2, 7.75, 10]},
			"faces": {
				"north": {"uv": [5.75, 2.75, 6.25, 3], "texture": "#1"},
				"east": {"uv": [5.5, 2.75, 5.75, 3], "texture": "#1"},
				"south": {"uv": [6.5, 2.75, 7, 3], "texture": "#1"},
				"west": {"uv": [6.25, 2.75, 6.5, 3], "texture": "#1"},
				"up": {"uv": [6.25, 2.75, 5.75, 2.5], "texture": "#1"},
				"down": {"uv": [6.75, 2.5, 6.25, 2.75], "texture": "#1"}
			}
		},
		{
			"from": [8.4, 1.1, 3.4],
			"to": [10.4, 2.25, 4.75],
			"shade": false,
			"rotation": {"angle": -22.5, "axis": "y", "origin": [1.8, 7.75, 10]},
			"faces": {
				"north": {"uv": [6.25, 2.75, 5.75, 3], "texture": "#1"},
				"east": {"uv": [6.5, 2.75, 6.25, 3], "texture": "#1"},
				"south": {"uv": [7, 2.75, 6.5, 3], "texture": "#1"},
				"west": {"uv": [5.75, 2.75, 5.5, 3], "texture": "#1"},
				"up": {"uv": [5.75, 2.75, 6.25, 2.5], "texture": "#1"},
				"down": {"uv": [6.25, 2.5, 6.75, 2.75], "texture": "#1"}
			}
		},
		{
			"from": [7, -12.5, 7.9],
			"to": [9, -11.35, 9.25],
			"rotation": {"angle": 0, "axis": "y", "origin": [15.6, -5.85, 14.5]},
			"faces": {
				"north": {"uv": [5, 2.75, 5.5, 3], "texture": "#1"},
				"east": {"uv": [4.75, 2.75, 5, 3], "texture": "#1"},
				"south": {"uv": [5.75, 2.75, 6.25, 3], "texture": "#1"},
				"west": {"uv": [5.5, 2.75, 5.75, 3], "texture": "#1"},
				"up": {"uv": [5.5, 2.75, 5, 2.5], "texture": "#1"},
				"down": {"uv": [6, 2.5, 5.5, 2.75], "texture": "#1"}
			}
		},
		{
			"from": [7, 1.6, 7.9],
			"to": [9, 2.75, 9.25],
			"rotation": {"angle": 0, "axis": "y", "origin": [15.6, 8.25, 14.5]},
			"faces": {
				"north": {"uv": [5, 2.75, 5.5, 3], "texture": "#1"},
				"east": {"uv": [4.75, 2.75, 5, 3], "texture": "#1"},
				"south": {"uv": [5.75, 2.75, 6.25, 3], "texture": "#1"},
				"west": {"uv": [5.5, 2.75, 5.75, 3], "texture": "#1"},
				"up": {"uv": [5.5, 2.75, 5, 2.5], "texture": "#1"},
				"down": {"uv": [6, 2.5, 5.5, 2.75], "texture": "#1"}
			}
		},
		{
			"from": [7, -4.65, 7.9],
			"to": [9, -3.5, 9.25],
			"rotation": {"angle": 0, "axis": "y", "origin": [15.6, 2, 14.5]},
			"faces": {
				"north": {"uv": [5, 2.75, 5.5, 3], "texture": "#1"},
				"east": {"uv": [4.75, 2.75, 5, 3], "texture": "#1"},
				"south": {"uv": [5.75, 2.75, 6.25, 3], "texture": "#1"},
				"west": {"uv": [5.5, 2.75, 5.75, 3], "texture": "#1"},
				"up": {"uv": [5.5, 2.75, 5, 2.5], "texture": "#1"},
				"down": {"uv": [6, 2.5, 5.5, 2.75], "texture": "#1"}
			}
		},
		{
			"from": [6.05, 1.1, 4.5],
			"to": [8.05, 2.25, 5.85],
			"rotation": {"angle": 22.5, "axis": "y", "origin": [14.65, 7.75, 11.1]},
			"faces": {
				"north": {"uv": [5, 2.75, 5.5, 3], "texture": "#1"},
				"east": {"uv": [4.75, 2.75, 5, 3], "texture": "#1"},
				"south": {"uv": [5.75, 2.75, 6.25, 3], "texture": "#1"},
				"west": {"uv": [5.5, 2.75, 5.75, 3], "texture": "#1"},
				"up": {"uv": [5.5, 2.75, 5, 2.5], "texture": "#1"},
				"down": {"uv": [6, 2.5, 5.5, 2.75], "texture": "#1"}
			}
		},
		{
			"from": [7.95, 1.1, 4.5],
			"to": [9.95, 2.25, 5.85],
			"shade": false,
			"rotation": {"angle": -22.5, "axis": "y", "origin": [1.35, 7.75, 11.1]},
			"faces": {
				"north": {"uv": [5.5, 2.75, 5, 3], "texture": "#1"},
				"east": {"uv": [5.75, 2.75, 5.5, 3], "texture": "#1"},
				"south": {"uv": [6.25, 2.75, 5.75, 3], "texture": "#1"},
				"west": {"uv": [5, 2.75, 4.75, 3], "texture": "#1"},
				"up": {"uv": [5, 2.75, 5.5, 2.5], "texture": "#1"},
				"down": {"uv": [5.5, 2.5, 6, 2.75], "texture": "#1"}
			}
		},
		{
			"from": [4.25, 3.75, 8.15],
			"to": [11.75, 31.5, 8.15],
			"rotation": {"angle": 0, "axis": "y", "origin": [14.5, 11.5, 15.4]},
			"faces": {
				"north": {"uv": [4.5, 1, 6.25, 7.75], "texture": "#5"},
				"east": {"uv": [4.5, 1, 4.5, 7.75], "texture": "#5"},
				"south": {"uv": [6.25, 1, 8, 7.75], "texture": "#5"},
				"west": {"uv": [6.25, 1, 6.25, 7.75], "texture": "#5"},
				"up": {"uv": [6.25, 1, 4.5, 1], "texture": "#5"},
				"down": {"uv": [8, 1, 6.25, 1], "texture": "#5"}
			}
		},
		{
			"from": [4.25, 3.75, 7.875],
			"to": [11.75, 31.5, 7.875],
			"rotation": {"angle": 0, "axis": "y", "origin": [8, 11.5, 7.875]},
			"faces": {
				"north": {"uv": [6.25, 1, 8, 7.75], "texture": "#5"},
				"east": {"uv": [6.25, 1, 6.25, 7.75], "texture": "#5"},
				"south": {"uv": [8, 1, 9.75, 7.75], "texture": "#5"},
				"west": {"uv": [8, 1, 8, 7.75], "texture": "#5"},
				"up": {"uv": [8, 1, 6.25, 1], "texture": "#5"},
				"down": {"uv": [9.75, 1, 8, 1], "texture": "#5"}
			}
		},
		{
			"from": [5.25, 27.5, 8],
			"to": [10.75, 31.5, 8],
			"rotation": {"angle": 0, "axis": "y", "origin": [14.5, 11.5, 15.25]},
			"faces": {
				"north": {"uv": [1, 1, 2.25, 2], "texture": "#5"},
				"east": {"uv": [1, 1, 1, 2], "texture": "#5"},
				"south": {"uv": [2.25, 1, 3.5, 2], "texture": "#5"},
				"west": {"uv": [2.25, 1, 2.25, 2], "texture": "#5"},
				"up": {"uv": [2.25, 1, 1, 1], "texture": "#5"},
				"down": {"uv": [3.5, 1, 2.25, 1], "texture": "#5"}
			}
		},
		{
			"from": [5.25, 3.75, 7.9],
			"to": [10.75, 27.65, 8],
			"rotation": {"angle": 0, "axis": "y", "origin": [14.5, 11.5, 15.15]},
			"faces": {
				"north": {"uv": [1, 2, 2.25, 7.75], "texture": "#5"},
				"east": {"uv": [1, 2, 1, 7.75], "texture": "#5"},
				"south": {"uv": [2.25, 2, 3.5, 7.75], "texture": "#5"},
				"west": {"uv": [2.25, 2, 2.25, 7.75], "texture": "#5"},
				"up": {"uv": [2.25, 2, 1, 2], "texture": "#5"},
				"down": {"uv": [3.5, 2, 2.25, 2], "texture": "#5"}
			}
		},
		{
			"from": [5.25, 3.75, 8],
			"to": [10.75, 27.65, 8.1],
			"rotation": {"angle": 0, "axis": "y", "origin": [14.5, 11.5, 15.25]},
			"faces": {
				"north": {"uv": [1, 2, 2.25, 7.75], "texture": "#5"},
				"east": {"uv": [1, 2, 1, 7.75], "texture": "#5"},
				"south": {"uv": [2.25, 2, 3.5, 7.75], "texture": "#5"},
				"west": {"uv": [2.25, 2, 2.25, 7.75], "texture": "#5"},
				"up": {"uv": [2.25, 2, 1, 2], "texture": "#5"},
				"down": {"uv": [3.5, 2, 2.25, 2], "texture": "#5"}
			}
		},
		{
			"from": [7.5, -1.65, 7.5],
			"to": [8.5, 1.6, 8.5],
			"rotation": {"angle": 0, "axis": "y", "origin": [15.5, 6.1, 15.5]},
			"faces": {
				"north": {"uv": [0.25, 2.25, 0.5, 3], "texture": "#3"},
				"east": {"uv": [0, 2.25, 0.25, 3], "texture": "#3"},
				"south": {"uv": [0.75, 2.25, 1, 3], "texture": "#3"},
				"west": {"uv": [0.5, 2.25, 0.75, 3], "texture": "#3"},
				"up": {"uv": [0.5, 2.25, 0.25, 2], "texture": "#3"},
				"down": {"uv": [0.75, 2, 0.5, 2.25], "texture": "#3"}
			}
		},
		{
			"from": [6.05, -1.85, 7.35],
			"to": [7.05, 2.65, 8.65],
			"rotation": {"angle": 22.5, "axis": "z", "origin": [7.05, 0.15, 8]},
			"faces": {
				"north": {"uv": [0.25, 0.25, 0.5, 1.25], "texture": "#3"},
				"east": {"uv": [0, 0.25, 0.25, 1.25], "texture": "#3"},
				"south": {"uv": [0.75, 0.25, 1, 1.25], "texture": "#3"},
				"west": {"uv": [0.5, 0.25, 0.75, 1.25], "texture": "#3"},
				"up": {"uv": [0.5, 0.25, 0.25, 0], "texture": "#3"},
				"down": {"uv": [0.75, 0, 0.5, 0.25], "texture": "#3"}
			}
		},
		{
			"from": [8.95, -1.85, 7.35],
			"to": [9.95, 2.65, 8.65],
			"shade": false,
			"rotation": {"angle": -22.5, "axis": "z", "origin": [8.95, 0.15, 8]},
			"faces": {
				"north": {"uv": [0.5, 0.25, 0.25, 1.25], "texture": "#3"},
				"east": {"uv": [0.75, 0.25, 0.5, 1.25], "texture": "#3"},
				"south": {"uv": [1, 0.25, 0.75, 1.25], "texture": "#3"},
				"west": {"uv": [0.25, 0.25, 0, 1.25], "texture": "#3"},
				"up": {"uv": [0.25, 0.25, 0.5, 0], "texture": "#3"},
				"down": {"uv": [0.5, 0, 0.75, 0.25], "texture": "#3"}
			}
		},
		{
			"from": [7.5, -9.1, 7.4],
			"to": [8.5, -4.6, 8.5],
			"rotation": {"angle": 0, "axis": "y", "origin": [15.5, -3.35, 15.5]},
			"faces": {
				"north": {"uv": [2.25, 0.25, 2.5, 1.25], "texture": "#3"},
				"east": {"uv": [2, 0.25, 2.25, 1.25], "texture": "#3"},
				"south": {"uv": [2.75, 0.25, 3, 1.25], "texture": "#3"},
				"west": {"uv": [2.5, 0.25, 2.75, 1.25], "texture": "#3"},
				"up": {"uv": [2.5, 0.25, 2.25, 0], "texture": "#3"},
				"down": {"uv": [2.75, 0, 2.5, 0.25], "texture": "#3"}
			}
		}
	],
	"display": {
		"thirdperson_righthand": {
			"rotation": [0, -90, 0],
			"translation": [0, 16, 1.25],
			"scale": [1.2, 1.2, 1.2]
		},
		"thirdperson_lefthand": {
			"rotation": [0, -90, 0],
			"translation": [0, 16, 1.25],
			"scale": [1.2, 1.2, 1.2]
		},
		"firstperson_righthand": {
			"rotation": [0, -65.5, 0],
			"translation": [2, 1.75, 0],
			"scale": [0.6, 0.6, 0.6]
		},
		"firstperson_lefthand": {
			"rotation": [0, -65.5, 0],
			"translation": [2, 1.75, 0],
			"scale": [0.6, 0.6, 0.6]
		},
		"ground": {
			"translation": [0, 16.5, 0]
		},
		"gui": {
			"rotation": [0, 0, -43.75],
			"translation": [-1, -0.75, 0],
			"scale": [0.6, 0.6, 0.6]
		},
		"head": {
			"translation": [0, 15, 0]
		},
		"fixed": {
			"rotation": [0, 0, 40.25],
			"translation": [0, 0, -1.5]
		}
	},
	"groups": [
		{
			"name": "main",
			"origin": [8, 8, 8],
			"children": [0, 1, 2, 3, 4, 5, 6, 7, 8, 9, 10, 11, 12, 13, 14, 15, 16, 17, 18, 19, 20, 21, 22, 23, 24, 25, 26, 27, 28, 29]
		}
	]
}