{
	"credit": "Model by Samuel McLaughlin with Blockbench ",
	"texture_size": [128, 128],
	"textures": {
		"0": "magic_crate/ice_sword",
		"particle": "magic_crate/ice_sword"
	},
	"elements": [
		{
			"from": [7.5, -7, 7],
			"to": [9, -5.5, 8.5],
			"rotation": {"angle": 0, "axis": "y", "origin": [11.5, -3, 12]},
			"faces": {
				"north": {"uv": [4.5, 0.75, 4.875, 1.125], "texture": "#0"},
				"east": {"uv": [4.5, 0.75, 4.875, 1.125], "texture": "#0"},
				"south": {"uv": [4.5, 0.75, 4.875, 1.125], "texture": "#0"},
				"west": {"uv": [4.5, 0.75, 4.875, 1.125], "texture": "#0"},
				"up": {"uv": [4.5, 0.75, 4.875, 1.125], "texture": "#0"},
				"down": {"uv": [4.5, 0.75, 4.875, 1.125], "texture": "#0"}
			}
		},
		{
			"from": [7.5, -4.5, 7],
			"to": [9, -3.5, 8.5],
			"rotation": {"angle": 0, "axis": "y", "origin": [11.5, -0.5, 12]},
			"faces": {
				"north": {"uv": [4.875, 2.375, 5.25, 2.625], "texture": "#0"},
				"east": {"uv": [4.875, 2.375, 5.25, 2.625], "texture": "#0"},
				"south": {"uv": [4.875, 2.375, 5.25, 2.625], "texture": "#0"},
				"west": {"uv": [4.875, 2.375, 5.25, 2.625], "texture": "#0"},
				"up": {"uv": [5, 0.375, 4.625, 0], "texture": "#0"},
				"down": {"uv": [5, 0.375, 4.625, 0], "texture": "#0"}
			}
		},
		{
			"from": [7.75, -8, 7.25],
			"to": [8.75, -7, 8.25],
			"rotation": {"angle": 0, "axis": "y", "origin": [11.75, -3, 12.25]},
			"faces": {
				"north": {"uv": [5, 4, 5.25, 4.25], "texture": "#0"},
				"east": {"uv": [5, 4, 5.25, 4.25], "texture": "#0"},
				"south": {"uv": [5, 4, 5.25, 4.25], "texture": "#0"},
				"west": {"uv": [5, 4, 5.25, 4.25], "texture": "#0"},
				"up": {"uv": [5, 4, 5.25, 4.25], "texture": "#0"},
				"down": {"uv": [5, 4, 5.25, 4.25], "texture": "#0"}
			}
		},
		{
			"from": [7.75, -5.5, 7.25],
			"to": [8.75, -1.5, 8.25],
			"rotation": {"angle": 0, "axis": "y", "origin": [11.75, -0.5, 12.25]},
			"faces": {
				"north": {"uv": [3.875, 1.875, 4.125, 2.875], "texture": "#0"},
				"east": {"uv": [3.875, 1.875, 4.125, 2.875], "texture": "#0"},
				"south": {"uv": [3.875, 1.875, 4.125, 2.875], "texture": "#0"},
				"west": {"uv": [3.875, 1.875, 4.125, 2.875], "texture": "#0"},
				"up": {"uv": [5.375, 1.25, 5.125, 1], "texture": "#0"},
				"down": {"uv": [5.375, 4.25, 5.125, 4.5], "texture": "#0"}
			}
		},
		{
			"from": [6.75, -1.5, 6.875],
			"to": [9.75, 1.5, 8.375],
			"rotation": {"angle": 45, "axis": "z", "origin": [8.25, 0, 7.625]},
			"faces": {
				"north": {"uv": [2.125, 0, 2.875, 0.75], "texture": "#0"},
				"east": {"uv": [2.875, 0, 3.25, 0.75], "texture": "#0"},
				"south": {"uv": [2.125, 0, 2.875, 0.75], "texture": "#0"},
				"west": {"uv": [3.25, 0, 3.625, 0.75], "texture": "#0"},
				"up": {"uv": [4, 1.5, 3.25, 1.125], "texture": "#0"},
				"down": {"uv": [4, 1.5, 3.25, 1.875], "texture": "#0"}
			}
		},
		{
			"from": [8.2125, 2.5, 7],
			"to": [9.7125, 4, 8],
			"rotation": {"angle": 45, "axis": "z", "origin": [8.2125, 2.5, 7.75]},
			"faces": {
				"north": {"uv": [4.625, 3.875, 5, 4.25], "texture": "#0"},
				"east": {"uv": [5, 0.375, 5.25, 0.75], "texture": "#0"},
				"south": {"uv": [4.625, 3.875, 5, 4.25], "texture": "#0"},
				"west": {"uv": [5, 1.5, 5.25, 1.875], "texture": "#0"},
				"up": {"uv": [5.25, 3.125, 4.875, 2.875], "texture": "#0"},
				"down": {"uv": [5.375, 3.125, 5, 3.375], "texture": "#0"}
			}
		},
		{
			"from": [7.1625, 18.0125, 7.125],
			"to": [9.1625, 19.975, 7.625],
			"rotation": {"angle": 45, "axis": "z", "origin": [7.1625, 19.5125, 7.875]},
			"faces": {
				"north": {"uv": [4.125, 1.5, 4.625, 2], "rotation": 270, "texture": "#0"},
				"east": {"uv": [5.25, 2.125, 5.375, 2.625], "texture": "#0"},
				"south": {"uv": [4.125, 1.5, 4.625, 2], "texture": "#0"},
				"west": {"uv": [5.25, 2.625, 5.375, 3.125], "texture": "#missing"},
				"up": {"uv": [5.75, 0.625, 5.25, 0.5], "texture": "#0"},
				"down": {"uv": [5.75, 0.625, 5.25, 0.75], "texture": "#missing"}
			}
		},
		{
			"from": [7.21132, 0.61132, 6.99],
			"to": [9.23132, 3.63132, 8.01],
			"rotation": {"angle": 0, "axis": "z", "origin": [8.22132, 2.12132, 7.75]},
			"faces": {
				"north": {"uv": [2.75, 1.875, 3.25, 2.625], "texture": "#0"},
				"east": {"uv": [4.375, 3.625, 4.625, 4.375], "texture": "#0"},
				"south": {"uv": [2.75, 1.875, 3.25, 2.625], "texture": "#0"},
				"west": {"uv": [4.5, 4.5, 4.75, 5.25], "texture": "#0"},
				"up": {"uv": [5.375, 1.5, 4.875, 1.25], "texture": "#0"},
				"down": {"uv": [5.375, 1.875, 4.875, 2.125], "texture": "#0"}
			}
		},
		{
			"from": [6.69132, 0.59132, 7.095],
			"to": [9.75132, 20.015, 7.655],
			"rotation": {"angle": 0, "axis": "z", "origin": [8.22132, 8.62132, 7.375]},
			"faces": {
				"north": {"uv": [3.5, 3.5, 4.25, 8.375], "texture": "#0"},
				"east": {"uv": [4.25, 4.25, 4.375, 9.125], "texture": "#0"},
				"south": {"uv": [3.5, 3.5, 4.25, 8.375], "texture": "#0"},
				"west": {"uv": [4.375, 4.375, 4.5, 9.25], "texture": "#0"},
				"up": {"uv": [3.5, 2.75, 2.75, 2.625], "texture": "#0"},
				"down": {"uv": [5.75, 3.375, 5, 3.5], "texture": "#0"}
			}
		},
		{
			"from": [9.69132, 0.59132, 7.345],
			"to": [15.25132, 20.015, 7.405],
			"rotation": {"angle": 0, "axis": "z", "origin": [8.72132, 8.62132, 7.125]},
			"faces": {
				"north": {"uv": [2.75, 1.375, 1.375, 6.25], "texture": "#0"},
				"east": {"uv": [0, 0, 0, 4.875], "texture": "#missing"},
				"south": {"uv": [1.375, 1.375, 2.75, 6.25], "texture": "#0"},
				"west": {"uv": [0, 0, 0, 4.875], "texture": "#missing"},
				"up": {"uv": [1.375, 0, 0, 0], "texture": "#missing"},
				"down": {"uv": [1.375, 0, 0, 0], "texture": "#missing"}
			}
		},
		{
			"from": [1.24868, 0.59132, 7.345],
			"to": [6.80868, 20.015, 7.405],
			"rotation": {"angle": 0, "axis": "z", "origin": [7.77868, 8.62132, 7.125]},
			"faces": {
				"north": {"uv": [1.375, 1.375, 2.75, 6.25], "texture": "#0"},
				"east": {"uv": [0, 0, 0, 4.875], "texture": "#0"},
				"south": {"uv": [2.75, 1.375, 1.375, 6.25], "texture": "#0"},
				"west": {"uv": [0, 0, 0, 4.875], "texture": "#0"},
				"up": {"uv": [0, 0, 1.375, 0], "texture": "#0"},
				"down": {"uv": [0, 0, 1.375, 0], "texture": "#0"}
			}
		},
		{
			"from": [8.75, -1.5, 7.25],
			"to": [10.75, -0.5, 8.25],
			"rotation": {"angle": -22.5, "axis": "z", "origin": [8.25, 0, 7.5]},
			"faces": {
				"north": {"uv": [5.25, 4.75, 4.75, 5], "texture": "#0"},
				"east": {"uv": [4.5, 5.25, 4.75, 5.5], "texture": "#0"},
				"south": {"uv": [4.75, 4.75, 5.25, 5], "texture": "#0"},
				"west": {"uv": [5.25, 5.25, 5.5, 5.5], "texture": "#missing"},
				"up": {"uv": [4.75, 4.75, 5.25, 5], "texture": "#0"},
				"down": {"uv": [4.75, 4.75, 5.25, 5], "texture": "#0"}
			}
		},
		{
			"from": [5.75, -1.5, 7.25],
			"to": [7.75, -0.5, 8.25],
			"rotation": {"angle": 22.5, "axis": "z", "origin": [8.25, 0, 7.5]},
			"faces": {
				"north": {"uv": [4.75, 4.75, 5.25, 5], "texture": "#0"},
				"east": {"uv": [5.5, 5.25, 5.25, 5.5], "texture": "#0"},
				"south": {"uv": [5.25, 4.75, 4.75, 5], "texture": "#0"},
				"west": {"uv": [4.75, 5.25, 4.5, 5.5], "texture": "#0"},
				"up": {"uv": [4.75, 4.75, 5.25, 5], "rotation": 180, "texture": "#0"},
				"down": {"uv": [4.75, 4.75, 5.25, 5], "rotation": 180, "texture": "#0"}
			}
		},
		{
			"from": [10.98, -0.62, 7.0425],
			"to": [11.52, 1.42, 8.5825],
			"rotation": {"angle": -22.5, "axis": "z", "origin": [10, 0.9, 7.3125]},
			"faces": {
				"north": {"uv": [1.25, 4.875, 1.375, 5.375], "texture": "#0"},
				"east": {"uv": [4.125, 2, 4.5, 2.5], "texture": "#0"},
				"south": {"uv": [1.25, 4.875, 1.375, 5.375], "texture": "#0"},
				"west": {"uv": [4.25, 3.125, 4.625, 3.625], "texture": "#0"},
				"up": {"uv": [4.125, 1.875, 4, 1.5], "texture": "#0"},
				"down": {"uv": [5.375, 1.5, 5.25, 1.875], "texture": "#0"}
			}
		},
		{
			"from": [4.98, -0.62, 7.0425],
			"to": [5.52, 1.42, 8.5825],
			"rotation": {"angle": 22.5, "axis": "z", "origin": [6.5, 0.9, 7.3125]},
			"faces": {
				"north": {"uv": [1.375, 4.875, 1.25, 5.375], "texture": "#0"},
				"east": {"uv": [4.625, 3.125, 4.25, 3.625], "texture": "#0"},
				"south": {"uv": [1.375, 4.875, 1.25, 5.375], "texture": "#0"},
				"west": {"uv": [4.5, 2, 4.125, 2.5], "texture": "#0"},
				"up": {"uv": [4, 1.875, 4.125, 1.5], "texture": "#0"},
				"down": {"uv": [5.25, 1.5, 5.375, 1.875], "texture": "#0"}
			}
		},
		{
			"from": [10.83277, 0.89758, 7.2825],
			"to": [11.89277, 2.95758, 8.3425],
			"rotation": {"angle": 45, "axis": "z", "origin": [11.36277, 1.92758, 7.8125]},
			"faces": {
				"north": {"uv": [1.25, 4.875, 1, 5.375], "texture": "#0"},
				"east": {"uv": [0.75, 4.875, 1, 5.375], "texture": "#0"},
				"south": {"uv": [1, 4.875, 1.25, 5.375], "texture": "#0"},
				"west": {"uv": [4.875, 0.75, 5.125, 1.25], "texture": "#0"},
				"up": {"uv": [5.5, 0.25, 5.25, 0], "texture": "#0"},
				"down": {"uv": [5.5, 0.25, 5.25, 0.5], "texture": "#0"}
			}
		},
		{
			"from": [4.60723, 0.89758, 7.2825],
			"to": [5.66723, 2.95758, 8.3425],
			"rotation": {"angle": -45, "axis": "z", "origin": [5.13723, 1.92758, 7.8125]},
			"faces": {
				"north": {"uv": [1, 4.875, 1.25, 5.375], "texture": "#0"},
				"east": {"uv": [5.125, 0.75, 4.875, 1.25], "texture": "#0"},
				"south": {"uv": [1.25, 4.875, 1, 5.375], "texture": "#0"},
				"west": {"uv": [1, 4.875, 0.75, 5.375], "texture": "#0"},
				"up": {"uv": [5.25, 0.25, 5.5, 0], "texture": "#0"},
				"down": {"uv": [5.25, 0.25, 5.5, 0.5], "texture": "#0"}
			}
		},
		{
			"from": [12.08351, -1.57029, 7.0325],
			"to": [13.14351, 1.48971, 8.5925],
			"rotation": {"angle": 22.5, "axis": "z", "origin": [12.36351, -0.04029, 7.8125]},
			"faces": {
				"north": {"uv": [4.625, 0, 4.375, 0.75], "texture": "#0"},
				"east": {"uv": [3.25, 1.875, 3.625, 2.625], "texture": "#0"},
				"south": {"uv": [4.375, 0, 4.625, 0.75], "texture": "#0"},
				"west": {"uv": [3.5, 2.625, 3.875, 3.375], "texture": "#0"},
				"up": {"uv": [5.25, 5.375, 5, 5], "texture": "#0"},
				"down": {"uv": [5.25, 0, 5, 0.375], "texture": "#0"}
			}
		},
		{
			"from": [3.35649, -1.57029, 7.0325],
			"to": [4.41649, 1.48971, 8.5925],
			"rotation": {"angle": -22.5, "axis": "z", "origin": [4.13649, -0.04029, 7.8125]},
			"faces": {
				"north": {"uv": [4.625, 0, 4.375, 0.75], "texture": "#0"},
				"east": {"uv": [3.875, 2.625, 3.5, 3.375], "texture": "#0"},
				"south": {"uv": [4.625, 0, 4.375, 0.75], "texture": "#0"},
				"west": {"uv": [3.625, 1.875, 3.25, 2.625], "texture": "#0"},
				"up": {"uv": [5, 5.375, 5.25, 5], "texture": "#0"},
				"down": {"uv": [5, 0, 5.25, 0.375], "texture": "#0"}
			}
		},
		{
			"from": [13.07448, -1.96462, 7.0425],
			"to": [13.61448, -0.42462, 8.5825],
			"rotation": {"angle": -22.5, "axis": "z", "origin": [13.09448, 0.05538, 7.8125]},
			"faces": {
				"north": {"uv": [5.25, 3.5, 5.375, 3.875], "texture": "#0"},
				"east": {"uv": [4.625, 1.5, 5, 1.875], "texture": "#0"},
				"south": {"uv": [5.25, 3.875, 5.375, 4.25], "texture": "#0"},
				"west": {"uv": [4.625, 3.125, 5, 3.5], "texture": "#0"},
				"up": {"uv": [5.375, 4.875, 5.25, 4.5], "texture": "#0"},
				"down": {"uv": [5.375, 4.875, 5.25, 5.25], "texture": "#0"}
			}
		},
		{
			"from": [2.88552, -1.96462, 7.0425],
			"to": [3.42552, -0.42462, 8.5825],
			"rotation": {"angle": 22.5, "axis": "z", "origin": [3.40552, 0.05538, 7.8125]},
			"faces": {
				"north": {"uv": [5.375, 3.5, 5.25, 3.875], "texture": "#0"},
				"east": {"uv": [5, 3.125, 4.625, 3.5], "texture": "#0"},
				"south": {"uv": [5.375, 3.875, 5.25, 4.25], "texture": "#0"},
				"west": {"uv": [5, 1.5, 4.625, 1.875], "texture": "#0"},
				"up": {"uv": [5.25, 4.875, 5.375, 4.5], "texture": "#0"},
				"down": {"uv": [5.25, 4.875, 5.375, 5.25], "texture": "#0"}
			}
		},
		{
			"from": [8.34881, -0.76693, 7.25],
			"to": [12.34881, 0.73307, 8.25],
			"rotation": {"angle": 0, "axis": "z", "origin": [9.34881, -0.01693, 7.75]},
			"faces": {
				"north": {"uv": [2.375, 0.75, 3.375, 1.125], "texture": "#0"},
				"east": {"uv": [3.375, 0.75, 3.625, 1.125], "texture": "#0"},
				"south": {"uv": [2.375, 0.75, 3.375, 1.125], "texture": "#0"},
				"west": {"uv": [4.75, 5, 5, 5.375], "texture": "#0"},
				"up": {"uv": [2.375, 1.375, 1.375, 1.125], "texture": "#0"},
				"down": {"uv": [4.875, 2.875, 3.875, 3.125], "texture": "#0"}
			}
		},
		{
			"from": [4.15119, -0.76693, 7.25],
			"to": [8.15119, 0.73307, 8.25],
			"rotation": {"angle": 0, "axis": "z", "origin": [7.15119, -0.01693, 7.75]},
			"faces": {
				"north": {"uv": [2.375, 0.75, 1.375, 1.125], "texture": "#0"},
				"east": {"uv": [5, 5, 4.75, 5.375], "texture": "#0"},
				"south": {"uv": [3.375, 0.75, 2.375, 1.125], "texture": "#0"},
				"west": {"uv": [3.625, 0.75, 3.375, 1.125], "texture": "#0"},
				"up": {"uv": [1.375, 1.375, 2.375, 1.125], "texture": "#0"},
				"down": {"uv": [3.875, 2.875, 4.875, 3.125], "texture": "#0"}
			}
		}
	],
	"display": {
		"thirdperson_righthand": {
			"rotation": [-3, 91, 0],
			"translation": [0, 10.5, 0]
		},
		"thirdperson_lefthand": {
			"rotation": [-3, 91, 0],
			"translation": [0, 10.5, 0]
		},
		"firstperson_righthand": {
			"rotation": [0, -67, 12],
			"translation": [5.5, 7.25, -7]
		},
		"firstperson_lefthand": {
			"rotation": [0, -67, 12],
			"translation": [5.5, 7.25, -7]
		},
		"ground": {
			"translation": [0, 14, 0]
		},
		"gui": {
			"rotation": [0, 0, -40],
			"translation": [0.75, 1.25, 0],
			"scale": [0.75, 0.75, 0.75]
		},
		"fixed": {
			"rotation": [0, 0, 45]
		}
	}
}