{
	"credit": "Weheba LLC",
	"texture_size": [64, 64],
	"textures": {
		"0": "item/tools/magic2020_axe",
		"particle": "item/tools/magic2020_axe"
	},
	"elements": [
		{
			"from": [8, -5, 0],
			"to": [10, -2, 2],
			"rotation": {"angle": 0, "axis": "y", "origin": [17, 3, 8]},
			"faces": {
				"north": {"uv": [2.5, 4.25, 3, 5], "texture": "#0"},
				"east": {"uv": [4.5, 1.5, 5, 2.25], "texture": "#0"},
				"south": {"uv": [4.5, 2.25, 5, 3], "texture": "#0"},
				"west": {"uv": [1.5, 4.75, 2, 5.5], "texture": "#0"},
				"up": {"uv": [5.5, 2, 5, 1.5], "texture": "#0"},
				"down": {"uv": [5.5, 2, 5, 2.5], "texture": "#0"}
			}
		},
		{
			"from": [7.5, -1.9, -0.5],
			"to": [10.5, -1.9, 2.5],
			"rotation": {"angle": 0, "axis": "y", "origin": [17.5, 5.1, 8.5]},
			"faces": {
				"north": {"uv": [0, 0, 0.75, 0], "texture": "#0"},
				"east": {"uv": [0, 0, 0.75, 0], "texture": "#0"},
				"south": {"uv": [0, 0, 0.75, 0], "texture": "#0"},
				"west": {"uv": [0, 0, 0.75, 0], "texture": "#0"},
				"up": {"uv": [3.75, 3, 3, 2.25], "texture": "#0"},
				"down": {"uv": [4.5, 2.25, 3.75, 3], "texture": "#0"}
			}
		},
		{
			"from": [8, 2, 0],
			"to": [10, 4, 2],
			"rotation": {"angle": 0, "axis": "y", "origin": [17, 10, 8]},
			"faces": {
				"north": {"uv": [5, 2.5, 5.5, 3], "texture": "#0"},
				"east": {"uv": [1.5, 5.5, 2, 6], "texture": "#0"},
				"south": {"uv": [2, 5.5, 2.5, 6], "texture": "#0"},
				"west": {"uv": [5.5, 0, 6, 0.5], "texture": "#0"},
				"up": {"uv": [6, 1, 5.5, 0.5], "texture": "#0"},
				"down": {"uv": [6, 1, 5.5, 1.5], "texture": "#0"}
			}
		},
		{
			"from": [8, 13, 0],
			"to": [10, 15, 2],
			"rotation": {"angle": 0, "axis": "y", "origin": [17, 21, 8]},
			"faces": {
				"north": {"uv": [5.5, 1.5, 6, 2], "texture": "#0"},
				"east": {"uv": [5.5, 2, 6, 2.5], "texture": "#0"},
				"south": {"uv": [5.5, 2.5, 6, 3], "texture": "#0"},
				"west": {"uv": [2.5, 5.75, 3, 6.25], "texture": "#0"},
				"up": {"uv": [2, 6.5, 1.5, 6], "texture": "#0"},
				"down": {"uv": [2.5, 6, 2, 6.5], "texture": "#0"}
			}
		},
		{
			"from": [8, 22, 0],
			"to": [10, 24, 2],
			"rotation": {"angle": 0, "axis": "y", "origin": [17, 30, 8]},
			"faces": {
				"north": {"uv": [6, 6, 6.5, 6.5], "texture": "#0"},
				"east": {"uv": [6, 0, 6.5, 0.5], "texture": "#0"},
				"south": {"uv": [6, 0.5, 6.5, 1], "texture": "#0"},
				"west": {"uv": [6, 1, 6.5, 1.5], "texture": "#0"},
				"up": {"uv": [6.5, 2, 6, 1.5], "texture": "#0"},
				"down": {"uv": [6.5, 2, 6, 2.5], "texture": "#0"}
			}
		},
		{
			"from": [8.49, -4.01, 0.49],
			"to": [9.51, 22.01, 1.51],
			"rotation": {"angle": 0, "axis": "y", "origin": [16.5, 8, 7.5]},
			"faces": {
				"north": {"uv": [0, 4.25, 0.25, 10.75], "texture": "#0"},
				"east": {"uv": [0.25, 4.25, 0.5, 10.75], "texture": "#0"},
				"south": {"uv": [0.5, 4.25, 0.75, 10.75], "texture": "#0"},
				"west": {"uv": [0.75, 4.25, 1, 10.75], "texture": "#0"},
				"up": {"uv": [6.25, 5.75, 6, 5.5], "texture": "#0"},
				"down": {"uv": [6.75, 5.5, 6.5, 5.75], "texture": "#0"}
			}
		},
		{
			"from": [7.5, 6, 0.5],
			"to": [8.5, 10, 1.5],
			"rotation": {"angle": -22.5, "axis": "z", "origin": [8, 8, 1]},
			"faces": {
				"north": {"uv": [6, 3.5, 6.25, 4.5], "texture": "#0"},
				"east": {"uv": [6, 4.5, 6.25, 5.5], "texture": "#0"},
				"south": {"uv": [2.5, 6.25, 2.75, 7.25], "texture": "#0"},
				"west": {"uv": [2.75, 6.25, 3, 7.25], "texture": "#0"},
				"up": {"uv": [7, 0.75, 6.75, 0.5], "texture": "#0"},
				"down": {"uv": [7, 0.75, 6.75, 1], "texture": "#0"}
			}
		},
		{
			"from": [9.5, 7.1, 0.5],
			"to": [10.5, 9.1, 1.5],
			"rotation": {"angle": 22.5, "axis": "z", "origin": [10, 7.1, 1]},
			"faces": {
				"north": {"uv": [6.5, 4.5, 6.75, 5], "texture": "#0"},
				"east": {"uv": [6.5, 5, 6.75, 5.5], "texture": "#0"},
				"south": {"uv": [6.5, 6, 6.75, 6.5], "texture": "#0"},
				"west": {"uv": [1.25, 6.75, 1.5, 7.25], "texture": "#0"},
				"up": {"uv": [7, 1.75, 6.75, 1.5], "texture": "#0"},
				"down": {"uv": [7, 1.75, 6.75, 2], "texture": "#0"}
			}
		},
		{
			"from": [9.9, 9.8, 0.5],
			"to": [10.9, 11.8, 1.5],
			"rotation": {"angle": 45, "axis": "z", "origin": [10.4, 9.8, 1]},
			"faces": {
				"north": {"uv": [1.5, 6.75, 1.75, 7.25], "texture": "#0"},
				"east": {"uv": [1.75, 6.75, 2, 7.25], "texture": "#0"},
				"south": {"uv": [6.75, 6.75, 7, 7.25], "texture": "#0"},
				"west": {"uv": [6.75, 0, 7, 0.5], "texture": "#0"},
				"up": {"uv": [7, 2.25, 6.75, 2], "texture": "#0"},
				"down": {"uv": [7, 2.25, 6.75, 2.5], "texture": "#0"}
			}
		},
		{
			"from": [7.5, 4, 1],
			"to": [8.5, 6, 1],
			"rotation": {"angle": -22.5, "axis": "z", "origin": [8, 8, 1.5]},
			"faces": {
				"north": {"uv": [6.5, 3.5, 6.75, 4], "texture": "#0"},
				"east": {"uv": [0, 0, 0, 0.5], "texture": "#0"},
				"south": {"uv": [6.5, 4, 6.75, 4.5], "texture": "#0"},
				"west": {"uv": [0, 0, 0, 0.5], "texture": "#0"},
				"up": {"uv": [0.25, 0, 0, 0], "texture": "#0"},
				"down": {"uv": [0.25, 0, 0, 0], "texture": "#0"}
			}
		},
		{
			"from": [8.675, 7.575, 1],
			"to": [9.675, 10.575, 1],
			"rotation": {"angle": -22.5, "axis": "z", "origin": [9.175, 12.575, 1.5]},
			"faces": {
				"north": {"uv": [6.25, 5, 6.5, 5.75], "texture": "#0"},
				"east": {"uv": [0, 0, 0, 0.75], "texture": "#0"},
				"south": {"uv": [1, 6.5, 1.25, 7.25], "texture": "#0"},
				"west": {"uv": [0, 0, 0, 0.75], "texture": "#0"},
				"up": {"uv": [0.25, 0, 0, 0], "texture": "#0"},
				"down": {"uv": [0.25, 0, 0, 0], "texture": "#0"}
			}
		},
		{
			"from": [9.875, 1.325, 1],
			"to": [10.875, 4.325, 1],
			"rotation": {"angle": -45, "axis": "z", "origin": [10.375, 6.325, 1.5]},
			"faces": {
				"north": {"uv": [6.25, 3.5, 6.5, 4.25], "texture": "#0"},
				"east": {"uv": [0, 0, 0, 0.75], "texture": "#0"},
				"south": {"uv": [6.25, 4.25, 6.5, 5], "texture": "#0"},
				"west": {"uv": [0, 0, 0, 0.75], "texture": "#0"},
				"up": {"uv": [0.25, 0, 0, 0], "texture": "#0"},
				"down": {"uv": [0.25, 0, 0, 0], "texture": "#0"}
			}
		},
		{
			"from": [7.5, 10, 0.5],
			"to": [8.5, 12, 1.5],
			"rotation": {"angle": -45, "axis": "z", "origin": [8, 11, 1]},
			"faces": {
				"north": {"uv": [6.5, 6.5, 6.75, 7], "texture": "#0"},
				"east": {"uv": [6.5, 0, 6.75, 0.5], "texture": "#0"},
				"south": {"uv": [6.5, 0.5, 6.75, 1], "texture": "#0"},
				"west": {"uv": [6.5, 1, 6.75, 1.5], "texture": "#0"},
				"up": {"uv": [7, 1.25, 6.75, 1], "texture": "#0"},
				"down": {"uv": [7, 1.25, 6.75, 1.5], "texture": "#0"}
			}
		},
		{
			"from": [7.5, 8, 1],
			"to": [8.5, 10, 1],
			"rotation": {"angle": -45, "axis": "z", "origin": [8, 11, 1.5]},
			"faces": {
				"north": {"uv": [6.5, 1.5, 6.75, 2], "texture": "#0"},
				"east": {"uv": [0, 0, 0, 0.5], "texture": "#0"},
				"south": {"uv": [6.5, 2, 6.75, 2.5], "texture": "#0"},
				"west": {"uv": [0, 0, 0, 0.5], "texture": "#0"},
				"up": {"uv": [0.25, 0, 0, 0], "texture": "#0"},
				"down": {"uv": [0.25, 0, 0, 0], "texture": "#0"}
			}
		},
		{
			"from": [4.5, 15, 0.5],
			"to": [8.5, 17, 1.5],
			"rotation": {"angle": 0, "axis": "y", "origin": [15.5, 8, 7.5]},
			"faces": {
				"north": {"uv": [1.5, 4.25, 2.5, 4.75], "texture": "#0"},
				"east": {"uv": [2, 6.5, 2.25, 7], "texture": "#0"},
				"south": {"uv": [4.5, 0, 5.5, 0.5], "texture": "#0"},
				"west": {"uv": [2.25, 6.5, 2.5, 7], "texture": "#0"},
				"up": {"uv": [7, 2.75, 6, 2.5], "texture": "#0"},
				"down": {"uv": [7, 2.75, 6, 3], "texture": "#0"}
			}
		},
		{
			"from": [9.5, 15, 0.5],
			"to": [13.5, 17, 1.5],
			"rotation": {"angle": 0, "axis": "y", "origin": [2.5, 8, 7.5]},
			"faces": {
				"north": {"uv": [2.5, 4.25, 1.5, 4.75], "texture": "#0"},
				"east": {"uv": [2.5, 6.5, 2.25, 7], "texture": "#0"},
				"south": {"uv": [5.5, 0, 4.5, 0.5], "texture": "#0"},
				"west": {"uv": [2.25, 6.5, 2, 7], "texture": "#0"},
				"up": {"uv": [6, 2.75, 7, 2.5], "texture": "#0"},
				"down": {"uv": [6, 2.75, 7, 3], "texture": "#0"}
			}
		},
		{
			"from": [1.5, 14, 0.5],
			"to": [4.5, 23, 1.5],
			"rotation": {"angle": 0, "axis": "y", "origin": [11.5, 8, 7.5]},
			"faces": {
				"north": {"uv": [3, 0, 3.75, 2.25], "texture": "#0"},
				"east": {"uv": [1, 4.25, 1.25, 6.5], "texture": "#0"},
				"south": {"uv": [3.75, 0, 4.5, 2.25], "texture": "#0"},
				"west": {"uv": [1.25, 4.25, 1.5, 6.5], "texture": "#0"},
				"up": {"uv": [6.75, 6, 6, 5.75], "texture": "#0"},
				"down": {"uv": [2, 6.5, 1.25, 6.75], "texture": "#0"}
			}
		},
		{
			"from": [13.5, 14, 0.5],
			"to": [16.5, 23, 1.5],
			"rotation": {"angle": 0, "axis": "y", "origin": [6.5, 8, 7.5]},
			"faces": {
				"north": {"uv": [3.75, 0, 3, 2.25], "texture": "#0"},
				"east": {"uv": [1.5, 4.25, 1.25, 6.5], "texture": "#0"},
				"south": {"uv": [4.5, 0, 3.75, 2.25], "texture": "#0"},
				"west": {"uv": [1.25, 4.25, 1, 6.5], "texture": "#0"},
				"up": {"uv": [6, 6, 6.75, 5.75], "texture": "#0"},
				"down": {"uv": [1.25, 6.5, 2, 6.75], "texture": "#0"}
			}
		},
		{
			"from": [4.5, 20, 0.5],
			"to": [8.5, 22, 1.5],
			"rotation": {"angle": 0, "axis": "y", "origin": [15.5, 13, 7.5]},
			"faces": {
				"north": {"uv": [4.5, 0.5, 5.5, 1], "texture": "#0"},
				"east": {"uv": [6, 6.5, 6.25, 7], "texture": "#0"},
				"south": {"uv": [4.5, 1, 5.5, 1.5], "texture": "#0"},
				"west": {"uv": [6.25, 6.5, 6.5, 7], "texture": "#0"},
				"up": {"uv": [7, 3.25, 6, 3], "texture": "#0"},
				"down": {"uv": [7, 3.25, 6, 3.5], "texture": "#0"}
			}
		},
		{
			"from": [9.5, 20, 0.5],
			"to": [13.5, 22, 1.5],
			"rotation": {"angle": 0, "axis": "y", "origin": [2.5, 13, 7.5]},
			"faces": {
				"north": {"uv": [5.5, 0.5, 4.5, 1], "texture": "#0"},
				"east": {"uv": [6.5, 6.5, 6.25, 7], "texture": "#0"},
				"south": {"uv": [5.5, 1, 4.5, 1.5], "texture": "#0"},
				"west": {"uv": [6.25, 6.5, 6, 7], "texture": "#0"},
				"up": {"uv": [6, 3.25, 7, 3], "texture": "#0"},
				"down": {"uv": [6, 3.25, 7, 3.5], "texture": "#0"}
			}
		},
		{
			"from": [-3.5, 10, 1],
			"to": [8.5, 27, 1],
			"rotation": {"angle": 0, "axis": "y", "origin": [15.5, 11, 8]},
			"faces": {
				"north": {"uv": [0, 0, 3, 4.25], "texture": "#0"},
				"east": {"uv": [0, 0, 0, 4.25], "texture": "#0"},
				"south": {"uv": [3, 0, 0, 4.25], "texture": "#0"},
				"west": {"uv": [0, 0, 0, 4.25], "texture": "#0"},
				"up": {"uv": [3, 0, 0, 0], "texture": "#0"},
				"down": {"uv": [3, 0, 0, 0], "texture": "#0"}
			}
		},
		{
			"from": [-3.5, -7, 1],
			"to": [8.5, 10, 1],
			"rotation": {"angle": 0, "axis": "y", "origin": [15.5, -6, 8]},
			"faces": {
				"north": {"uv": [7.875, 0, 10.874, 4.24975], "texture": "#0"},
				"east": {"uv": [0, 0, 0, 4.25], "texture": "#0"},
				"south": {"uv": [10.874, 0, 7.875, 4.24975], "texture": "#0"},
				"west": {"uv": [0, 0, 0, 4.25], "texture": "#0"},
				"up": {"uv": [3, 0, 0, 0], "texture": "#0"},
				"down": {"uv": [3, 0, 0, 0], "texture": "#0"}
			}
		},
		{
			"from": [9.5, -7, 1],
			"to": [21.5, 10, 1],
			"rotation": {"angle": 0, "axis": "y", "origin": [2.5, -6, 8]},
			"faces": {
				"north": {"uv": [10.874, 0, 7.875, 4.24975], "texture": "#0"},
				"east": {"uv": [0, 0, 0, 4.25], "texture": "#missing"},
				"south": {"uv": [11.12475, 0, 8.125, 4.25], "texture": "#0"},
				"west": {"uv": [0, 0, 0, 4.25], "texture": "#missing"},
				"up": {"uv": [0, 0, 3, 0], "texture": "#missing"},
				"down": {"uv": [0, 0, 3, 0], "texture": "#missing"}
			}
		},
		{
			"from": [9.5, 10, 1],
			"to": [21.5, 27, 1],
			"rotation": {"angle": 0, "axis": "y", "origin": [2.5, 11, 8]},
			"faces": {
				"north": {"uv": [3, 0, 0, 4.25], "texture": "#0"},
				"east": {"uv": [0, 0, 0, 4.25], "texture": "#0"},
				"south": {"uv": [0, 0, 3, 4.25], "texture": "#0"},
				"west": {"uv": [0, 0, 0, 4.25], "texture": "#0"},
				"up": {"uv": [0, 0, 3, 0], "texture": "#0"},
				"down": {"uv": [0, 0, 3, 0], "texture": "#0"}
			}
		}
	],
	"display": {
		"thirdperson_righthand": {
			"rotation": [11, -97, 0],
			"translation": [-6.5, 6.25, 1.5]
		},
		"thirdperson_lefthand": {
			"rotation": [11, -97, 0],
			"translation": [-6.5, 6.25, 1.5]
		},
		"firstperson_righthand": {
			"rotation": [-46, -67, -34],
			"translation": [-3.5, 0, -6.5]
		},
		"firstperson_lefthand": {
			"rotation": [-46, -67, -34],
			"translation": [-3.5, 0, -6.5]
		},
		"ground": {
			"translation": [0, 9.75, 0]
		},
		"gui": {
			"rotation": [0, 0, -49],
			"translation": [-2.75, -1.25, 5.25],
			"scale": [0.75, 0.75, 0.75]
		},
		"fixed": {
			"rotation": [0, 0, 47],
			"translation": [1, -2, 5.25]
		}
	}
}