{
	"credit": "Made with Blockbench",
	"texture_size": [32, 32],
	"textures": {
		"0": "easter21_crate/egglauncher",
		"particle": "easter21_crate/egglauncher"
	},
	"elements": [
		{
			"from": [7, 6, 4],
			"to": [9, 10, 10],
			"rotation": {"angle": 0, "axis": "y", "origin": [0, 6, 0]},
			"faces": {
				"north": {"uv": [0, 4, 1, 6], "texture": "#0"},
				"east": {"uv": [3, 2, 0, 4], "texture": "#0"},
				"south": {"uv": [4, 0, 5, 2], "texture": "#0"},
				"west": {"uv": [0, 2, 3, 4], "texture": "#0"},
				"up": {"uv": [4, 3, 3, 0], "texture": "#0"},
				"down": {"uv": [4, 3, 3, 6], "texture": "#0"}
			}
		},
		{
			"from": [7.375, 8.5, 10],
			"to": [8.625, 9.75, 13],
			"rotation": {"angle": 0, "axis": "y", "origin": [-0.375, 6, 0]},
			"faces": {
				"north": {"uv": [8, 1, 8.625, 1.625], "texture": "#0"},
				"east": {"uv": [6, 6, 7.5, 6.625], "texture": "#0"},
				"south": {"uv": [1.5, 8, 2.125, 8.625], "texture": "#0"},
				"west": {"uv": [6, 6, 7.5, 6.625], "texture": "#0"},
				"up": {"uv": [7.625, 1.5, 7, 0], "texture": "#0"},
				"down": {"uv": [7.625, 1.5, 7, 0], "texture": "#0"}
			}
		},
		{
			"from": [7.675, 8, 15],
			"to": [8.225, 8.55, 18],
			"rotation": {"angle": 0, "axis": "y", "origin": [-0.375, 6, 0]},
			"faces": {
				"north": {"uv": [10.5, 8.5, 10.75, 8.75], "texture": "#0"},
				"east": {"uv": [2.5, 8, 4, 8.25], "texture": "#0"},
				"south": {"uv": [2.5, 8, 4, 8.25], "texture": "#0"},
				"west": {"uv": [2.5, 8, 4, 8.25], "texture": "#0"},
				"up": {"uv": [8, 2.5, 8.25, 4], "texture": "#0"},
				"down": {"uv": [8, 2.5, 8.25, 4], "texture": "#0"}
			}
		},
		{
			"from": [7, 6, 13],
			"to": [9, 10, 15],
			"rotation": {"angle": 0, "axis": "y", "origin": [0, 6, 19]},
			"faces": {
				"north": {"uv": [1, 4, 2, 6], "texture": "#0"},
				"east": {"uv": [5, 4, 4, 6], "texture": "#0"},
				"south": {"uv": [4, 2, 5, 4], "texture": "#0"},
				"west": {"uv": [4, 4, 5, 6], "texture": "#0"},
				"up": {"uv": [4, 7, 3, 6], "texture": "#0"},
				"down": {"uv": [5, 6, 4, 7], "texture": "#0"}
			}
		},
		{
			"from": [7.5, 6.75, 18],
			"to": [8.5, 8.75, 18.5],
			"rotation": {"angle": 0, "axis": "y", "origin": [0, 6, 19]},
			"faces": {
				"north": {"uv": [8, 0, 8.5, 1], "texture": "#0"},
				"east": {"uv": [8.5, 6.5, 8.75, 7.5], "texture": "#0"},
				"south": {"uv": [1, 8, 1.5, 9], "texture": "#0"},
				"west": {"uv": [7.5, 8.5, 7.75, 9.5], "texture": "#0"},
				"up": {"uv": [9, 10.25, 8.5, 10], "texture": "#0"},
				"down": {"uv": [10.5, 8.5, 10, 8.75], "texture": "#0"}
			}
		},
		{
			"from": [7.7, 4.25, 13.7],
			"to": [8.3, 6, 14.3],
			"rotation": {"angle": 0, "axis": "z", "origin": [7, 6, 6]},
			"faces": {
				"north": {"uv": [9.5, 5.5, 9.75, 6.375], "texture": "#0"},
				"east": {"uv": [6, 9.5, 6.25, 10.375], "texture": "#0"},
				"south": {"uv": [6.5, 9.5, 6.75, 10.375], "texture": "#0"},
				"west": {"uv": [9.5, 6.5, 9.75, 7.375], "texture": "#0"},
				"up": {"uv": [10.75, 9.25, 10.5, 9], "texture": "#0"},
				"down": {"uv": [9.75, 10.5, 9.5, 10.75], "texture": "#0"}
			}
		},
		{
			"from": [7.7, 4.25, 6.2],
			"to": [8.3, 6, 6.8],
			"rotation": {"angle": 0, "axis": "z", "origin": [7, 6, 6]},
			"faces": {
				"north": {"uv": [9.5, 5.5, 9.75, 6.375], "texture": "#0"},
				"east": {"uv": [6, 9.5, 6.25, 10.375], "texture": "#0"},
				"south": {"uv": [6.5, 9.5, 6.75, 10.375], "texture": "#0"},
				"west": {"uv": [9.5, 6.5, 9.75, 7.375], "texture": "#0"},
				"up": {"uv": [10.75, 9.25, 10.5, 9], "texture": "#0"},
				"down": {"uv": [9.75, 10.5, 9.5, 10.75], "texture": "#0"}
			}
		},
		{
			"from": [7.5, 5.5, 13.5],
			"to": [8.5, 6, 14.5],
			"rotation": {"angle": 0, "axis": "z", "origin": [7, 6, 6]},
			"faces": {
				"north": {"uv": [9, 10, 9.5, 10.25], "texture": "#0"},
				"east": {"uv": [10, 9, 10.5, 9.25], "texture": "#0"},
				"south": {"uv": [9.5, 10, 10, 10.25], "texture": "#0"},
				"west": {"uv": [10, 9.5, 10.5, 9.75], "texture": "#0"},
				"up": {"uv": [9, 8, 8.5, 7.5], "texture": "#0"},
				"down": {"uv": [8.5, 8.5, 8, 9], "texture": "#0"}
			}
		},
		{
			"from": [7.5, 5.5, 6],
			"to": [8.5, 6, 7],
			"rotation": {"angle": 0, "axis": "z", "origin": [7, 6, 6]},
			"faces": {
				"north": {"uv": [9, 10, 9.5, 10.25], "texture": "#0"},
				"east": {"uv": [10, 9, 10.5, 9.25], "texture": "#0"},
				"south": {"uv": [9.5, 10, 10, 10.25], "texture": "#0"},
				"west": {"uv": [10, 9.5, 10.5, 9.75], "texture": "#0"},
				"up": {"uv": [9, 8, 8.5, 7.5], "texture": "#0"},
				"down": {"uv": [8.5, 8.5, 8, 9], "texture": "#0"}
			}
		},
		{
			"from": [7.5, 2.75, 13.5],
			"to": [8.5, 4.25, 14.5],
			"rotation": {"angle": 0, "axis": "z", "origin": [7, 6, 6]},
			"faces": {
				"north": {"uv": [8, 4, 8.5, 4.75], "texture": "#0"},
				"east": {"uv": [4.5, 8, 5, 8.75], "texture": "#0"},
				"south": {"uv": [5, 8, 5.5, 8.75], "texture": "#0"},
				"west": {"uv": [5.5, 8, 6, 8.75], "texture": "#0"},
				"up": {"uv": [0.5, 9.5, 0, 9], "texture": "#0"},
				"down": {"uv": [1, 9, 0.5, 9.5], "texture": "#0"}
			}
		},
		{
			"from": [7.5, 2.75, 6],
			"to": [8.5, 4.25, 7],
			"rotation": {"angle": 0, "axis": "z", "origin": [7, 6, 6]},
			"faces": {
				"north": {"uv": [8, 4, 8.5, 4.75], "texture": "#0"},
				"east": {"uv": [4.5, 8, 5, 8.75], "texture": "#0"},
				"south": {"uv": [5, 8, 5.5, 8.75], "texture": "#0"},
				"west": {"uv": [5.5, 8, 6, 8.75], "texture": "#0"},
				"up": {"uv": [0.5, 9.5, 0, 9], "texture": "#0"},
				"down": {"uv": [1, 9, 0.5, 9.5], "texture": "#0"}
			}
		},
		{
			"from": [7, 9.375, 2.6],
			"to": [9, 10, 4],
			"rotation": {"angle": 0, "axis": "y", "origin": [0, 6, 0]},
			"faces": {
				"north": {"uv": [7.5, 8, 8.5, 8.375], "texture": "#0"},
				"east": {"uv": [9.25, 3, 8.5, 3.375], "texture": "#0"},
				"south": {"uv": [8.5, 0, 9.5, 0.375], "texture": "#0"},
				"west": {"uv": [8.5, 3, 9.25, 3.375], "texture": "#0"},
				"up": {"uv": [4, 7.75, 3, 7], "texture": "#0"},
				"down": {"uv": [8, 3, 7, 3.75], "texture": "#0"}
			}
		},
		{
			"from": [7, 9.375, 15],
			"to": [9, 10, 16.4],
			"rotation": {"angle": 0, "axis": "y", "origin": [0, 6, 19]},
			"faces": {
				"north": {"uv": [8.5, 0.5, 9.5, 0.875], "texture": "#0"},
				"east": {"uv": [9.25, 4, 8.5, 4.375], "texture": "#0"},
				"south": {"uv": [2.5, 8.5, 3.5, 8.875], "texture": "#0"},
				"west": {"uv": [8.5, 4, 9.25, 4.375], "texture": "#0"},
				"up": {"uv": [5, 7.75, 4, 7], "texture": "#0"},
				"down": {"uv": [8, 4, 7, 4.75], "texture": "#0"}
			}
		},
		{
			"from": [7.025, 6, 4],
			"to": [8.975, 9.65, 5.5],
			"rotation": {"angle": -22.5, "axis": "x", "origin": [7, 6, 4]},
			"faces": {
				"north": {"uv": [5, 0, 6, 1.875], "texture": "#0"},
				"east": {"uv": [1.75, 6, 1, 7.875], "texture": "#0"},
				"south": {"uv": [5, 2, 6, 3.875], "texture": "#0"},
				"west": {"uv": [1, 6, 1.75, 7.875], "texture": "#0"},
				"up": {"uv": [6, 7.75, 5, 7], "texture": "#0"},
				"down": {"uv": [7, 7, 6, 7.75], "texture": "#0"}
			}
		},
		{
			"from": [7.025, 6, 13.5],
			"to": [8.975, 9.65, 15],
			"rotation": {"angle": 22.5, "axis": "x", "origin": [7, 6, 15]},
			"faces": {
				"north": {"uv": [5, 4, 6, 5.875], "texture": "#0"},
				"east": {"uv": [6.75, 2, 6, 3.875], "texture": "#0"},
				"south": {"uv": [0, 6, 1, 7.875], "texture": "#0"},
				"west": {"uv": [6, 2, 6.75, 3.875], "texture": "#0"},
				"up": {"uv": [8, 7.75, 7, 7], "texture": "#0"},
				"down": {"uv": [8.5, 5, 7.5, 5.75], "texture": "#0"}
			}
		},
		{
			"from": [7.5, 7.4, 2.5],
			"to": [8.5, 8.4, 3.5],
			"rotation": {"angle": 0, "axis": "y", "origin": [0, 6, 0]},
			"faces": {
				"north": {"uv": [1.5, 9, 2, 9.5], "texture": "#0"},
				"east": {"uv": [9, 1.5, 9.5, 2], "texture": "#0"},
				"south": {"uv": [2, 9, 2.5, 9.5], "texture": "#0"},
				"west": {"uv": [2.5, 9, 3, 9.5], "texture": "#0"},
				"up": {"uv": [3.5, 9.5, 3, 9], "texture": "#0"},
				"down": {"uv": [5, 9, 4.5, 9.5], "texture": "#0"}
			}
		},
		{
			"from": [7.25, 7.15, 2],
			"to": [8.75, 8.65, 2.75],
			"rotation": {"angle": 0, "axis": "y", "origin": [0, 6, 0]},
			"faces": {
				"north": {"uv": [7.5, 6, 8.25, 6.75], "texture": "#0"},
				"east": {"uv": [3.5, 8.5, 3.875, 9.25], "texture": "#0"},
				"south": {"uv": [0, 8, 0.75, 8.75], "texture": "#0"},
				"west": {"uv": [8.5, 4.5, 8.875, 5.25], "texture": "#0"},
				"up": {"uv": [9.25, 5.875, 8.5, 5.5], "texture": "#0"},
				"down": {"uv": [9.25, 6, 8.5, 6.375], "texture": "#0"}
			}
		},
		{
			"from": [8.67227, 6.84827, 11.574],
			"to": [9.39027, 7.56627, 12.092],
			"rotation": {"angle": 22.5, "axis": "z", "origin": [8, 6.179, 10.531]},
			"faces": {
				"north": {"uv": [10, 3, 10.375, 3.375], "texture": "#0"},
				"east": {"uv": [10.5, 1.5, 10.75, 1.875], "texture": "#0"},
				"south": {"uv": [3.5, 10, 3.875, 10.375], "texture": "#0"},
				"west": {"uv": [2, 10.5, 2.25, 10.875], "texture": "#0"},
				"up": {"uv": [10.875, 2.25, 10.5, 2], "texture": "#0"},
				"down": {"uv": [2.875, 10.5, 2.5, 10.75], "texture": "#0"}
			}
		},
		{
			"from": [8.54277, 6.71877, 10.933],
			"to": [9.51977, 7.69577, 11.969],
			"rotation": {"angle": 22.5, "axis": "z", "origin": [8, 6.179, 10.531]},
			"faces": {
				"north": {"uv": [6, 9, 6.5, 9.5], "texture": "#0"},
				"east": {"uv": [6.5, 9, 7, 9.5], "texture": "#0"},
				"south": {"uv": [9, 6.5, 9.5, 7], "texture": "#0"},
				"west": {"uv": [7, 9, 7.5, 9.5], "texture": "#0"},
				"up": {"uv": [9.5, 7.5, 9, 7], "texture": "#0"},
				"down": {"uv": [9.5, 7.5, 9, 8], "texture": "#0"}
			}
		},
		{
			"from": [8.67227, 6.84827, 10.674],
			"to": [9.39027, 7.56627, 11.192],
			"rotation": {"angle": 22.5, "axis": "z", "origin": [8, 6.179, 10.531]},
			"faces": {
				"north": {"uv": [10, 2.5, 10.375, 2.875], "texture": "#0"},
				"east": {"uv": [10.5, 0.5, 10.75, 0.875], "texture": "#0"},
				"south": {"uv": [3, 10, 3.375, 10.375], "texture": "#0"},
				"west": {"uv": [1, 10.5, 1.25, 10.875], "texture": "#0"},
				"up": {"uv": [10.875, 1.25, 10.5, 1], "texture": "#0"},
				"down": {"uv": [1.875, 10.5, 1.5, 10.75], "texture": "#0"}
			}
		},
		{
			"from": [8.51027, 6.68927, 9.906],
			"to": [9.54627, 7.72527, 10.674],
			"rotation": {"angle": 22.5, "axis": "z", "origin": [8, 6.179, 10.531]},
			"faces": {
				"north": {"uv": [9.5, 3, 10, 3.5], "texture": "#0"},
				"east": {"uv": [10, 0.5, 10.375, 1], "texture": "#0"},
				"south": {"uv": [3.5, 9.5, 4, 10], "texture": "#0"},
				"west": {"uv": [1, 10, 1.375, 10.5], "texture": "#0"},
				"up": {"uv": [10.5, 1.375, 10, 1], "texture": "#0"},
				"down": {"uv": [2, 10, 1.5, 10.375], "texture": "#0"}
			}
		},
		{
			"from": [6.95627, 5.13527, 10.0355],
			"to": [9.02827, 7.20727, 10.5445],
			"rotation": {"angle": 22.5, "axis": "z", "origin": [8, 6.179, 10.531]},
			"faces": {
				"north": {"uv": [6, 4, 7, 5], "texture": "#0"},
				"east": {"uv": [9.5, 4, 9.75, 5], "texture": "#0"},
				"south": {"uv": [5, 6, 6, 7], "texture": "#0"},
				"west": {"uv": [4.5, 9.5, 4.75, 10.5], "texture": "#0"},
				"up": {"uv": [6, 9.75, 5, 9.5], "texture": "#0"},
				"down": {"uv": [10.5, 5, 9.5, 5.25], "texture": "#0"}
			}
		},
		{
			"from": [6.43827, 6.68927, 9.906],
			"to": [7.47427, 7.72527, 10.674],
			"rotation": {"angle": 22.5, "axis": "z", "origin": [8, 6.179, 10.531]},
			"faces": {
				"north": {"uv": [9, 5, 9.5, 5.5], "texture": "#0"},
				"east": {"uv": [9.5, 9.5, 9.875, 10], "texture": "#0"},
				"south": {"uv": [5.5, 9, 6, 9.5], "texture": "#0"},
				"west": {"uv": [0, 10, 0.375, 10.5], "texture": "#0"},
				"up": {"uv": [10.5, 0.375, 10, 0], "texture": "#0"},
				"down": {"uv": [1, 10, 0.5, 10.375], "texture": "#0"}
			}
		},
		{
			"from": [6.59727, 6.84827, 10.674],
			"to": [7.31527, 7.56627, 11.192],
			"rotation": {"angle": 22.5, "axis": "z", "origin": [8, 6.179, 10.531]},
			"faces": {
				"north": {"uv": [10, 2.5, 10.375, 2.875], "texture": "#0"},
				"east": {"uv": [10.5, 0.5, 10.75, 0.875], "texture": "#0"},
				"south": {"uv": [3, 10, 3.375, 10.375], "texture": "#0"},
				"west": {"uv": [1, 10.5, 1.25, 10.875], "texture": "#0"},
				"up": {"uv": [10.875, 1.25, 10.5, 1], "texture": "#0"},
				"down": {"uv": [1.875, 10.5, 1.5, 10.75], "texture": "#0"}
			}
		},
		{
			"from": [6.46777, 6.71877, 10.933],
			"to": [7.44477, 7.69577, 11.969],
			"rotation": {"angle": 22.5, "axis": "z", "origin": [8, 6.179, 10.531]},
			"faces": {
				"north": {"uv": [6, 9, 6.5, 9.5], "texture": "#0"},
				"east": {"uv": [6.5, 9, 7, 9.5], "texture": "#0"},
				"south": {"uv": [9, 6.5, 9.5, 7], "texture": "#0"},
				"west": {"uv": [7, 9, 7.5, 9.5], "texture": "#0"},
				"up": {"uv": [9.5, 7.5, 9, 7], "texture": "#0"},
				"down": {"uv": [9.5, 7.5, 9, 8], "texture": "#0"}
			}
		},
		{
			"from": [6.59727, 6.84827, 11.574],
			"to": [7.31527, 7.56627, 12.092],
			"rotation": {"angle": 22.5, "axis": "z", "origin": [8, 6.179, 10.531]},
			"faces": {
				"north": {"uv": [10, 3, 10.375, 3.375], "texture": "#0"},
				"east": {"uv": [10.5, 1.5, 10.75, 1.875], "texture": "#0"},
				"south": {"uv": [3.5, 10, 3.875, 10.375], "texture": "#0"},
				"west": {"uv": [2, 10.5, 2.25, 10.875], "texture": "#0"},
				"up": {"uv": [10.875, 2.25, 10.5, 2], "texture": "#0"},
				"down": {"uv": [2.875, 10.5, 2.5, 10.75], "texture": "#0"}
			}
		},
		{
			"from": [6.59727, 4.77327, 11.574],
			"to": [7.31527, 5.49127, 12.092],
			"rotation": {"angle": 22.5, "axis": "z", "origin": [8, 6.179, 10.531]},
			"faces": {
				"north": {"uv": [10, 3, 10.375, 3.375], "texture": "#0"},
				"east": {"uv": [10.5, 1.5, 10.75, 1.875], "texture": "#0"},
				"south": {"uv": [3.5, 10, 3.875, 10.375], "texture": "#0"},
				"west": {"uv": [2, 10.5, 2.25, 10.875], "texture": "#0"},
				"up": {"uv": [10.875, 2.25, 10.5, 2], "texture": "#0"},
				"down": {"uv": [2.875, 10.5, 2.5, 10.75], "texture": "#0"}
			}
		},
		{
			"from": [6.46777, 4.64377, 10.933],
			"to": [7.44477, 5.62077, 11.969],
			"rotation": {"angle": 22.5, "axis": "z", "origin": [8, 6.179, 10.531]},
			"faces": {
				"north": {"uv": [6, 9, 6.5, 9.5], "texture": "#0"},
				"east": {"uv": [6.5, 9, 7, 9.5], "texture": "#0"},
				"south": {"uv": [9, 6.5, 9.5, 7], "texture": "#0"},
				"west": {"uv": [7, 9, 7.5, 9.5], "texture": "#0"},
				"up": {"uv": [9.5, 7.5, 9, 7], "texture": "#0"},
				"down": {"uv": [9.5, 7.5, 9, 8], "texture": "#0"}
			}
		},
		{
			"from": [6.59727, 4.77327, 10.674],
			"to": [7.31527, 5.49127, 11.192],
			"rotation": {"angle": 22.5, "axis": "z", "origin": [8, 6.179, 10.531]},
			"faces": {
				"north": {"uv": [10, 2.5, 10.375, 2.875], "texture": "#0"},
				"east": {"uv": [10.5, 0.5, 10.75, 0.875], "texture": "#0"},
				"south": {"uv": [3, 10, 3.375, 10.375], "texture": "#0"},
				"west": {"uv": [1, 10.5, 1.25, 10.875], "texture": "#0"},
				"up": {"uv": [10.875, 1.25, 10.5, 1], "texture": "#0"},
				"down": {"uv": [1.875, 10.5, 1.5, 10.75], "texture": "#0"}
			}
		},
		{
			"from": [6.43827, 4.61727, 9.906],
			"to": [7.47427, 5.65327, 10.674],
			"rotation": {"angle": 22.5, "axis": "z", "origin": [8, 6.179, 10.531]},
			"faces": {
				"north": {"uv": [9, 4.5, 9.5, 5], "texture": "#0"},
				"east": {"uv": [8.5, 9.5, 8.875, 10], "texture": "#0"},
				"south": {"uv": [5, 9, 5.5, 9.5], "texture": "#0"},
				"west": {"uv": [9.5, 8.5, 9.875, 9], "texture": "#0"},
				"up": {"uv": [9.5, 9.875, 9, 9.5], "texture": "#0"},
				"down": {"uv": [10, 9, 9.5, 9.375], "texture": "#0"}
			}
		},
		{
			"from": [8.67227, 4.77327, 11.574],
			"to": [9.39027, 5.49127, 12.092],
			"rotation": {"angle": 22.5, "axis": "z", "origin": [8, 6.179, 10.531]},
			"faces": {
				"north": {"uv": [10, 3, 10.375, 3.375], "texture": "#0"},
				"east": {"uv": [10.5, 1.5, 10.75, 1.875], "texture": "#0"},
				"south": {"uv": [3.5, 10, 3.875, 10.375], "texture": "#0"},
				"west": {"uv": [2, 10.5, 2.25, 10.875], "texture": "#0"},
				"up": {"uv": [10.875, 2.25, 10.5, 2], "texture": "#0"},
				"down": {"uv": [2.875, 10.5, 2.5, 10.75], "texture": "#0"}
			}
		},
		{
			"from": [8.54277, 4.64377, 10.933],
			"to": [9.51977, 5.62077, 11.969],
			"rotation": {"angle": 22.5, "axis": "z", "origin": [8, 6.179, 10.531]},
			"faces": {
				"north": {"uv": [6, 9, 6.5, 9.5], "texture": "#0"},
				"east": {"uv": [6.5, 9, 7, 9.5], "texture": "#0"},
				"south": {"uv": [9, 6.5, 9.5, 7], "texture": "#0"},
				"west": {"uv": [7, 9, 7.5, 9.5], "texture": "#0"},
				"up": {"uv": [9.5, 7.5, 9, 7], "texture": "#0"},
				"down": {"uv": [9.5, 7.5, 9, 8], "texture": "#0"}
			}
		},
		{
			"from": [8.67227, 4.77327, 10.674],
			"to": [9.39027, 5.49127, 11.192],
			"rotation": {"angle": 22.5, "axis": "z", "origin": [8, 6.179, 10.531]},
			"faces": {
				"north": {"uv": [10, 2.5, 10.375, 2.875], "texture": "#0"},
				"east": {"uv": [10.5, 0.5, 10.75, 0.875], "texture": "#0"},
				"south": {"uv": [3, 10, 3.375, 10.375], "texture": "#0"},
				"west": {"uv": [1, 10.5, 1.25, 10.875], "texture": "#0"},
				"up": {"uv": [10.875, 1.25, 10.5, 1], "texture": "#0"},
				"down": {"uv": [1.875, 10.5, 1.5, 10.75], "texture": "#0"}
			}
		},
		{
			"from": [8.51027, 4.61727, 9.906],
			"to": [9.54627, 5.65327, 10.674],
			"rotation": {"angle": 22.5, "axis": "z", "origin": [8, 6.179, 10.531]},
			"faces": {
				"north": {"uv": [9.5, 3.5, 10, 4], "texture": "#0"},
				"east": {"uv": [10, 1.5, 10.375, 2], "texture": "#0"},
				"south": {"uv": [4, 9.5, 4.5, 10], "texture": "#0"},
				"west": {"uv": [2, 10, 2.375, 10.5], "texture": "#0"},
				"up": {"uv": [10.5, 2.375, 10, 2], "texture": "#0"},
				"down": {"uv": [3, 10, 2.5, 10.375], "texture": "#0"}
			}
		}
	],
	"gui_light": "front",
	"display": {
		"thirdperson_righthand": {
			"translation": [0, 2.75, -6.25],
			"scale": [1.2, 1.2, 1.2]
		},
		"thirdperson_lefthand": {
			"translation": [0, 2.75, -6.25],
			"scale": [1.2, 1.2, 1.2]
		},
		"firstperson_righthand": {
			"rotation": [0, 9, 0],
			"translation": [0, 5, 1.25]
		},
		"firstperson_lefthand": {
			"rotation": [0, 9, 0],
			"translation": [0, 5, 1.25]
		},
		"ground": {
			"translation": [0, 3.25, 0]
		},
		"gui": {
			"rotation": [-62, -126, -58],
			"translation": [2, 1.5, 0],
			"scale": [1.1, 1.1, 1.1]
		},
		"head": {
			"rotation": [0, -90, 0],
			"translation": [3.5, -12, 5.5],
			"scale": [2, 2, 2]
		},
		"fixed": {
			"rotation": [0, 90, 0],
			"translation": [-4.5, 0, -1],
			"scale": [2, 2, 2]
		}
	},
	"groups": [
		{
			"name": "group",
			"origin": [8, 8, 8],
			"children": [0, 1, 2, 3, 4, 5, 6, 7, 8, 9, 10, 11, 12, 13, 14, 15, 16,
				{
					"name": "group",
					"origin": [8, 7.554, 3.856],
					"children": [17, 18, 19, 20, 21, 22, 23, 24, 25, 26, 27, 28, 29, 30, 31, 32, 33]
				}
			]
		}
	]
}