{
	"credit": "Made with Blockbench",
	"textures": {
		"0": "halloween_crate/butcher_knife",
		"particle": "halloween_crate/butcher_knife"
	},
	"elements": [
		{
			"from": [7.5, 0, 6],
			"to": [8.5, 4, 7],
			"rotation": {"angle": 0, "axis": "y", "origin": [15.5, 8, 14]},
			"faces": {
				"north": {"uv": [7, 7, 8, 11], "texture": "#0"},
				"east": {"uv": [6, 7, 7, 11], "texture": "#0"},
				"south": {"uv": [9, 7, 10, 11], "texture": "#0"},
				"west": {"uv": [8, 7, 9, 11], "texture": "#0"},
				"up": {"uv": [8, 7, 7, 6], "texture": "#0"},
				"down": {"uv": [9, 6, 8, 7], "texture": "#0"}
			}
		},
		{
			"from": [7.25, 3.5, 5.75],
			"to": [8.75, 4.5, 7.25],
			"rotation": {"angle": 0, "axis": "y", "origin": [15.5, 8.5, 14]},
			"faces": {
				"north": {"uv": [1, 1, 2, 2], "texture": "#0"},
				"east": {"uv": [0, 1, 1, 2], "texture": "#0"},
				"south": {"uv": [3, 1, 4, 2], "texture": "#0"},
				"west": {"uv": [2, 1, 3, 2], "texture": "#0"},
				"up": {"uv": [2, 1, 1, 0], "texture": "#0"},
				"down": {"uv": [3, 0, 2, 1], "texture": "#0"}
			}
		},
		{
			"from": [8, 4, 6],
			"to": [8, 11, 9],
			"rotation": {"angle": 0, "axis": "y", "origin": [15.75, 12, 14]},
			"faces": {
				"north": {"uv": [3, 3, 3, 10], "texture": "#0"},
				"east": {"uv": [0, 3, 3, 10], "texture": "#0"},
				"south": {"uv": [6, 3, 6, 10], "texture": "#0"},
				"west": {"uv": [3, 3, 6, 10], "texture": "#0"},
				"up": {"uv": [3, 3, 3, 0], "texture": "#0"},
				"down": {"uv": [3, 0, 3, 3], "texture": "#0"}
			}
		}
	],
	"display": {
		"thirdperson_righthand": {
			"rotation": [0, -180, 0],
			"translation": [0, 4.75, -0.25]
		},
		"thirdperson_lefthand": {
			"rotation": [0, -180, 0],
			"translation": [0, 4.75, -0.25]
		},
		"firstperson_righthand": {
			"rotation": [0, -180, 0],
			"translation": [2.25, 4, 0]
		},
		"firstperson_lefthand": {
			"rotation": [0, -180, 0],
			"translation": [2.25, 4, 0]
		},
		"ground": {
			"translation": [0, 4.75, 0]
		},
		"gui": {
			"rotation": [69.25, 43.5, -66.25],
			"translation": [3, 1.5, 0],
			"scale": [1.5, 1.5, 1.5]
		}
	}
}