{
	"credit": "Made with Blockbench",
	"texture_size": [32, 32],
	"textures": {
		"0": "halloween_crate/deer_scythe",
		"particle": "halloween_crate/deer_scythe"
	},
	"elements": [
		{
			"from": [7.5, 2, 7.5],
			"to": [8.5, 19, 8.5],
			"rotation": {"angle": 0, "axis": "y", "origin": [8, 10, 8]},
			"faces": {
				"north": {"uv": [0.5, 5, 1, 13.5], "texture": "#0"},
				"east": {"uv": [0, 5, 0.5, 13.5], "texture": "#0"},
				"south": {"uv": [1.5, 5, 2, 13.5], "texture": "#0"},
				"west": {"uv": [1, 5, 1.5, 13.5], "texture": "#0"},
				"up": {"uv": [1, 5, 0.5, 4.5], "texture": "#0"},
				"down": {"uv": [1.5, 4.5, 1, 5], "texture": "#0"}
			}
		},
		{
			"from": [7, 0, 7],
			"to": [9, 2, 9],
			"rotation": {"angle": 0, "axis": "y", "origin": [8, 10, 8]},
			"faces": {
				"north": {"uv": [6, 8.5, 7, 9.5], "texture": "#0"},
				"east": {"uv": [5, 8.5, 6, 9.5], "texture": "#0"},
				"south": {"uv": [8, 8.5, 9, 9.5], "texture": "#0"},
				"west": {"uv": [7, 8.5, 8, 9.5], "texture": "#0"},
				"up": {"uv": [7, 8.5, 6, 7.5], "texture": "#0"},
				"down": {"uv": [8, 7.5, 7, 8.5], "texture": "#0"}
			}
		},
		{
			"from": [8, -5, 7],
			"to": [8, 0, 9],
			"rotation": {"angle": 0, "axis": "y", "origin": [8, 10, 8]},
			"faces": {
				"north": {"uv": [3, 9.5, 3, 12], "texture": "#0"},
				"east": {"uv": [2, 9.5, 3, 12], "texture": "#0"},
				"south": {"uv": [4, 9.5, 4, 12], "texture": "#0"},
				"west": {"uv": [3, 9.5, 4, 12], "texture": "#0"},
				"up": {"uv": [3, 9.5, 3, 8.5], "texture": "#0"},
				"down": {"uv": [3, 8.5, 3, 9.5], "texture": "#0"}
			}
		},
		{
			"from": [7.2, -0.64962, 2.52269],
			"to": [8.8, 2.35038, 4.52269],
			"rotation": {"angle": -22.5, "axis": "x", "origin": [8, 10, 8]},
			"faces": {
				"north": {"uv": [9, 9.5, 9.5, 11], "texture": "#0"},
				"east": {"uv": [8, 9.5, 9, 11], "texture": "#0"},
				"south": {"uv": [10.5, 9.5, 11, 11], "texture": "#0"},
				"west": {"uv": [9.5, 9.5, 10.5, 11], "texture": "#0"},
				"up": {"uv": [9.5, 9.5, 9, 8.5], "texture": "#0"},
				"down": {"uv": [10, 8.5, 9.5, 9.5], "texture": "#0"}
			}
		},
		{
			"from": [7.4, -3.25, 6.75],
			"to": [8.6, -0.75, 8],
			"rotation": {"angle": 0, "axis": "x", "origin": [8, 10, 8]},
			"faces": {
				"north": {"uv": [10.5, 8, 11, 9], "texture": "#0"},
				"east": {"uv": [10, 8, 10.5, 9], "texture": "#0"},
				"south": {"uv": [11.5, 8, 12, 9], "texture": "#0"},
				"west": {"uv": [11, 8, 11.5, 9], "texture": "#0"},
				"up": {"uv": [11, 8, 10.5, 7.5], "texture": "#0"},
				"down": {"uv": [11.5, 7.5, 11, 8], "texture": "#0"}
			}
		},
		{
			"from": [7.6, -4.40673, 11.81459],
			"to": [8.4, -1.90673, 12.91459],
			"rotation": {"angle": 22.5, "axis": "x", "origin": [8, 10, 8]},
			"faces": {
				"north": {"uv": [2.5, 5.5, 2.5, 6.5], "texture": "#0"},
				"east": {"uv": [2, 5.5, 2.5, 6.5], "texture": "#0"},
				"south": {"uv": [3, 5.5, 3, 6.5], "texture": "#0"},
				"west": {"uv": [2.5, 5.5, 3, 6.5], "texture": "#0"},
				"up": {"uv": [2.5, 5.5, 2.5, 5], "texture": "#0"},
				"down": {"uv": [2.5, 5, 2.5, 5.5], "texture": "#0"}
			}
		},
		{
			"from": [7.55, 16.23223, 13.51579],
			"to": [8.45, 17.23223, 14.51579],
			"rotation": {"angle": -45, "axis": "x", "origin": [8, 10, 8]},
			"faces": {
				"north": {"uv": [8.5, 1, 8.5, 1.5], "texture": "#0"},
				"east": {"uv": [8, 1, 8.5, 1.5], "texture": "#0"},
				"south": {"uv": [9, 1, 9, 1.5], "texture": "#0"},
				"west": {"uv": [8.5, 1, 9, 1.5], "texture": "#0"},
				"up": {"uv": [8.5, 1, 8.5, 0.5], "texture": "#0"},
				"down": {"uv": [8.5, 0.5, 8.5, 1], "texture": "#0"}
			}
		},
		{
			"from": [7.55, 15.52513, 14.2229],
			"to": [8.45, 16.52513, 15.2229],
			"rotation": {"angle": -45, "axis": "x", "origin": [8, 10, 8]},
			"faces": {
				"north": {"uv": [9.5, 1, 9.5, 1.5], "texture": "#0"},
				"east": {"uv": [9, 1, 9.5, 1.5], "texture": "#0"},
				"south": {"uv": [10, 1, 10, 1.5], "texture": "#0"},
				"west": {"uv": [9.5, 1, 10, 1.5], "texture": "#0"},
				"up": {"uv": [9.5, 1, 9.5, 0.5], "texture": "#0"},
				"down": {"uv": [9.5, 0.5, 9.5, 1], "texture": "#0"}
			}
		},
		{
			"from": [10.95377, 22.1611, 7.5],
			"to": [11.95377, 25.1611, 8.5],
			"rotation": {"angle": 22.5, "axis": "z", "origin": [8, 10, 8]},
			"faces": {
				"north": {"uv": [8.5, 3.5, 9, 5], "texture": "#0"},
				"east": {"uv": [8, 3.5, 8.5, 5], "texture": "#0"},
				"south": {"uv": [9.5, 3.5, 10, 5], "texture": "#0"},
				"west": {"uv": [9, 3.5, 9.5, 5], "texture": "#0"},
				"up": {"uv": [9, 3.5, 8.5, 3], "texture": "#0"},
				"down": {"uv": [9.5, 3, 9, 3.5], "texture": "#0"}
			}
		},
		{
			"from": [4.04623, 22.1611, 7.5],
			"to": [5.04623, 25.1611, 8.5],
			"rotation": {"angle": -22.5, "axis": "z", "origin": [8, 10, 8]},
			"faces": {
				"north": {"uv": [5.5, 1, 6, 2.5], "texture": "#0"},
				"east": {"uv": [5, 1, 5.5, 2.5], "texture": "#0"},
				"south": {"uv": [6.5, 1, 7, 2.5], "texture": "#0"},
				"west": {"uv": [6, 1, 6.5, 2.5], "texture": "#0"},
				"up": {"uv": [6, 1, 5.5, 0.5], "texture": "#0"},
				"down": {"uv": [6.5, 0.5, 6, 1], "texture": "#0"}
			}
		},
		{
			"from": [6, 18.26561, 16.66206],
			"to": [6.5, 21.26561, 17.16206],
			"rotation": {"angle": -45, "axis": "x", "origin": [8, 10, 8]},
			"faces": {
				"north": {"uv": [4.5, 5.5, 4.5, 7], "texture": "#0"},
				"east": {"uv": [4.5, 5.5, 4.5, 7], "texture": "#0"},
				"south": {"uv": [4.5, 5.5, 4.5, 7], "texture": "#0"},
				"west": {"uv": [4.5, 5.5, 4.5, 7], "texture": "#0"},
				"up": {"uv": [4.5, 5.5, 4.5, 5.5], "texture": "#0"},
				"down": {"uv": [4.5, 5.5, 4.5, 5.5], "texture": "#0"}
			}
		},
		{
			"from": [9.5, 18.26561, 16.66206],
			"to": [10, 21.26561, 17.16206],
			"rotation": {"angle": -45, "axis": "x", "origin": [8, 10, 8]},
			"faces": {
				"north": {"uv": [6.5, 1, 6.5, 2.5], "texture": "#0"},
				"east": {"uv": [6.5, 1, 6.5, 2.5], "texture": "#0"},
				"south": {"uv": [6.5, 1, 6.5, 2.5], "texture": "#0"},
				"west": {"uv": [6.5, 1, 6.5, 2.5], "texture": "#0"},
				"up": {"uv": [6.5, 1, 6.5, 1], "texture": "#0"},
				"down": {"uv": [6.5, 1, 6.5, 1], "texture": "#0"}
			}
		},
		{
			"from": [5, 23.57013, 1.81841],
			"to": [6, 26.57013, 2.81841],
			"rotation": {"angle": 22.5, "axis": "x", "origin": [8, 10, 8]},
			"faces": {
				"north": {"uv": [8.5, 3.5, 9, 5], "texture": "#0"},
				"east": {"uv": [8, 3.5, 8.5, 5], "texture": "#0"},
				"south": {"uv": [9.5, 3.5, 10, 5], "texture": "#0"},
				"west": {"uv": [9, 3.5, 9.5, 5], "texture": "#0"},
				"up": {"uv": [9, 3.5, 8.5, 3], "texture": "#0"},
				"down": {"uv": [9.5, 3, 9, 3.5], "texture": "#0"}
			}
		},
		{
			"from": [10, 23.57013, 1.81841],
			"to": [11, 26.57013, 2.81841],
			"rotation": {"angle": 22.5, "axis": "x", "origin": [8, 10, 8]},
			"faces": {
				"north": {"uv": [8.5, 4, 9, 5.5], "texture": "#0"},
				"east": {"uv": [8, 4, 8.5, 5.5], "texture": "#0"},
				"south": {"uv": [9.5, 4, 10, 5.5], "texture": "#0"},
				"west": {"uv": [9, 4, 9.5, 5.5], "texture": "#0"},
				"up": {"uv": [9, 4, 8.5, 3.5], "texture": "#0"},
				"down": {"uv": [9.5, 3.5, 9, 4], "texture": "#0"}
			}
		},
		{
			"from": [5.1, 26.57013, 1.91841],
			"to": [5.9, 29.57013, 2.71841],
			"rotation": {"angle": 22.5, "axis": "x", "origin": [8, 10, 8]},
			"faces": {
				"north": {"uv": [6, 0.5, 6, 2], "texture": "#0"},
				"east": {"uv": [6, 0.5, 6, 2], "texture": "#0"},
				"south": {"uv": [6, 0.5, 6, 2], "texture": "#0"},
				"west": {"uv": [6, 0.5, 6, 2], "texture": "#0"},
				"up": {"uv": [6, 0.5, 6, 0.5], "texture": "#0"},
				"down": {"uv": [6, 0.5, 6, 0.5], "texture": "#0"}
			}
		},
		{
			"from": [10.1, 26.57013, 1.91841],
			"to": [10.9, 28.57013, 2.71841],
			"rotation": {"angle": 22.5, "axis": "x", "origin": [8, 10, 8]},
			"faces": {
				"north": {"uv": [10.5, 3, 10.5, 4], "texture": "#0"},
				"east": {"uv": [10.5, 3, 10.5, 4], "texture": "#0"},
				"south": {"uv": [10.5, 3, 10.5, 4], "texture": "#0"},
				"west": {"uv": [10.5, 3, 10.5, 4], "texture": "#0"},
				"up": {"uv": [10.5, 3, 10.5, 3], "texture": "#0"},
				"down": {"uv": [10.5, 3, 10.5, 3], "texture": "#0"}
			}
		},
		{
			"from": [10.2, 28.57013, 2.11841],
			"to": [10.8, 30.37013, 2.61841],
			"rotation": {"angle": 22.5, "axis": "x", "origin": [8, 10, 8]},
			"faces": {
				"north": {"uv": [3.5, 5, 3.5, 5.5], "texture": "#0"},
				"east": {"uv": [3.5, 5, 3.5, 5.5], "texture": "#0"},
				"south": {"uv": [3.5, 5, 3.5, 5.5], "texture": "#0"},
				"west": {"uv": [3.5, 5, 3.5, 5.5], "texture": "#0"},
				"up": {"uv": [3.5, 5, 3.5, 5], "texture": "#0"},
				"down": {"uv": [3.5, 5, 3.5, 5], "texture": "#0"}
			}
		},
		{
			"from": [-6.51285, 20.66457, 8.85],
			"to": [-5.91285, 22.91457, 9.45],
			"rotation": {"angle": -45, "axis": "z", "origin": [8, 10, 8]},
			"faces": {
				"north": {"uv": [3.5, 5, 3.5, 6], "texture": "#0"},
				"east": {"uv": [3.5, 5, 3.5, 6], "texture": "#0"},
				"south": {"uv": [3.5, 5, 3.5, 6], "texture": "#0"},
				"west": {"uv": [3.5, 5, 3.5, 6], "texture": "#0"},
				"up": {"uv": [3.5, 5, 3.5, 5], "texture": "#0"},
				"down": {"uv": [3.5, 5, 3.5, 5], "texture": "#0"}
			}
		},
		{
			"from": [21.91285, 20.66457, 8.85],
			"to": [22.51285, 23.91457, 9.45],
			"rotation": {"angle": 45, "axis": "z", "origin": [8, 10, 8]},
			"faces": {
				"north": {"uv": [5, 1, 5, 2.5], "texture": "#0"},
				"east": {"uv": [5, 1, 5, 2.5], "texture": "#0"},
				"south": {"uv": [5, 1, 5, 2.5], "texture": "#0"},
				"west": {"uv": [5, 1, 5, 2.5], "texture": "#0"},
				"up": {"uv": [5, 1, 5, 1], "texture": "#0"},
				"down": {"uv": [5, 1, 5, 1], "texture": "#0"}
			}
		},
		{
			"from": [-3.16016, 24.90721, 9.25],
			"to": [-2.76016, 26.45721, 9.65],
			"rotation": {"angle": -45, "axis": "z", "origin": [8, 10, 8]},
			"faces": {
				"north": {"uv": [9.5, 4.5, 9.5, 5], "texture": "#0"},
				"east": {"uv": [9.5, 4.5, 9.5, 5], "texture": "#0"},
				"south": {"uv": [9.5, 4.5, 9.5, 5], "texture": "#0"},
				"west": {"uv": [9.5, 4.5, 9.5, 5], "texture": "#0"},
				"up": {"uv": [9.5, 4.5, 9.5, 4.5], "texture": "#0"},
				"down": {"uv": [9.5, 4.5, 9.5, 4.5], "texture": "#0"}
			}
		},
		{
			"from": [-5.1047, 19.78069, 8.4],
			"to": [-4.7047, 21.33069, 8.8],
			"rotation": {"angle": -45, "axis": "z", "origin": [8, 10, 8]},
			"faces": {
				"north": {"uv": [9, 0.5, 9, 1], "texture": "#0"},
				"east": {"uv": [9, 0.5, 9, 1], "texture": "#0"},
				"south": {"uv": [9, 0.5, 9, 1], "texture": "#0"},
				"west": {"uv": [9, 0.5, 9, 1], "texture": "#0"},
				"up": {"uv": [9, 0.5, 9, 0.5], "texture": "#0"},
				"down": {"uv": [9, 0.5, 9, 0.5], "texture": "#0"}
			}
		},
		{
			"from": [17.31665, 23.13944, 8.35],
			"to": [17.91665, 26.88944, 8.95],
			"rotation": {"angle": 45, "axis": "z", "origin": [8, 10, 8]},
			"faces": {
				"north": {"uv": [10.5, 2.5, 10.5, 4], "texture": "#0"},
				"east": {"uv": [10.5, 2.5, 10.5, 4], "texture": "#0"},
				"south": {"uv": [10.5, 2.5, 10.5, 4], "texture": "#0"},
				"west": {"uv": [10.5, 2.5, 10.5, 4], "texture": "#0"},
				"up": {"uv": [10.5, 2.5, 10.5, 2.5], "texture": "#0"},
				"down": {"uv": [10.5, 2.5, 10.5, 2.5], "texture": "#0"}
			}
		},
		{
			"from": [-1.28026, 22.50305, 8.35],
			"to": [-0.68026, 26.25305, 8.95],
			"rotation": {"angle": -45, "axis": "z", "origin": [8, 10, 8]},
			"faces": {
				"north": {"uv": [7, 1, 7, 2.5], "texture": "#0"},
				"east": {"uv": [7, 1, 7, 2.5], "texture": "#0"},
				"south": {"uv": [7, 1, 7, 2.5], "texture": "#0"},
				"west": {"uv": [7, 1, 7, 2.5], "texture": "#0"},
				"up": {"uv": [7, 1, 7, 1], "texture": "#0"},
				"down": {"uv": [7, 1, 7, 1], "texture": "#0"}
			}
		},
		{
			"from": [-1.38026, 24.90305, 8.25],
			"to": [-0.58026, 25.65305, 9.05],
			"rotation": {"angle": -45, "axis": "z", "origin": [8, 10, 8]},
			"faces": {
				"north": {"uv": [7, 4, 7, 4], "texture": "#0"},
				"east": {"uv": [7, 4, 7, 4], "texture": "#0"},
				"south": {"uv": [7, 4, 7, 4], "texture": "#0"},
				"west": {"uv": [7, 4, 7, 4], "texture": "#0"},
				"up": {"uv": [7, 4, 7, 4], "texture": "#0"},
				"down": {"uv": [7, 4, 7, 4], "texture": "#0"}
			}
		},
		{
			"from": [10.26704, 27.84524, 8.45],
			"to": [10.66704, 29.89524, 8.85],
			"rotation": {"angle": 22.5, "axis": "z", "origin": [8, 10, 8]},
			"faces": {
				"north": {"uv": [9, 3.5, 9, 4.5], "texture": "#0"},
				"east": {"uv": [9, 3.5, 9, 4.5], "texture": "#0"},
				"south": {"uv": [9, 3.5, 9, 4.5], "texture": "#0"},
				"west": {"uv": [9, 3.5, 9, 4.5], "texture": "#0"},
				"up": {"uv": [9, 3.5, 9, 3.5], "texture": "#0"},
				"down": {"uv": [9, 3.5, 9, 3.5], "texture": "#0"}
			}
		},
		{
			"from": [5.67737, 27.86061, 8.45],
			"to": [6.07737, 30.66061, 8.85],
			"rotation": {"angle": -22.5, "axis": "z", "origin": [8, 10, 8]},
			"faces": {
				"north": {"uv": [5, 1, 5, 2], "texture": "#0"},
				"east": {"uv": [5, 1, 5, 2], "texture": "#0"},
				"south": {"uv": [5, 1, 5, 2], "texture": "#0"},
				"west": {"uv": [5, 1, 5, 2], "texture": "#0"},
				"up": {"uv": [5, 1, 5, 1], "texture": "#0"},
				"down": {"uv": [5, 1, 5, 1], "texture": "#0"}
			}
		},
		{
			"from": [2.8, 27.52582, 1.23744],
			"to": [3.2, 29.72582, 1.63744],
			"rotation": {"angle": 22.5, "axis": "x", "origin": [8, 10, 8]},
			"faces": {
				"north": {"uv": [4.5, 1, 4.5, 2], "texture": "#0"},
				"east": {"uv": [4.5, 1, 4.5, 2], "texture": "#0"},
				"south": {"uv": [4.5, 1, 4.5, 2], "texture": "#0"},
				"west": {"uv": [4.5, 1, 4.5, 2], "texture": "#0"},
				"up": {"uv": [4.5, 1, 4.5, 1], "texture": "#0"},
				"down": {"uv": [4.5, 1, 4.5, 1], "texture": "#0"}
			}
		},
		{
			"from": [12.8, 26.69433, 1.58185],
			"to": [13.2, 28.64433, 1.98185],
			"rotation": {"angle": 22.5, "axis": "x", "origin": [8, 10, 8]},
			"faces": {
				"north": {"uv": [3, 4, 3, 4.5], "texture": "#0"},
				"east": {"uv": [3, 4, 3, 4.5], "texture": "#0"},
				"south": {"uv": [3, 4, 3, 4.5], "texture": "#0"},
				"west": {"uv": [3, 4, 3, 4.5], "texture": "#0"},
				"up": {"uv": [3, 4, 3, 4], "texture": "#0"},
				"down": {"uv": [3, 4, 3, 4], "texture": "#0"}
			}
		},
		{
			"from": [10.80377, 23.4111, 7.35],
			"to": [12.10377, 24.9111, 8.65],
			"rotation": {"angle": 22.5, "axis": "z", "origin": [8, 10, 8]},
			"faces": {
				"north": {"uv": [8.5, 3.5, 9, 4], "texture": "#0"},
				"east": {"uv": [8, 3.5, 8.5, 4], "texture": "#0"},
				"south": {"uv": [9.5, 3.5, 10, 4], "texture": "#0"},
				"west": {"uv": [9, 3.5, 9.5, 4], "texture": "#0"},
				"up": {"uv": [9, 3.5, 8.5, 3], "texture": "#0"},
				"down": {"uv": [9.5, 3, 9, 3.5], "texture": "#0"}
			}
		},
		{
			"from": [3.89623, 23.4111, 7.35],
			"to": [5.19623, 24.9111, 8.65],
			"rotation": {"angle": -22.5, "axis": "z", "origin": [8, 10, 8]},
			"faces": {
				"north": {"uv": [8, 3.5, 8.5, 4], "texture": "#0"},
				"east": {"uv": [7.5, 3.5, 8, 4], "texture": "#0"},
				"south": {"uv": [9, 3.5, 9.5, 4], "texture": "#0"},
				"west": {"uv": [8.5, 3.5, 9, 4], "texture": "#0"},
				"up": {"uv": [8.5, 3.5, 8, 3], "texture": "#0"},
				"down": {"uv": [9, 3, 8.5, 3.5], "texture": "#0"}
			}
		},
		{
			"from": [5.5625, 19, 4.75],
			"to": [10.5625, 23, 9.75],
			"rotation": {"angle": 0, "axis": "y", "origin": [8, 10, 8]},
			"faces": {
				"north": {"uv": [2.5, 2.5, 5, 4.5], "texture": "#0"},
				"east": {"uv": [0, 2.5, 2.5, 4.5], "texture": "#0"},
				"south": {"uv": [7.5, 2.5, 10, 4.5], "texture": "#0"},
				"west": {"uv": [5, 2.5, 7.5, 4.5], "texture": "#0"},
				"up": {"uv": [5, 2.5, 2.5, 0], "texture": "#0"},
				"down": {"uv": [7.5, 0, 5, 2.5], "texture": "#0"}
			}
		},
		{
			"from": [6.0625, 19, 1.75],
			"to": [9.8125, 21.5, 4.75],
			"rotation": {"angle": 0, "axis": "y", "origin": [8, 10, 8]},
			"faces": {
				"north": {"uv": [5, 6.5, 6.5, 7.5], "texture": "#0"},
				"east": {"uv": [3.5, 6.5, 5, 7.5], "texture": "#0"},
				"south": {"uv": [8, 6.5, 9.5, 7.5], "texture": "#0"},
				"west": {"uv": [6.5, 6.5, 8, 7.5], "texture": "#0"},
				"up": {"uv": [6.5, 6.5, 5, 5], "texture": "#0"},
				"down": {"uv": [8, 5, 6.5, 6.5], "texture": "#0"}
			}
		},
		{
			"from": [6.0625, 22, 9.75],
			"to": [9.8125, 22.75, 13.75],
			"rotation": {"angle": 0, "axis": "y", "origin": [8, 10, 8]},
			"faces": {
				"north": {"uv": [4.5, 7, 6, 7], "texture": "#0"},
				"east": {"uv": [2.5, 7, 4.5, 7], "texture": "#0"},
				"south": {"uv": [8, 7, 9.5, 7], "texture": "#0"},
				"west": {"uv": [6, 7, 8, 7], "texture": "#0"},
				"up": {"uv": [6, 7, 4.5, 5], "texture": "#0"},
				"down": {"uv": [7.5, 5, 6, 7], "texture": "#0"}
			}
		},
		{
			"from": [7.95, 19.75, 9.75],
			"to": [8.05, 22, 13.75],
			"rotation": {"angle": 0, "axis": "y", "origin": [8, 10, 8]},
			"faces": {
				"north": {"uv": [4, 7.5, 4, 8.5], "texture": "#0"},
				"east": {"uv": [2, 7.5, 4, 8.5], "texture": "#0"},
				"south": {"uv": [6, 7.5, 6, 8.5], "texture": "#0"},
				"west": {"uv": [4, 7.5, 6, 8.5], "texture": "#0"},
				"up": {"uv": [4, 7.5, 4, 5.5], "texture": "#0"},
				"down": {"uv": [4, 5.5, 4, 7.5], "texture": "#0"}
			}
		},
		{
			"from": [8, 15.39429, 18.48313],
			"to": [8, 17.39429, 20.48313],
			"rotation": {"angle": -45, "axis": "x", "origin": [8, 10, 8]},
			"faces": {
				"north": {"uv": [1, 1, 1, 2], "texture": "#0"},
				"east": {"uv": [0, 1, 1, 2], "texture": "#0"},
				"south": {"uv": [2, 1, 2, 2], "texture": "#0"},
				"west": {"uv": [1, 1, 2, 2], "texture": "#0"},
				"up": {"uv": [1, 1, 1, 0], "texture": "#0"},
				"down": {"uv": [1, 0, 1, 1], "texture": "#0"}
			}
		},
		{
			"from": [8, 17.32047, 18.03927],
			"to": [8, 19.07047, 19.78927],
			"rotation": {"angle": -22.5, "axis": "x", "origin": [8, 10, 8]},
			"faces": {
				"north": {"uv": [1, 1.5, 1, 2], "texture": "#0"},
				"east": {"uv": [0.5, 1.5, 1, 2], "texture": "#0"},
				"south": {"uv": [1.5, 1.5, 1.5, 2], "texture": "#0"},
				"west": {"uv": [1, 1.5, 1.5, 2], "texture": "#0"},
				"up": {"uv": [1, 1.5, 1, 1], "texture": "#0"},
				"down": {"uv": [1, 1, 1, 1.5], "texture": "#0"}
			}
		},
		{
			"from": [8, 19.5, 16.5],
			"to": [8, 21, 18],
			"rotation": {"angle": 0, "axis": "x", "origin": [8, 10, 8]},
			"faces": {
				"north": {"uv": [1, 2, 1, 2.5], "texture": "#0"},
				"east": {"uv": [0.5, 2, 1, 2.5], "texture": "#0"},
				"south": {"uv": [1.5, 2, 1.5, 2.5], "texture": "#0"},
				"west": {"uv": [1, 2, 1.5, 2.5], "texture": "#0"},
				"up": {"uv": [1, 2, 1, 1.5], "texture": "#0"},
				"down": {"uv": [1, 1.5, 1, 2], "texture": "#0"}
			}
		},
		{
			"from": [8, 20.57211, 14.25605],
			"to": [8, 21.82211, 15.50605],
			"rotation": {"angle": 22.5, "axis": "x", "origin": [8, 10, 8]},
			"faces": {
				"north": {"uv": [1.5, 2, 1.5, 2.5], "texture": "#0"},
				"east": {"uv": [1, 2, 1.5, 2.5], "texture": "#0"},
				"south": {"uv": [2, 2, 2, 2.5], "texture": "#0"},
				"west": {"uv": [1.5, 2, 2, 2.5], "texture": "#0"},
				"up": {"uv": [1.5, 2, 1.5, 1.5], "texture": "#0"},
				"down": {"uv": [1.5, 1.5, 1.5, 2], "texture": "#0"}
			}
		},
		{
			"from": [8, 21.10669, 11.50296],
			"to": [8, 22.10669, 12.50296],
			"rotation": {"angle": 45, "axis": "x", "origin": [8, 10, 8]},
			"faces": {
				"north": {"uv": [0.5, 2, 0.5, 2.5], "texture": "#0"},
				"east": {"uv": [0, 2, 0.5, 2.5], "texture": "#0"},
				"south": {"uv": [1, 2, 1, 2.5], "texture": "#0"},
				"west": {"uv": [0.5, 2, 1, 2.5], "texture": "#0"},
				"up": {"uv": [0.5, 2, 0.5, 1.5], "texture": "#0"},
				"down": {"uv": [0.5, 1.5, 0.5, 2], "texture": "#0"}
			}
		},
		{
			"from": [6.3125, 23.10221, 8.29664],
			"to": [9.5625, 23.85221, 11.29664],
			"rotation": {"angle": 22.5, "axis": "x", "origin": [8, 10, 8]},
			"faces": {
				"north": {"uv": [4, 1.5, 5.5, 1.5], "texture": "#0"},
				"east": {"uv": [2.5, 1.5, 4, 1.5], "texture": "#0"},
				"south": {"uv": [7, 1.5, 8.5, 1.5], "texture": "#0"},
				"west": {"uv": [5.5, 1.5, 7, 1.5], "texture": "#0"},
				"up": {"uv": [5.5, 1.5, 4, 0], "texture": "#0"},
				"down": {"uv": [7, 0, 5.5, 1.5], "texture": "#0"}
			}
		},
		{
			"from": [7.9625, 20.85221, 8.29664],
			"to": [8.0375, 23.10221, 11.29664],
			"rotation": {"angle": 22.5, "axis": "x", "origin": [8, 10, 8]},
			"faces": {
				"north": {"uv": [3.5, 8.5, 3.5, 9.5], "texture": "#0"},
				"east": {"uv": [2, 8.5, 3.5, 9.5], "texture": "#0"},
				"south": {"uv": [5, 8.5, 5, 9.5], "texture": "#0"},
				"west": {"uv": [3.5, 8.5, 5, 9.5], "texture": "#0"},
				"up": {"uv": [3.5, 8.5, 3.5, 7], "texture": "#0"},
				"down": {"uv": [3.5, 7, 3.5, 8.5], "texture": "#0"}
			}
		},
		{
			"from": [6.5625, 23.2229, 5.73223],
			"to": [9.3125, 23.9729, 8.73223],
			"rotation": {"angle": 45, "axis": "x", "origin": [8, 10, 8]},
			"faces": {
				"north": {"uv": [7.5, 4, 8.5, 4], "texture": "#0"},
				"east": {"uv": [6, 4, 7.5, 4], "texture": "#0"},
				"south": {"uv": [10, 4, 11, 4], "texture": "#0"},
				"west": {"uv": [8.5, 4, 10, 4], "texture": "#0"},
				"up": {"uv": [8.5, 4, 7.5, 2.5], "texture": "#0"},
				"down": {"uv": [9.5, 2.5, 8.5, 4], "texture": "#0"}
			}
		},
		{
			"from": [7.975, 21.4729, 5.73223],
			"to": [8.025, 23.2229, 8.73223],
			"rotation": {"angle": 45, "axis": "x", "origin": [8, 10, 8]},
			"faces": {
				"north": {"uv": [6.5, 4.5, 6.5, 5], "texture": "#0"},
				"east": {"uv": [5, 4.5, 6.5, 5], "texture": "#0"},
				"south": {"uv": [8, 4.5, 8, 5], "texture": "#0"},
				"west": {"uv": [6.5, 4.5, 8, 5], "texture": "#0"},
				"up": {"uv": [6.5, 4.5, 6.5, 3], "texture": "#0"},
				"down": {"uv": [6.5, 3, 6.5, 4.5], "texture": "#0"}
			}
		},
		{
			"from": [6.8125, 11.74126, 20.36423],
			"to": [9.0625, 14.74126, 21.11423],
			"rotation": {"angle": -22.5, "axis": "x", "origin": [8, 10, 8]},
			"faces": {
				"north": {"uv": [10, 3, 11, 4.5], "texture": "#0"},
				"east": {"uv": [10, 3, 10, 4.5], "texture": "#0"},
				"south": {"uv": [11, 3, 12, 4.5], "texture": "#0"},
				"west": {"uv": [11, 3, 11, 4.5], "texture": "#0"},
				"up": {"uv": [11, 3, 10, 3], "texture": "#0"},
				"down": {"uv": [12, 3, 11, 3], "texture": "#0"}
			}
		},
		{
			"from": [7.9875, 11.74126, 18.86423],
			"to": [8.0125, 14.74126, 20.36423],
			"rotation": {"angle": -22.5, "axis": "x", "origin": [8, 10, 8]},
			"faces": {
				"north": {"uv": [9.5, 11, 9.5, 12.5], "texture": "#0"},
				"east": {"uv": [9, 11, 9.5, 12.5], "texture": "#0"},
				"south": {"uv": [10, 11, 10, 12.5], "texture": "#0"},
				"west": {"uv": [9.5, 11, 10, 12.5], "texture": "#0"},
				"up": {"uv": [9.5, 11, 9.5, 10.5], "texture": "#0"},
				"down": {"uv": [9.5, 10.5, 9.5, 11], "texture": "#0"}
			}
		},
		{
			"from": [8, 12.15, 17.4],
			"to": [8, 16.9, 18.65],
			"rotation": {"angle": 0, "axis": "x", "origin": [8, 10, 8]},
			"faces": {
				"north": {"uv": [8.5, 11, 8.5, 13], "texture": "#0"},
				"east": {"uv": [8, 11, 8.5, 13], "texture": "#0"},
				"south": {"uv": [9, 11, 9, 13], "texture": "#0"},
				"west": {"uv": [8.5, 11, 9, 13], "texture": "#0"},
				"up": {"uv": [8.5, 11, 8.5, 10.5], "texture": "#0"},
				"down": {"uv": [8.5, 10.5, 8.5, 11], "texture": "#0"}
			}
		},
		{
			"from": [7.0625, 14.15, 18.65],
			"to": [8.8125, 16.65, 19.4],
			"rotation": {"angle": 0, "axis": "x", "origin": [8, 10, 8]},
			"faces": {
				"north": {"uv": [8.5, 9, 9, 10], "texture": "#0"},
				"east": {"uv": [8.5, 9, 8.5, 10], "texture": "#0"},
				"south": {"uv": [9, 9, 9.5, 10], "texture": "#0"},
				"west": {"uv": [9, 9, 9, 10], "texture": "#0"},
				"up": {"uv": [9, 9, 8.5, 9], "texture": "#0"},
				"down": {"uv": [9.5, 9, 9, 9], "texture": "#0"}
			}
		}
	],
	"display": {
		"thirdperson_righthand": {
			"rotation": [0, -180, 0],
			"translation": [0, 1.5, 0.75],
			"scale": [1.3, 1.3, 1.3]
		},
		"thirdperson_lefthand": {
			"rotation": [0, -180, 0],
			"translation": [0, 1.5, 0.75],
			"scale": [1.3, 1.3, 1.3]
		},
		"firstperson_righthand": {
			"rotation": [0, -161.25, 0],
			"translation": [3.75, 0, 0],
			"scale": [0.8, 0.8, 0.8]
		},
		"firstperson_lefthand": {
			"rotation": [0, -161.25, 0],
			"translation": [3.75, 0, 0],
			"scale": [0.8, 0.8, 0.8]
		},
		"ground": {
			"translation": [0, 7.5, 0]
		},
		"gui": {
			"rotation": [0, 90, 0],
			"translation": [-1.25, -2, 0],
			"scale": [0.7, 0.7, 0.7]
		},
		"fixed": {
			"rotation": [0, 90, 0],
			"translation": [0, 0, -2.25]
		}
	},
	"groups": [
		{
			"name": "main",
			"origin": [8, 8, 8],
			"children": [0, 1, 2, 3, 4, 5, 6, 7, 8, 9, 10, 11, 12, 13, 14, 15, 16, 17, 18, 19, 20, 21, 22, 23, 24, 25, 26, 27, 28, 29, 30, 31, 32, 33, 34, 35, 36, 37, 38, 39, 40, 41, 42, 43, 44, 45, 46]
		}
	]
}