{
	"credit": "Made with Blockbench",
	"texture_size": [64, 64],
	"textures": {
		"0": "crystalbow",
		"particle": "crystalbow"
	},
	"elements": [
		{
			"from": [8, 7, 8],
			"to": [8.5, 10, 8.5],
			"rotation": {"angle": 0, "axis": "y", "origin": [12, 13.5, 12]},
			"faces": {
				"north": {"uv": [1.75, 6.75, 2, 8.25], "texture": "#0"},
				"east": {"uv": [3.25, 7, 3.5, 8.5], "texture": "#0"},
				"south": {"uv": [3.5, 7, 3.75, 8.5], "texture": "#0"},
				"west": {"uv": [3.75, 7, 4, 8.5], "texture": "#0"},
				"up": {"uv": [4, 2, 3.75, 1.75], "texture": "#0"},
				"down": {"uv": [6.5, 1.5, 6.25, 1.75], "texture": "#0"}
			}
		},
		{
			"from": [7, 4.5, 7.5],
			"to": [9.5, 7, 9],
			"rotation": {"angle": 0, "axis": "y", "origin": [12, 10.5, 12]},
			"faces": {
				"north": {"uv": [4, 3, 5.25, 1.75], "texture": "#0"},
				"east": {"uv": [5.75, 3.75, 6.5, 2.5], "texture": "#0"},
				"south": {"uv": [4, 1.75, 5.25, 3], "texture": "#0"},
				"west": {"uv": [5.75, 5.75, 6.5, 4.5], "texture": "#0"},
				"up": {"uv": [4, 7, 2.75, 6.25], "texture": "#0"},
				"down": {"uv": [4, 7, 2.75, 6.25], "texture": "#0"}
			}
		},
		{
			"from": [7, 9, 7.5],
			"to": [9.5, 11.5, 9],
			"rotation": {"angle": 0, "axis": "y", "origin": [12, 5.5, 12]},
			"faces": {
				"north": {"uv": [4, 3, 5.25, 1.75], "texture": "#0"},
				"east": {"uv": [5.75, 3.75, 6.5, 2.5], "texture": "#0"},
				"south": {"uv": [5.25, 3, 4, 1.75], "texture": "#0"},
				"west": {"uv": [5.75, 5.75, 6.5, 4.5], "texture": "#0"},
				"up": {"uv": [4, 7, 2.75, 6.25], "texture": "#0"},
				"down": {"uv": [4, 7, 2.75, 6.25], "texture": "#0"}
			}
		},
		{
			"from": [5, 5, 7.75],
			"to": [8.5, 6.5, 8.75],
			"rotation": {"angle": 22.5, "axis": "z", "origin": [8.25, 5.75, 8.5]},
			"faces": {
				"north": {"uv": [2, 1.25, 3.75, 2], "texture": "#0"},
				"east": {"uv": [6.75, 1.75, 7.25, 2.5], "texture": "#0"},
				"south": {"uv": [2, 2, 3.75, 1.25], "rotation": 180, "texture": "#0"},
				"west": {"uv": [6.5, 7, 7, 7.75], "texture": "#0"},
				"up": {"uv": [8.25, 7, 6.5, 6.5], "texture": "#0"},
				"down": {"uv": [8.25, 0, 6.5, 0.5], "texture": "#0"}
			}
		},
		{
			"from": [5, 9.5, 7.75],
			"to": [8.5, 11, 8.75],
			"rotation": {"angle": -22.5, "axis": "z", "origin": [8.25, 10.25, 8.5]},
			"faces": {
				"north": {"uv": [2, 2, 3.75, 1.25], "texture": "#0"},
				"east": {"uv": [6.75, 2.5, 7.25, 1.75], "texture": "#0"},
				"south": {"uv": [2, 1.25, 3.75, 2], "rotation": 180, "texture": "#0"},
				"west": {"uv": [6.5, 7.75, 7, 7], "texture": "#0"},
				"up": {"uv": [8.25, 0.5, 6.5, 0], "texture": "#0"},
				"down": {"uv": [8.25, 6.5, 6.5, 7], "texture": "#0"}
			}
		},
		{
			"from": [8.64418, 3.00597, 7.73],
			"to": [10.18418, 6.54597, 8.77],
			"rotation": {"angle": 22.5, "axis": "z", "origin": [9.41418, 4.77597, 8.25]},
			"faces": {
				"north": {"uv": [3.25, 4.5, 4, 6.25], "texture": "#0"},
				"east": {"uv": [6.5, 2.5, 7, 4.25], "texture": "#0"},
				"south": {"uv": [4, 4.5, 3.25, 6.25], "texture": "#0"},
				"west": {"uv": [6.5, 2.5, 7, 4.25], "texture": "#0"},
				"up": {"uv": [5.75, 5, 5, 4.5], "texture": "#missing"},
				"down": {"uv": [7.25, 6, 6.5, 6.5], "texture": "#missing"}
			}
		},
		{
			"from": [8.65418, 9.46403, 7.74],
			"to": [10.17418, 12.98403, 8.76],
			"rotation": {"angle": -22.5, "axis": "z", "origin": [9.41418, 11.22403, 8.25]},
			"faces": {
				"north": {"uv": [3.25, 6.25, 4, 4.5], "texture": "#0"},
				"east": {"uv": [6.5, 4.25, 7, 2.5], "texture": "#0"},
				"south": {"uv": [4, 6.25, 3.25, 4.5], "texture": "#0"},
				"west": {"uv": [6.5, 6, 7, 4.25], "texture": "#0"},
				"up": {"uv": [7.25, 6.5, 6.5, 6], "texture": "#0"},
				"down": {"uv": [5.75, 4.5, 5, 5], "texture": "#0"}
			}
		},
		{
			"from": [7.97911, 6.00023, 7.99],
			"to": [9.99911, 6.52023, 8.51],
			"rotation": {"angle": 22.5, "axis": "z", "origin": [9.98911, 7.16023, 8.25]},
			"faces": {
				"north": {"uv": [4, 3.75, 5, 4], "texture": "#0"},
				"east": {"uv": [7.25, 6, 7.5, 6.25], "texture": "#0"},
				"south": {"uv": [4, 3.75, 5, 4], "rotation": 180, "texture": "#0"},
				"west": {"uv": [7.25, 6.25, 7.5, 6.5], "texture": "#0"},
				"up": {"uv": [4, 3.75, 5, 4], "rotation": 180, "texture": "#0"},
				"down": {"uv": [4, 3.75, 5, 4], "rotation": 180, "texture": "#0"}
			}
		},
		{
			"from": [7.97911, 9.47977, 7.99],
			"to": [9.99911, 9.99977, 8.51],
			"rotation": {"angle": -22.5, "axis": "z", "origin": [9.98911, 8.83977, 8.25]},
			"faces": {
				"north": {"uv": [4, 4, 5, 3.75], "texture": "#0"},
				"east": {"uv": [7.25, 6.25, 7.5, 6], "texture": "#0"},
				"south": {"uv": [4, 4, 5, 3.75], "rotation": 180, "texture": "#0"},
				"west": {"uv": [7.25, 6.5, 7.5, 6.25], "texture": "#0"},
				"up": {"uv": [4, 4, 5, 3.75], "rotation": 180, "texture": "#0"},
				"down": {"uv": [4, 4, 5, 3.75], "rotation": 180, "texture": "#0"}
			}
		},
		{
			"from": [13.22202, 4.68724, 7.99],
			"to": [13.74202, 6.70724, 8.51],
			"rotation": {"angle": -45, "axis": "z", "origin": [10.68202, 7.44724, 8.25]},
			"faces": {
				"north": {"uv": [4.75, 5.75, 5, 6.75], "texture": "#0"},
				"east": {"uv": [4.75, 5.75, 5, 6.75], "texture": "#0"},
				"south": {"uv": [4.75, 5.75, 5, 6.75], "texture": "#0"},
				"west": {"uv": [4.75, 5.75, 5, 6.75], "texture": "#0"},
				"up": {"uv": [0.5, 7.75, 0.25, 7.5], "texture": "#0"},
				"down": {"uv": [0.75, 7.5, 0.5, 7.75], "texture": "#0"}
			}
		},
		{
			"from": [13.22202, 9.29276, 7.99],
			"to": [13.74202, 11.31276, 8.51],
			"rotation": {"angle": 45, "axis": "z", "origin": [10.68202, 8.55276, 8.25]},
			"faces": {
				"north": {"uv": [4.75, 6.75, 5, 5.75], "texture": "#0"},
				"east": {"uv": [4.75, 6.75, 5, 5.75], "texture": "#0"},
				"south": {"uv": [4.75, 6.75, 5, 5.75], "texture": "#0"},
				"west": {"uv": [4.75, 6.75, 5, 5.75], "texture": "#0"},
				"up": {"uv": [0.75, 7.75, 0.5, 7.5], "texture": "#0"},
				"down": {"uv": [0.5, 7.5, 0.25, 7.75], "texture": "#0"}
			}
		},
		{
			"from": [8.97911, 5.50023, 8.24],
			"to": [11.99911, 7.02023, 8.26],
			"rotation": {"angle": 22.5, "axis": "z", "origin": [9.98911, 7.16023, 8.25]},
			"faces": {
				"north": {"uv": [5, 3.75, 6.5, 4.5], "texture": "#0"},
				"east": {"uv": [0, 0, 0, 0.75], "texture": "#0"},
				"south": {"uv": [5, 3.75, 6.5, 4.5], "rotation": 180, "texture": "#0"},
				"west": {"uv": [0, 0, 0, 0.75], "texture": "#0"},
				"up": {"uv": [1.5, 0, 0, 0], "texture": "#0"},
				"down": {"uv": [1.5, 0, 0, 0], "texture": "#0"}
			}
		},
		{
			"from": [8.97911, 8.97977, 8.24],
			"to": [11.99911, 10.49977, 8.26],
			"rotation": {"angle": -22.5, "axis": "z", "origin": [9.98911, 8.83977, 8.25]},
			"faces": {
				"north": {"uv": [5, 4.5, 6.5, 3.75], "texture": "#0"},
				"east": {"uv": [0, 0.75, 0, 0], "texture": "#0"},
				"south": {"uv": [5, 4.5, 6.5, 3.75], "rotation": 180, "texture": "#0"},
				"west": {"uv": [0, 0.75, 0, 0], "texture": "#0"},
				"up": {"uv": [1.5, 0, 0, 0], "texture": "#0"},
				"down": {"uv": [1.5, 0, 0, 0], "texture": "#0"}
			}
		},
		{
			"from": [12.72202, 5.68724, 8.24],
			"to": [14.24202, 8.70724, 8.26],
			"rotation": {"angle": -45, "axis": "z", "origin": [10.68202, 7.44724, 8.25]},
			"faces": {
				"north": {"uv": [5.75, 0, 6.5, 1.5], "texture": "#0"},
				"east": {"uv": [0, 0, 0, 1.5], "texture": "#0"},
				"south": {"uv": [5.75, 0, 6.5, 1.5], "texture": "#0"},
				"west": {"uv": [0, 0, 0, 1.5], "texture": "#0"},
				"up": {"uv": [0.75, 0, 0, 0], "texture": "#0"},
				"down": {"uv": [0.75, 0, 0, 0], "texture": "#0"}
			}
		},
		{
			"from": [12.72202, 7.29276, 8.24],
			"to": [14.24202, 10.31276, 8.26],
			"rotation": {"angle": 45, "axis": "z", "origin": [10.68202, 8.55276, 8.25]},
			"faces": {
				"north": {"uv": [5.75, 1.5, 6.5, 0], "texture": "#0"},
				"east": {"uv": [0, 1.5, 0, 0], "texture": "#0"},
				"south": {"uv": [5.75, 1.5, 6.5, 0], "texture": "#0"},
				"west": {"uv": [0, 1.5, 0, 0], "texture": "#0"},
				"up": {"uv": [0.75, 0, 0, 0], "texture": "#0"},
				"down": {"uv": [0.75, 0, 0, 0], "texture": "#0"}
			}
		},
		{
			"from": [9.26679, -0.0638, 7.74],
			"to": [10.78679, 3.4562, 8.76],
			"rotation": {"angle": 0, "axis": "z", "origin": [10.02679, 1.6962, 8.25]},
			"faces": {
				"north": {"uv": [5, 0, 5.75, 1.75], "texture": "#0"},
				"east": {"uv": [0.75, 6.75, 1.25, 8.5], "texture": "#0"},
				"south": {"uv": [5.75, 0, 5, 1.75], "texture": "#0"},
				"west": {"uv": [0.75, 6.75, 1.25, 8.5], "texture": "#0"},
				"up": {"uv": [7.75, 7.5, 7, 7], "texture": "#0"},
				"down": {"uv": [7.75, 0.5, 7, 1], "texture": "#0"}
			}
		},
		{
			"from": [6.18839, -1.7769, 8.125],
			"to": [6.68839, 10.2231, 8.125],
			"rotation": {"angle": 22.5, "axis": "z", "origin": [7.01339, 1.3481, 8.125]},
			"faces": {
				"north": {"uv": [15.24975, 8.25, 15.62475, 11.375], "texture": "#0"},
				"east": {"uv": [0.75, 6.75, 1.25, 8.5], "texture": "#0"},
				"south": {"uv": [15.24975, 8.25, 15.62475, 11.375], "texture": "#0"},
				"west": {"uv": [1.25, 6.75, 1.75, 8.5], "texture": "#0"},
				"up": {"uv": [7.75, 7.5, 7, 7], "texture": "#0"},
				"down": {"uv": [7.75, 0.5, 7, 1], "texture": "#0"}
			}
		},
		{
			"from": [6.18839, 5.7769, 8.125],
			"to": [6.68839, 17.7769, 8.125],
			"rotation": {"angle": -22.5, "axis": "z", "origin": [7.01339, 14.6519, 8.125]},
			"faces": {
				"north": {"uv": [15.24975, 11.375, 15.62475, 8.25], "texture": "#0"},
				"east": {"uv": [0.75, 8.5, 1.25, 6.75], "texture": "#0"},
				"south": {"uv": [15.24975, 11.375, 15.62475, 8.25], "texture": "#0"},
				"west": {"uv": [1.25, 8.5, 1.75, 6.75], "texture": "#0"},
				"up": {"uv": [7.75, 1, 7, 0.5], "texture": "#0"},
				"down": {"uv": [7.75, 7, 7, 7.5], "texture": "#0"}
			}
		},
		{
			"from": [9.27679, 12.5538, 7.75],
			"to": [10.77679, 16.0538, 8.75],
			"rotation": {"angle": 0, "axis": "z", "origin": [10.02679, 14.3038, 8.25]},
			"faces": {
				"north": {"uv": [5, 1.75, 5.75, 0], "texture": "#0"},
				"east": {"uv": [0.75, 8.5, 1.25, 6.75], "texture": "#0"},
				"south": {"uv": [5, 1.75, 5.75, 0], "texture": "#0"},
				"west": {"uv": [1.25, 8.5, 1.75, 6.75], "texture": "#0"},
				"up": {"uv": [7.75, 1, 7, 0.5], "texture": "#0"},
				"down": {"uv": [7.75, 7, 7, 7.5], "texture": "#0"}
			}
		},
		{
			"from": [7.20823, -2.00695, 7.74],
			"to": [8.70823, 1.49305, 8.74],
			"rotation": {"angle": -45, "axis": "z", "origin": [7.88237, -1.79441, 8.28]},
			"faces": {
				"north": {"uv": [4, 5.75, 4.75, 7.5], "texture": "#0"},
				"east": {"uv": [4.75, 6.75, 5.25, 8.5], "texture": "#0"},
				"south": {"uv": [4.75, 5.75, 4, 7.5], "texture": "#0"},
				"west": {"uv": [4.75, 6.75, 5.25, 8.5], "texture": "#0"},
				"up": {"uv": [7.75, 1.5, 7, 1], "texture": "#missing"},
				"down": {"uv": [7.75, 2.5, 7, 3], "texture": "#0"}
			}
		},
		{
			"from": [7.20823, 14.50695, 7.74],
			"to": [8.70823, 18.00695, 8.74],
			"rotation": {"angle": 45, "axis": "z", "origin": [7.88237, 17.79441, 8.28]},
			"faces": {
				"north": {"uv": [4, 7.5, 4.75, 5.75], "texture": "#0"},
				"east": {"uv": [4.75, 8.5, 5.25, 6.75], "texture": "#0"},
				"south": {"uv": [4.75, 7.5, 4, 5.75], "texture": "#0"},
				"west": {"uv": [5.25, 8.5, 5.75, 6.75], "texture": "#0"},
				"up": {"uv": [7.75, 3, 7, 2.5], "texture": "#0"},
				"down": {"uv": [7.75, 1, 7, 1.5], "texture": "#missing"}
			}
		},
		{
			"from": [5.31309, -1.09909, 8.2],
			"to": [9.29309, 1.38091, 8.18],
			"rotation": {"angle": -22.5, "axis": "z", "origin": [7.88237, -1.79441, 8.28]},
			"faces": {
				"north": {"uv": [0, 0, 2, 1.25], "texture": "#0"},
				"east": {"uv": [0, 0, 0, 1.25], "texture": "#missing"},
				"south": {"uv": [2, 0, 0, 1.25], "texture": "#0"},
				"west": {"uv": [0, 0, 0, 1.25], "texture": "#missing"},
				"up": {"uv": [2, 0, 0, 0], "texture": "#missing"},
				"down": {"uv": [2, 0, 0, 0], "texture": "#missing"}
			}
		},
		{
			"from": [5.31309, 14.61909, 8.2],
			"to": [9.29309, 17.09909, 8.18],
			"rotation": {"angle": 22.5, "axis": "z", "origin": [7.88237, 17.79441, 8.28]},
			"faces": {
				"north": {"uv": [0, 1.25, 2, 0], "texture": "#0"},
				"east": {"uv": [0, 1.25, 0, 0], "texture": "#missing"},
				"south": {"uv": [2, 1.25, 0, 0], "texture": "#0"},
				"west": {"uv": [0, 1.25, 0, 0], "texture": "#missing"},
				"up": {"uv": [2, 0, 0, 0], "texture": "#missing"},
				"down": {"uv": [2, 0, 0, 0], "texture": "#missing"}
			}
		},
		{
			"from": [6.12418, 1.27642, 8.21],
			"to": [10.10418, 3.75642, 8.19],
			"rotation": {"angle": -22.5, "axis": "z", "origin": [8.36418, 1.61642, 8.2]},
			"faces": {
				"north": {"uv": [2, 2, 4, 3.25], "texture": "#0"},
				"east": {"uv": [0, 0, 0, 1.25], "texture": "#0"},
				"south": {"uv": [4, 2, 2, 3.25], "texture": "#0"},
				"west": {"uv": [0, 0, 0, 1.25], "texture": "#0"},
				"up": {"uv": [2, 0, 0, 0], "texture": "#0"},
				"down": {"uv": [2, 0, 0, 0], "texture": "#0"}
			}
		},
		{
			"from": [6.12418, 12.24358, 8.21],
			"to": [10.10418, 14.72358, 8.19],
			"rotation": {"angle": 22.5, "axis": "z", "origin": [8.36418, 14.38358, 8.2]},
			"faces": {
				"north": {"uv": [2, 3.25, 4, 2], "texture": "#0"},
				"east": {"uv": [0, 1.25, 0, 0], "texture": "#0"},
				"south": {"uv": [4, 2, 2, 3.25], "texture": "#0"},
				"west": {"uv": [0, 1.25, 0, 0], "texture": "#0"},
				"up": {"uv": [2, 0, 0, 0], "texture": "#0"},
				"down": {"uv": [2, 0, 0, 0], "texture": "#0"}
			}
		},
		{
			"from": [3.72418, 3.70142, 8.21],
			"to": [7.70418, 6.18142, 8.19],
			"rotation": {"angle": 22.5, "axis": "z", "origin": [5.71418, 4.94142, 8.2]},
			"faces": {
				"north": {"uv": [0, 2.5, 2, 3.75], "texture": "#0"},
				"east": {"uv": [0, 0, 0, 1.25], "texture": "#0"},
				"south": {"uv": [0, 3.75, 2, 2.5], "rotation": 180, "texture": "#0"},
				"west": {"uv": [0, 0, 0, 1.25], "texture": "#0"},
				"up": {"uv": [2, 0, 0, 0], "texture": "#0"},
				"down": {"uv": [2, 0, 0, 0], "texture": "#0"}
			}
		},
		{
			"from": [3.72418, 9.81858, 8.21],
			"to": [7.70418, 12.29858, 8.19],
			"rotation": {"angle": -22.5, "axis": "z", "origin": [5.71418, 11.05858, 8.2]},
			"faces": {
				"north": {"uv": [0, 3.75, 2, 2.5], "texture": "#0"},
				"east": {"uv": [0, 1.25, 0, 0], "texture": "#0"},
				"south": {"uv": [0, 2.5, 2, 3.75], "rotation": 180, "texture": "#0"},
				"west": {"uv": [0, 1.25, 0, 0], "texture": "#0"},
				"up": {"uv": [2, 0, 0, 0], "texture": "#0"},
				"down": {"uv": [2, 0, 0, 0], "texture": "#0"}
			}
		},
		{
			"from": [7.79181, -3.93816, 7.825],
			"to": [8.79181, -1.43816, 8.325],
			"rotation": {"angle": -22.5, "axis": "z", "origin": [7.85786, -1.68729, 8.115]},
			"faces": {
				"north": {"uv": [6.5, 0.5, 7, 1.75], "texture": "#0"},
				"east": {"uv": [7, 3, 7.25, 4.25], "texture": "#0"},
				"south": {"uv": [6.5, 0.5, 7, 1.75], "texture": "#0"},
				"west": {"uv": [7, 4.25, 7.25, 5.5], "texture": "#0"},
				"up": {"uv": [6.25, 1.75, 5.75, 1.5], "texture": "#missing"},
				"down": {"uv": [7.75, 1.75, 7.25, 2], "texture": "#0"}
			}
		},
		{
			"from": [7.79181, 17.43816, 8],
			"to": [8.79181, 19.93816, 8.5],
			"rotation": {"angle": 22.5, "axis": "z", "origin": [7.85786, 17.68729, 8.04]},
			"faces": {
				"north": {"uv": [6.5, 1.75, 7, 0.5], "texture": "#0"},
				"east": {"uv": [7, 4.25, 7.25, 3], "texture": "#0"},
				"south": {"uv": [7, 4.25, 7.25, 3], "texture": "#0"},
				"west": {"uv": [7, 5.5, 7.25, 4.25], "texture": "#0"},
				"up": {"uv": [7.75, 2, 7.25, 1.75], "texture": "#0"},
				"down": {"uv": [6.25, 1.5, 5.75, 1.75], "texture": "#missing"}
			}
		},
		{
			"from": [7.29181, -5.43816, 8.075],
			"to": [9.29181, -0.93816, 8.075],
			"rotation": {"angle": -22.5, "axis": "z", "origin": [7.85786, -1.68729, 8.115]},
			"faces": {
				"north": {"uv": [0, 3.75, 1, 6], "texture": "#0"},
				"east": {"uv": [0, 0, 0, 2.25], "texture": "#missing"},
				"south": {"uv": [1, 3.75, 0, 6], "texture": "#0"},
				"west": {"uv": [0, 0, 0, 2.25], "texture": "#missing"},
				"up": {"uv": [1, 0, 0, 0], "texture": "#missing"},
				"down": {"uv": [1, 0, 0, 0], "texture": "#missing"}
			}
		},
		{
			"from": [7.29181, 16.93816, 8.25],
			"to": [9.29181, 21.43816, 8.25],
			"rotation": {"angle": 22.5, "axis": "z", "origin": [7.85786, 17.68729, 8.04]},
			"faces": {
				"north": {"uv": [0, 6, 1, 3.75], "texture": "#0"},
				"east": {"uv": [0, 2.25, 0, 0], "texture": "#missing"},
				"south": {"uv": [1, 6, 0, 3.75], "texture": "#0"},
				"west": {"uv": [0, 2.25, 0, 0], "texture": "#missing"},
				"up": {"uv": [1, 0, 0, 0], "texture": "#missing"},
				"down": {"uv": [1, 0, 0, 0], "texture": "#missing"}
			}
		},
		{
			"from": [6.95181, -2.57816, 7.835],
			"to": [7.93181, -1.59816, 8.315],
			"rotation": {"angle": 22.5, "axis": "z", "origin": [6.79181, -2.68816, 8.075]},
			"faces": {
				"north": {"uv": [5.25, 2.5, 5.75, 3], "rotation": 270, "texture": "#0"},
				"east": {"uv": [7.75, 5.25, 7.25, 5], "rotation": 90, "texture": "#missing"},
				"south": {"uv": [5.25, 2.5, 5.75, 3], "rotation": 270, "texture": "#0"},
				"west": {"uv": [7.75, 5.25, 7.25, 5.5], "rotation": 90, "texture": "#0"},
				"up": {"uv": [7.25, 2, 7.5, 2.5], "rotation": 90, "texture": "#0"},
				"down": {"uv": [3.75, 1.25, 4, 1.75], "rotation": 90, "texture": "#0"}
			}
		},
		{
			"from": [6.95181, 17.59816, 7.76],
			"to": [7.93181, 18.57816, 8.24],
			"rotation": {"angle": -22.5, "axis": "z", "origin": [6.79181, 18.68816, 8]},
			"faces": {
				"north": {"uv": [5.75, 2.5, 5.25, 3], "rotation": 270, "texture": "#0"},
				"east": {"uv": [7.25, 5.25, 7.75, 5], "rotation": 90, "texture": "#missing"},
				"south": {"uv": [5.75, 2.5, 5.25, 3], "rotation": 270, "texture": "#0"},
				"west": {"uv": [7.25, 5.25, 7.75, 5.5], "rotation": 90, "texture": "#0"},
				"up": {"uv": [4, 1.25, 3.75, 1.75], "rotation": 90, "texture": "#0"},
				"down": {"uv": [7.5, 2, 7.25, 2.5], "rotation": 90, "texture": "#0"}
			}
		},
		{
			"from": [5.15632, -2.6312, 8.085],
			"to": [8.63632, -0.6512, 8.065],
			"rotation": {"angle": 22.5, "axis": "z", "origin": [7.85786, -1.68729, 8.115]},
			"faces": {
				"north": {"uv": [4, 4, 5, 5.75], "rotation": 270, "texture": "#0"},
				"east": {"uv": [1, 0, 0, 0], "rotation": 90, "texture": "#missing"},
				"south": {"uv": [4, 5.75, 5, 4], "rotation": 270, "texture": "#0"},
				"west": {"uv": [1, 0, 0, 0], "rotation": 90, "texture": "#missing"},
				"up": {"uv": [0, 0, 0, 1.75], "rotation": 90, "texture": "#missing"},
				"down": {"uv": [0, 0, 0, 1.75], "rotation": 90, "texture": "#missing"}
			}
		},
		{
			"from": [5.15632, 16.6512, 8.01],
			"to": [8.63632, 18.6312, 7.99],
			"rotation": {"angle": -22.5, "axis": "z", "origin": [7.85786, 17.68729, 8.04]},
			"faces": {
				"north": {"uv": [5, 4, 4, 5.75], "rotation": 270, "texture": "#0"},
				"east": {"uv": [0, 0, 1, 0], "rotation": 90, "texture": "#missing"},
				"south": {"uv": [5, 5.75, 4, 4], "rotation": 270, "texture": "#0"},
				"west": {"uv": [0, 0, 1, 0], "rotation": 90, "texture": "#missing"},
				"up": {"uv": [0, 0, 0, 1.75], "rotation": 90, "texture": "#missing"},
				"down": {"uv": [0, 0, 0, 1.75], "rotation": 90, "texture": "#missing"}
			}
		}
	],
	"display": {
		"thirdperson_righthand": {
			"rotation": [15, 93, 5],
			"translation": [0.5, -1.25, 1.5],
			"scale": [1.25, 1.25, 1.25]
		},
		"thirdperson_lefthand": {
			"rotation": [57, -87, -4],
			"translation": [0.5, 0, 1.5],
			"scale": [1.25, 1.25, 1.25]
		},
		"firstperson_righthand": {
			"rotation": [-14, 102, 19],
			"translation": [0.5, 4.5, -0.5]
		},
		"firstperson_lefthand": {
			"rotation": [26, -71, 19],
			"translation": [0.5, 4.5, -0.5]
		},
		"ground": {
			"translation": [0, 8.5, 0]
		},
		"gui": {
			"rotation": [0, 0, -41],
			"translation": [0, 0, -2]
		},
		"fixed": {
			"rotation": [0, 0, 37],
			"translation": [0, 0, -2]
		}
	}
}