{
 "parent": "item/handheld",
 "textures": {
  "layer0": "item/diamond_sword"
 },

 "overrides": [
  { "predicate": {"custom_model_data": 100001}, "model": "item/magic_crate/magical_ice_sword"},
  { "predicate": {"custom_model_data": 100002}, "model": "item/egypt_crate/pharaoh_sword_2"},
  { "predicate": {"custom_model_data": 100003}, "model": "item/egypt_crate/serpent_wand"},
  { "predicate": {"custom_model_data": 100004}, "model": "item/boss_weapons/boss_weapon"},
  { "predicate": {"custom_model_data": 100005}, "model": "item/halloween_crate/deer_scythe"},
  { "predicate": {"custom_model_data": 100006}, "model": "item/stpatrick21_crate/sword"}    
 ]

 
}