{
	"credit": "Made with Blockbench",
	"texture_size": [64, 64],
	"textures": {
		"0": "stpatrick21_crate/axe",
		"particle": "stpatrick21_crate/axe"
	},
	"elements": [
		{
			"from": [7, -6, 7],
			"to": [9, 1, 9],
			"rotation": {"angle": 0, "axis": "y", "origin": [7, 0, 0]},
			"faces": {
				"north": {"uv": [5.5, 2.5, 6, 4.25], "texture": "#0"},
				"east": {"uv": [5.5, 2.5, 6, 4.25], "texture": "#0"},
				"south": {"uv": [5.5, 2.5, 6, 4.25], "texture": "#0"},
				"west": {"uv": [5.5, 2.5, 6, 4.25], "texture": "#0"},
				"up": {"uv": [4.75, 2.25, 4.25, 1.75], "texture": "#0"},
				"down": {"uv": [4.75, 2.25, 4.25, 2.75], "texture": "#0"}
			}
		},
		{
			"from": [7, 2, 7],
			"to": [9, 16, 9],
			"rotation": {"angle": 0, "axis": "y", "origin": [7, 0, 0]},
			"faces": {
				"north": {"uv": [1, 4.75, 1.5, 8.25], "texture": "#0"},
				"east": {"uv": [1, 4.75, 1.5, 8.25], "texture": "#0"},
				"south": {"uv": [1, 4.75, 1.5, 8.25], "texture": "#0"},
				"west": {"uv": [1, 4.75, 1.5, 8.25], "texture": "#0"},
				"up": {"uv": [6, 5.5, 5.5, 5], "texture": "#0"},
				"down": {"uv": [6.75, 4.5, 6.25, 5], "texture": "#0"}
			}
		},
		{
			"from": [-3, 2.5, 8],
			"to": [8, 21.5, 8],
			"rotation": {"angle": 0, "axis": "y", "origin": [7, 0, 0]},
			"faces": {
				"north": {"uv": [13.625, 3, 10.875, 7.75], "texture": "#0"},
				"east": {"uv": [0, 0, 0, 4.75], "texture": "#0"},
				"south": {"uv": [10.875, 3, 13.625, 7.75], "texture": "#0"},
				"west": {"uv": [0, 0, 0, 4.75], "texture": "#0"},
				"up": {"uv": [2.75, 0, 0, 0], "texture": "#0"},
				"down": {"uv": [2.75, 0, 0, 0], "texture": "#0"}
			}
		},
		{
			"from": [8, 2.5, 8],
			"to": [19, 21.5, 8],
			"rotation": {"angle": 0, "axis": "y", "origin": [9, 0, 0]},
			"faces": {
				"north": {"uv": [10.875, 3, 13.625, 7.75], "texture": "#0"},
				"east": {"uv": [0, 0, 0, 4.75], "texture": "#0"},
				"south": {"uv": [13.625, 3, 10.875, 7.75], "texture": "#0"},
				"west": {"uv": [0, 0, 0, 4.75], "texture": "#0"},
				"up": {"uv": [0, 0, 2.75, 0], "texture": "#0"},
				"down": {"uv": [0, 0, 2.75, 0], "texture": "#0"}
			}
		},
		{
			"from": [5.5, 9.25, 9.025],
			"to": [10.5, 14.25, 9.025],
			"rotation": {"angle": 0, "axis": "y", "origin": [6.5, 0, 16]},
			"faces": {
				"north": {"uv": [3, 9.25, 0.25, 12], "texture": "#0"},
				"east": {"uv": [0, 0, 0, 1.25], "texture": "#0"},
				"south": {"uv": [0.25, 9.25, 3, 12], "texture": "#0"},
				"west": {"uv": [0, 0, 0, 1.25], "texture": "#0"},
				"up": {"uv": [1.25, 0, 0, 0], "texture": "#0"},
				"down": {"uv": [1.25, 0, 0, 0], "texture": "#0"}
			}
		},
		{
			"from": [5.5, 9.25, 6.975],
			"to": [10.5, 14.25, 6.975],
			"rotation": {"angle": 0, "axis": "y", "origin": [6.5, 0, 0]},
			"faces": {
				"north": {"uv": [3, 9.25, 0.25, 12], "texture": "#0"},
				"east": {"uv": [0, 0, 0, 1.25], "texture": "#0"},
				"south": {"uv": [0.25, 9.25, 3, 12], "texture": "#0"},
				"west": {"uv": [0, 0, 0, 1.25], "texture": "#0"},
				"up": {"uv": [1.25, 0, 0, 0], "texture": "#0"},
				"down": {"uv": [1.25, 0, 0, 0], "texture": "#0"}
			}
		},
		{
			"from": [0, 8.5, 7.5],
			"to": [4, 15.5, 8.5],
			"rotation": {"angle": 0, "axis": "y", "origin": [9, 0, 0]},
			"faces": {
				"north": {"uv": [4.75, 0, 3.75, 1.75], "texture": "#0"},
				"east": {"uv": [2.5, 4.75, 2.75, 6.5], "texture": "#0"},
				"south": {"uv": [3.75, 0, 4.75, 1.75], "texture": "#0"},
				"west": {"uv": [7, 3.75, 7.25, 5.5], "texture": "#0"},
				"up": {"uv": [3.75, 2.75, 2.75, 2.5], "texture": "#0"},
				"down": {"uv": [7.75, 5.5, 6.75, 5.75], "texture": "#0"}
			}
		},
		{
			"from": [12, 8.5, 7.5],
			"to": [16, 15.5, 8.5],
			"rotation": {"angle": 0, "axis": "y", "origin": [7, 0, 0]},
			"faces": {
				"north": {"uv": [3.75, 0, 4.75, 1.75], "texture": "#0"},
				"east": {"uv": [7.25, 3.75, 7, 5.5], "texture": "#0"},
				"south": {"uv": [4.75, 0, 3.75, 1.75], "texture": "#0"},
				"west": {"uv": [2.75, 4.75, 2.5, 6.5], "texture": "#0"},
				"up": {"uv": [2.75, 2.75, 3.75, 2.5], "texture": "#0"},
				"down": {"uv": [6.75, 5.5, 7.75, 5.75], "texture": "#0"}
			}
		},
		{
			"from": [2, 5.5, 7.75],
			"to": [5, 8.5, 8.25],
			"rotation": {"angle": 0, "axis": "y", "origin": [9, 0, 0]},
			"faces": {
				"north": {"uv": [4.25, 1.75, 3.5, 2.5], "texture": "#0"},
				"east": {"uv": [6.75, 4.5, 6.875, 5.25], "texture": "#0"},
				"south": {"uv": [3.5, 1.75, 4.25, 2.5], "texture": "#0"},
				"west": {"uv": [5, 7.5, 5.125, 8.25], "texture": "#0"},
				"up": {"uv": [8.25, 7.625, 7.5, 7.5], "texture": "#0"},
				"down": {"uv": [8.25, 0, 7.5, 0.125], "texture": "#0"}
			}
		},
		{
			"from": [11, 5.5, 7.75],
			"to": [14, 8.5, 8.25],
			"rotation": {"angle": 0, "axis": "y", "origin": [7, 0, 0]},
			"faces": {
				"north": {"uv": [3.5, 1.75, 4.25, 2.5], "texture": "#0"},
				"east": {"uv": [5.125, 7.5, 5, 8.25], "texture": "#0"},
				"south": {"uv": [4.25, 1.75, 3.5, 2.5], "texture": "#0"},
				"west": {"uv": [6.875, 4.5, 6.75, 5.25], "texture": "#0"},
				"up": {"uv": [7.5, 7.625, 8.25, 7.5], "texture": "#0"},
				"down": {"uv": [7.5, 0, 8.25, 0.125], "texture": "#0"}
			}
		},
		{
			"from": [2, 15.5, 7.75],
			"to": [5, 18.5, 8.25],
			"rotation": {"angle": 0, "axis": "y", "origin": [9, 0, 0]},
			"faces": {
				"north": {"uv": [6.75, 0, 6, 0.75], "texture": "#0"},
				"east": {"uv": [5.25, 7.5, 5.375, 8.25], "texture": "#0"},
				"south": {"uv": [6, 0, 6.75, 0.75], "texture": "#0"},
				"west": {"uv": [7.5, 0.25, 7.625, 1], "texture": "#0"},
				"up": {"uv": [8.25, 1.125, 7.5, 1], "texture": "#0"},
				"down": {"uv": [8.25, 1.25, 7.5, 1.375], "texture": "#0"}
			}
		},
		{
			"from": [11, 15.5, 7.75],
			"to": [14, 18.5, 8.25],
			"rotation": {"angle": 0, "axis": "y", "origin": [7, 0, 0]},
			"faces": {
				"north": {"uv": [6, 0, 6.75, 0.75], "texture": "#0"},
				"east": {"uv": [7.625, 0.25, 7.5, 1], "texture": "#0"},
				"south": {"uv": [6.75, 0, 6, 0.75], "texture": "#0"},
				"west": {"uv": [5.375, 7.5, 5.25, 8.25], "texture": "#0"},
				"up": {"uv": [7.5, 1.125, 8.25, 1], "texture": "#0"},
				"down": {"uv": [7.5, 1.25, 8.25, 1.375], "texture": "#0"}
			}
		},
		{
			"from": [5, 11, 7],
			"to": [7, 13, 9],
			"rotation": {"angle": 0, "axis": "y", "origin": [9, 0, 0]},
			"faces": {
				"north": {"uv": [2, 7.25, 2.5, 7.75], "texture": "#0"},
				"east": {"uv": [5.5, 7.25, 6, 7.75], "texture": "#0"},
				"south": {"uv": [6.5, 7.25, 7, 7.75], "texture": "#0"},
				"west": {"uv": [7, 7.25, 7.5, 7.75], "texture": "#0"},
				"up": {"uv": [7.75, 4.25, 7.25, 3.75], "texture": "#0"},
				"down": {"uv": [7.75, 4.25, 7.25, 4.75], "texture": "#0"}
			}
		},
		{
			"from": [9, 11, 7],
			"to": [11, 13, 9],
			"rotation": {"angle": 0, "axis": "y", "origin": [7, 0, 0]},
			"faces": {
				"north": {"uv": [2.5, 7.25, 2, 7.75], "texture": "#0"},
				"east": {"uv": [7.5, 7.25, 7, 7.75], "texture": "#0"},
				"south": {"uv": [7, 7.25, 6.5, 7.75], "texture": "#0"},
				"west": {"uv": [6, 7.25, 5.5, 7.75], "texture": "#0"},
				"up": {"uv": [7.25, 4.25, 7.75, 3.75], "texture": "#0"},
				"down": {"uv": [7.25, 4.25, 7.75, 4.75], "texture": "#0"}
			}
		},
		{
			"from": [3, 11.25, 7.25],
			"to": [5, 12.75, 8.75],
			"rotation": {"angle": 0, "axis": "y", "origin": [9, 0, 0]},
			"faces": {
				"north": {"uv": [7.25, 4.75, 7.75, 5.125], "texture": "#0"},
				"east": {"uv": [4, 7.5, 4.375, 7.875], "texture": "#0"},
				"south": {"uv": [7.25, 5.75, 7.75, 6.125], "texture": "#0"},
				"west": {"uv": [4.5, 7.5, 4.875, 7.875], "texture": "#0"},
				"up": {"uv": [7.75, 6.625, 7.25, 6.25], "texture": "#0"},
				"down": {"uv": [7.75, 6.75, 7.25, 7.125], "texture": "#0"}
			}
		},
		{
			"from": [11, 11.25, 7.25],
			"to": [13, 12.75, 8.75],
			"rotation": {"angle": 0, "axis": "y", "origin": [7, 0, 0]},
			"faces": {
				"north": {"uv": [7.75, 4.75, 7.25, 5.125], "texture": "#0"},
				"east": {"uv": [4.875, 7.5, 4.5, 7.875], "texture": "#0"},
				"south": {"uv": [7.75, 5.75, 7.25, 6.125], "texture": "#0"},
				"west": {"uv": [4.375, 7.5, 4, 7.875], "texture": "#0"},
				"up": {"uv": [7.25, 6.625, 7.75, 6.25], "texture": "#0"},
				"down": {"uv": [7.25, 6.75, 7.75, 7.125], "texture": "#0"}
			}
		},
		{
			"from": [6.5, -9, 6.5],
			"to": [9.5, -6, 9.5],
			"rotation": {"angle": 0, "axis": "y", "origin": [8, -7.5, 6]},
			"faces": {
				"north": {"uv": [6, 0.75, 6.75, 1.5], "texture": "#0"},
				"east": {"uv": [6, 1.5, 6.75, 2.25], "texture": "#0"},
				"south": {"uv": [6, 2.25, 6.75, 3], "texture": "#0"},
				"west": {"uv": [6, 3, 6.75, 3.75], "texture": "#0"},
				"up": {"uv": [6.75, 5.75, 6, 5], "texture": "#0"},
				"down": {"uv": [7, 3.75, 6.25, 4.5], "texture": "#0"}
			}
		},
		{
			"from": [23.5, 8, 6.5],
			"to": [26.5, 11, 9.5],
			"rotation": {"angle": 45, "axis": "z", "origin": [8, -7.5, 6]},
			"faces": {
				"north": {"uv": [6, 0.75, 6.75, 1.5], "texture": "#0"},
				"east": {"uv": [6, 1.5, 6.75, 2.25], "texture": "#0"},
				"south": {"uv": [6, 2.25, 6.75, 3], "texture": "#0"},
				"west": {"uv": [6, 3, 6.75, 3.75], "texture": "#0"},
				"up": {"uv": [6.75, 5.75, 6, 5], "texture": "#0"},
				"down": {"uv": [7, 3.75, 6.25, 4.5], "texture": "#0"}
			}
		},
		{
			"from": [6.5, 1, 6.5],
			"to": [9.5, 2, 9.5],
			"rotation": {"angle": 0, "axis": "y", "origin": [7, 0, 0]},
			"faces": {
				"north": {"uv": [4.75, 2.5, 5.5, 2.75], "texture": "#0"},
				"east": {"uv": [7.25, 5.25, 8, 5.5], "texture": "#0"},
				"south": {"uv": [2.5, 7.5, 3.25, 7.75], "texture": "#0"},
				"west": {"uv": [3.25, 7.5, 4, 7.75], "texture": "#0"},
				"up": {"uv": [7.5, 3, 6.75, 2.25], "texture": "#0"},
				"down": {"uv": [7.5, 3, 6.75, 3.75], "texture": "#0"}
			}
		}
	],
	"gui_light": "front",
	"display": {
		"thirdperson_righthand": {
			"rotation": [0, 90, 0],
			"translation": [0, 6.5, 1.25],
			"scale": [0.8, 0.8, 0.8]
		},
		"thirdperson_lefthand": {
			"rotation": [0, 90, 0],
			"translation": [0, 6.5, 1.25],
			"scale": [0.8, 0.8, 0.8]
		},
		"firstperson_righthand": {
			"rotation": [0, -65, 0],
			"translation": [1.75, 4.25, 0],
			"scale": [0.7, 0.7, 0.7]
		},
		"firstperson_lefthand": {
			"rotation": [0, -65, 0],
			"translation": [1.75, 4.25, 0],
			"scale": [0.7, 0.7, 0.7]
		},
		"ground": {
			"rotation": [-33.5, 0, 0],
			"translation": [0, 10, 0],
			"scale": [0.8, 0.8, 0.8]
		},
		"gui": {
			"rotation": [0, 0, -45],
			"scale": [0.8, 0.8, 0.8]
		},
		"fixed": {
			"rotation": [0, 0, 45],
			"translation": [-1.25, 1.25, -1.5]
		}
	},
	"groups": [
		{
			"name": "main",
			"origin": [8, 8, 8],
			"children": [0, 1, 2, 3, 4, 5, 6, 7, 8, 9, 10, 11, 12, 13, 14, 15, 16, 17, 18]
		}
	]
}