{
	"credit": "Made with Blockbench",
	"textures": {
		"0": "stpatrick21_crate/chestplate",
		"particle": "stpatrick21_crate/chestplate"
	},
	"elements": [
		{
			"name": "stpatrick_jacket_0",
			"from": [4.25, 0, 1],
			"to": [11.75, 0.25, 13],
			"rotation": {"angle": 0, "axis": "y", "origin": [0, 0, 0]},
			"faces": {
				"north": {"uv": [11.75, 1, 4.25, 1.25], "texture": "#0"},
				"east": {"uv": [11.5, 1, 11.75, 13], "rotation": 90, "texture": "#0"},
				"south": {"uv": [4.25, 12.75, 11.75, 13], "texture": "#0"},
				"west": {"uv": [4.25, 1, 4.5, 13], "rotation": 270, "texture": "#0"},
				"up": {"uv": [4.25, 1, 11.75, 13], "texture": "#0"},
				"down": {"uv": [4.25, 13, 11.75, 1], "texture": "#0"}
			}
		},
		{
			"name": "stpatrick_jacket_1",
			"from": [3.25, 0, 1.25],
			"to": [4.25, 0.25, 14],
			"rotation": {"angle": 0, "axis": "y", "origin": [0, 0, 0]},
			"faces": {
				"north": {"uv": [4.25, 1.25, 3.25, 1.5], "texture": "#0"},
				"east": {"uv": [4, 1.25, 4.25, 14], "rotation": 90, "texture": "#0"},
				"south": {"uv": [3.25, 13.75, 4.25, 14], "texture": "#0"},
				"west": {"uv": [3.25, 1.25, 3.5, 14], "rotation": 270, "texture": "#0"},
				"up": {"uv": [3.25, 1.25, 4.25, 14], "texture": "#0"},
				"down": {"uv": [3.25, 14, 4.25, 1.25], "texture": "#0"}
			}
		},
		{
			"name": "stpatrick_jacket_2",
			"from": [11.75, 0, 1.25],
			"to": [12.75, 0.25, 14],
			"rotation": {"angle": 0, "axis": "y", "origin": [0, 0, 0]},
			"faces": {
				"north": {"uv": [12.75, 1.25, 11.75, 1.5], "texture": "#0"},
				"east": {"uv": [12.5, 1.25, 12.75, 14], "rotation": 90, "texture": "#0"},
				"south": {"uv": [11.75, 13.75, 12.75, 14], "texture": "#0"},
				"west": {"uv": [11.75, 1.25, 12, 14], "rotation": 270, "texture": "#0"},
				"up": {"uv": [11.75, 1.25, 12.75, 14], "texture": "#0"},
				"down": {"uv": [11.75, 14, 12.75, 1.25], "texture": "#0"}
			}
		},
		{
			"name": "stpatrick_jacket_3",
			"from": [2.75, 0, 1.5],
			"to": [3.25, 0.25, 9.75],
			"rotation": {"angle": 0, "axis": "y", "origin": [0, 0, 0]},
			"faces": {
				"north": {"uv": [3.25, 1.5, 2.75, 1.75], "texture": "#0"},
				"east": {"uv": [3, 1.5, 3.25, 9.75], "rotation": 90, "texture": "#0"},
				"south": {"uv": [2.75, 9.5, 3.25, 9.75], "texture": "#0"},
				"west": {"uv": [2.75, 1.5, 3, 9.75], "rotation": 270, "texture": "#0"},
				"up": {"uv": [2.75, 1.5, 3.25, 9.75], "texture": "#0"},
				"down": {"uv": [2.75, 9.75, 3.25, 1.5], "texture": "#0"}
			}
		},
		{
			"name": "stpatrick_jacket_4",
			"from": [12.75, 0, 1.5],
			"to": [13.25, 0.25, 9.75],
			"rotation": {"angle": 0, "axis": "y", "origin": [0, 0, 0]},
			"faces": {
				"north": {"uv": [13.25, 1.5, 12.75, 1.75], "texture": "#0"},
				"east": {"uv": [13, 1.5, 13.25, 9.75], "rotation": 90, "texture": "#0"},
				"south": {"uv": [12.75, 9.5, 13.25, 9.75], "texture": "#0"},
				"west": {"uv": [12.75, 1.5, 13, 9.75], "rotation": 270, "texture": "#0"},
				"up": {"uv": [12.75, 1.5, 13.25, 9.75], "texture": "#0"},
				"down": {"uv": [12.75, 9.75, 13.25, 1.5], "texture": "#0"}
			}
		},
		{
			"name": "stpatrick_jacket_5",
			"from": [2.5, 0, 1.75],
			"to": [2.75, 0.25, 9.75],
			"rotation": {"angle": 0, "axis": "y", "origin": [0, 0, 0]},
			"faces": {
				"north": {"uv": [2.75, 1.75, 2.5, 2], "texture": "#0"},
				"east": {"uv": [2.5, 1.75, 2.75, 9.75], "rotation": 90, "texture": "#0"},
				"south": {"uv": [2.5, 9.5, 2.75, 9.75], "texture": "#0"},
				"west": {"uv": [2.5, 1.75, 2.75, 9.75], "rotation": 270, "texture": "#0"},
				"up": {"uv": [2.5, 1.75, 2.75, 9.75], "texture": "#0"},
				"down": {"uv": [2.5, 9.75, 2.75, 1.75], "texture": "#0"}
			}
		},
		{
			"name": "stpatrick_jacket_6",
			"from": [13.25, 0, 1.75],
			"to": [13.5, 0.25, 9.75],
			"rotation": {"angle": 0, "axis": "y", "origin": [0, 0, 0]},
			"faces": {
				"north": {"uv": [13.5, 1.75, 13.25, 2], "texture": "#0"},
				"east": {"uv": [13.25, 1.75, 13.5, 9.75], "rotation": 90, "texture": "#0"},
				"south": {"uv": [13.25, 9.5, 13.5, 9.75], "texture": "#0"},
				"west": {"uv": [13.25, 1.75, 13.5, 9.75], "rotation": 270, "texture": "#0"},
				"up": {"uv": [13.25, 1.75, 13.5, 9.75], "texture": "#0"},
				"down": {"uv": [13.25, 9.75, 13.5, 1.75], "texture": "#0"}
			}
		},
		{
			"name": "stpatrick_jacket_7",
			"from": [2.25, 0, 2],
			"to": [2.5, 0.25, 9.5],
			"rotation": {"angle": 0, "axis": "y", "origin": [0, 0, 0]},
			"faces": {
				"north": {"uv": [2.5, 2, 2.25, 2.25], "texture": "#0"},
				"east": {"uv": [2.25, 2, 2.5, 9.5], "rotation": 90, "texture": "#0"},
				"south": {"uv": [2.25, 9.25, 2.5, 9.5], "texture": "#0"},
				"west": {"uv": [2.25, 2, 2.5, 9.5], "rotation": 270, "texture": "#0"},
				"up": {"uv": [2.25, 2, 2.5, 9.5], "texture": "#0"},
				"down": {"uv": [2.25, 9.5, 2.5, 2], "texture": "#0"}
			}
		},
		{
			"name": "stpatrick_jacket_8",
			"from": [13.5, 0, 2],
			"to": [13.75, 0.25, 9.5],
			"rotation": {"angle": 0, "axis": "y", "origin": [0, 0, 0]},
			"faces": {
				"north": {"uv": [13.75, 2, 13.5, 2.25], "texture": "#0"},
				"east": {"uv": [13.5, 2, 13.75, 9.5], "rotation": 90, "texture": "#0"},
				"south": {"uv": [13.5, 9.25, 13.75, 9.5], "texture": "#0"},
				"west": {"uv": [13.5, 2, 13.75, 9.5], "rotation": 270, "texture": "#0"},
				"up": {"uv": [13.5, 2, 13.75, 9.5], "texture": "#0"},
				"down": {"uv": [13.5, 9.5, 13.75, 2], "texture": "#0"}
			}
		},
		{
			"name": "stpatrick_jacket_9",
			"from": [2, 0, 2.25],
			"to": [2.25, 0.25, 9.5],
			"rotation": {"angle": 0, "axis": "y", "origin": [0, 0, 0]},
			"faces": {
				"north": {"uv": [2.25, 2.25, 2, 2.5], "texture": "#0"},
				"east": {"uv": [2, 2.25, 2.25, 9.5], "rotation": 90, "texture": "#0"},
				"south": {"uv": [2, 9.25, 2.25, 9.5], "texture": "#0"},
				"west": {"uv": [2, 2.25, 2.25, 9.5], "rotation": 270, "texture": "#0"},
				"up": {"uv": [2, 2.25, 2.25, 9.5], "texture": "#0"},
				"down": {"uv": [2, 9.5, 2.25, 2.25], "texture": "#0"}
			}
		},
		{
			"name": "stpatrick_jacket_10",
			"from": [13.75, 0, 2.25],
			"to": [14, 0.25, 9.5],
			"rotation": {"angle": 0, "axis": "y", "origin": [0, 0, 0]},
			"faces": {
				"north": {"uv": [14, 2.25, 13.75, 2.5], "texture": "#0"},
				"east": {"uv": [13.75, 2.25, 14, 9.5], "rotation": 90, "texture": "#0"},
				"south": {"uv": [13.75, 9.25, 14, 9.5], "texture": "#0"},
				"west": {"uv": [13.75, 2.25, 14, 9.5], "rotation": 270, "texture": "#0"},
				"up": {"uv": [13.75, 2.25, 14, 9.5], "texture": "#0"},
				"down": {"uv": [13.75, 9.5, 14, 2.25], "texture": "#0"}
			}
		},
		{
			"name": "stpatrick_jacket_11",
			"from": [1.75, 0, 2.75],
			"to": [2, 0.25, 9.5],
			"rotation": {"angle": 0, "axis": "y", "origin": [0, 0, 0]},
			"faces": {
				"north": {"uv": [2, 2.75, 1.75, 3], "texture": "#0"},
				"east": {"uv": [1.75, 2.75, 2, 9.5], "rotation": 90, "texture": "#0"},
				"south": {"uv": [1.75, 9.25, 2, 9.5], "texture": "#0"},
				"west": {"uv": [1.75, 2.75, 2, 9.5], "rotation": 270, "texture": "#0"},
				"up": {"uv": [1.75, 2.75, 2, 9.5], "texture": "#0"},
				"down": {"uv": [1.75, 9.5, 2, 2.75], "texture": "#0"}
			}
		},
		{
			"name": "stpatrick_jacket_12",
			"from": [14, 0, 2.75],
			"to": [14.25, 0.25, 9.5],
			"rotation": {"angle": 0, "axis": "y", "origin": [0, 0, 0]},
			"faces": {
				"north": {"uv": [14.25, 2.75, 14, 3], "texture": "#0"},
				"east": {"uv": [14, 2.75, 14.25, 9.5], "rotation": 90, "texture": "#0"},
				"south": {"uv": [14, 9.25, 14.25, 9.5], "texture": "#0"},
				"west": {"uv": [14, 2.75, 14.25, 9.5], "rotation": 270, "texture": "#0"},
				"up": {"uv": [14, 2.75, 14.25, 9.5], "texture": "#0"},
				"down": {"uv": [14, 9.5, 14.25, 2.75], "texture": "#0"}
			}
		},
		{
			"name": "stpatrick_jacket_13",
			"from": [1.5, 0, 3.75],
			"to": [1.75, 0.25, 9.5],
			"rotation": {"angle": 0, "axis": "y", "origin": [0, 0, 0]},
			"faces": {
				"north": {"uv": [1.75, 3.75, 1.5, 4], "texture": "#0"},
				"east": {"uv": [1.5, 3.75, 1.75, 9.5], "rotation": 90, "texture": "#0"},
				"south": {"uv": [1.5, 9.25, 1.75, 9.5], "texture": "#0"},
				"west": {"uv": [1.5, 3.75, 1.75, 9.5], "rotation": 270, "texture": "#0"},
				"up": {"uv": [1.5, 3.75, 1.75, 9.5], "texture": "#0"},
				"down": {"uv": [1.5, 9.5, 1.75, 3.75], "texture": "#0"}
			}
		},
		{
			"name": "stpatrick_jacket_14",
			"from": [14.25, 0, 3.75],
			"to": [14.5, 0.25, 9.5],
			"rotation": {"angle": 0, "axis": "y", "origin": [0, 0, 0]},
			"faces": {
				"north": {"uv": [14.5, 3.75, 14.25, 4], "texture": "#0"},
				"east": {"uv": [14.25, 3.75, 14.5, 9.5], "rotation": 90, "texture": "#0"},
				"south": {"uv": [14.25, 9.25, 14.5, 9.5], "texture": "#0"},
				"west": {"uv": [14.25, 3.75, 14.5, 9.5], "rotation": 270, "texture": "#0"},
				"up": {"uv": [14.25, 3.75, 14.5, 9.5], "texture": "#0"},
				"down": {"uv": [14.25, 9.5, 14.5, 3.75], "texture": "#0"}
			}
		},
		{
			"name": "stpatrick_jacket_15",
			"from": [1.25, 0, 5.75],
			"to": [1.5, 0.25, 9.5],
			"rotation": {"angle": 0, "axis": "y", "origin": [0, 0, 0]},
			"faces": {
				"north": {"uv": [1.5, 5.75, 1.25, 6], "texture": "#0"},
				"east": {"uv": [1.25, 5.75, 1.5, 9.5], "rotation": 90, "texture": "#0"},
				"south": {"uv": [1.25, 9.25, 1.5, 9.5], "texture": "#0"},
				"west": {"uv": [1.25, 5.75, 1.5, 9.5], "rotation": 270, "texture": "#0"},
				"up": {"uv": [1.25, 5.75, 1.5, 9.5], "texture": "#0"},
				"down": {"uv": [1.25, 9.5, 1.5, 5.75], "texture": "#0"}
			}
		},
		{
			"name": "stpatrick_jacket_16",
			"from": [14.5, 0, 5.75],
			"to": [14.75, 0.25, 9.5],
			"rotation": {"angle": 0, "axis": "y", "origin": [0, 0, 0]},
			"faces": {
				"north": {"uv": [14.75, 5.75, 14.5, 6], "texture": "#0"},
				"east": {"uv": [14.5, 5.75, 14.75, 9.5], "rotation": 90, "texture": "#0"},
				"south": {"uv": [14.5, 9.25, 14.75, 9.5], "texture": "#0"},
				"west": {"uv": [14.5, 5.75, 14.75, 9.5], "rotation": 270, "texture": "#0"},
				"up": {"uv": [14.5, 5.75, 14.75, 9.5], "texture": "#0"},
				"down": {"uv": [14.5, 9.5, 14.75, 5.75], "texture": "#0"}
			}
		},
		{
			"name": "stpatrick_jacket_17",
			"from": [0.75, 0, 8],
			"to": [1.25, 0.25, 9.5],
			"rotation": {"angle": 0, "axis": "y", "origin": [0, 0, 0]},
			"faces": {
				"north": {"uv": [1.25, 8, 0.75, 8.25], "texture": "#0"},
				"east": {"uv": [1, 8, 1.25, 9.5], "rotation": 90, "texture": "#0"},
				"south": {"uv": [0.75, 9.25, 1.25, 9.5], "texture": "#0"},
				"west": {"uv": [0.75, 8, 1, 9.5], "rotation": 270, "texture": "#0"},
				"up": {"uv": [0.75, 8, 1.25, 9.5], "texture": "#0"},
				"down": {"uv": [0.75, 9.5, 1.25, 8], "texture": "#0"}
			}
		},
		{
			"name": "stpatrick_jacket_18",
			"from": [14.75, 0, 8],
			"to": [15.25, 0.25, 9.5],
			"rotation": {"angle": 0, "axis": "y", "origin": [0, 0, 0]},
			"faces": {
				"north": {"uv": [15.25, 8, 14.75, 8.25], "texture": "#0"},
				"east": {"uv": [15, 8, 15.25, 9.5], "rotation": 90, "texture": "#0"},
				"south": {"uv": [14.75, 9.25, 15.25, 9.5], "texture": "#0"},
				"west": {"uv": [14.75, 8, 15, 9.5], "rotation": 270, "texture": "#0"},
				"up": {"uv": [14.75, 8, 15.25, 9.5], "texture": "#0"},
				"down": {"uv": [14.75, 9.5, 15.25, 8], "texture": "#0"}
			}
		},
		{
			"name": "stpatrick_jacket_19",
			"from": [3, 0, 10.25],
			"to": [3.25, 0.25, 14.5],
			"rotation": {"angle": 0, "axis": "y", "origin": [0, 0, 0]},
			"faces": {
				"north": {"uv": [3.25, 10.25, 3, 10.5], "texture": "#0"},
				"east": {"uv": [3, 10.25, 3.25, 14.5], "rotation": 90, "texture": "#0"},
				"south": {"uv": [3, 14.25, 3.25, 14.5], "texture": "#0"},
				"west": {"uv": [3, 10.25, 3.25, 14.5], "rotation": 270, "texture": "#0"},
				"up": {"uv": [3, 10.25, 3.25, 14.5], "texture": "#0"},
				"down": {"uv": [3, 14.5, 3.25, 10.25], "texture": "#0"}
			}
		},
		{
			"name": "stpatrick_jacket_20",
			"from": [12.75, 0, 10.25],
			"to": [13, 0.25, 14.5],
			"rotation": {"angle": 0, "axis": "y", "origin": [0, 0, 0]},
			"faces": {
				"north": {"uv": [13, 10.25, 12.75, 10.5], "texture": "#0"},
				"east": {"uv": [12.75, 10.25, 13, 14.5], "rotation": 90, "texture": "#0"},
				"south": {"uv": [12.75, 14.25, 13, 14.5], "texture": "#0"},
				"west": {"uv": [12.75, 10.25, 13, 14.5], "rotation": 270, "texture": "#0"},
				"up": {"uv": [12.75, 10.25, 13, 14.5], "texture": "#0"},
				"down": {"uv": [12.75, 14.5, 13, 10.25], "texture": "#0"}
			}
		},
		{
			"name": "stpatrick_jacket_21",
			"from": [2.75, 0, 11],
			"to": [3, 0.25, 14.75],
			"rotation": {"angle": 0, "axis": "y", "origin": [0, 0, 0]},
			"faces": {
				"north": {"uv": [3, 11, 2.75, 11.25], "texture": "#0"},
				"east": {"uv": [2.75, 11, 3, 14.75], "rotation": 90, "texture": "#0"},
				"south": {"uv": [2.75, 14.5, 3, 14.75], "texture": "#0"},
				"west": {"uv": [2.75, 11, 3, 14.75], "rotation": 270, "texture": "#0"},
				"up": {"uv": [2.75, 11, 3, 14.75], "texture": "#0"},
				"down": {"uv": [2.75, 14.75, 3, 11], "texture": "#0"}
			}
		},
		{
			"name": "stpatrick_jacket_22",
			"from": [13, 0, 11],
			"to": [13.25, 0.25, 14.75],
			"rotation": {"angle": 0, "axis": "y", "origin": [0, 0, 0]},
			"faces": {
				"north": {"uv": [13.25, 11, 13, 11.25], "texture": "#0"},
				"east": {"uv": [13, 11, 13.25, 14.75], "rotation": 90, "texture": "#0"},
				"south": {"uv": [13, 14.5, 13.25, 14.75], "texture": "#0"},
				"west": {"uv": [13, 11, 13.25, 14.75], "rotation": 270, "texture": "#0"},
				"up": {"uv": [13, 11, 13.25, 14.75], "texture": "#0"},
				"down": {"uv": [13, 14.75, 13.25, 11], "texture": "#0"}
			}
		},
		{
			"name": "stpatrick_jacket_23",
			"from": [2.5, 0, 12],
			"to": [2.75, 0.25, 15.25],
			"rotation": {"angle": 0, "axis": "y", "origin": [0, 0, 0]},
			"faces": {
				"north": {"uv": [2.75, 12, 2.5, 12.25], "texture": "#0"},
				"east": {"uv": [2.5, 12, 2.75, 15.25], "rotation": 90, "texture": "#0"},
				"south": {"uv": [2.5, 15, 2.75, 15.25], "texture": "#0"},
				"west": {"uv": [2.5, 12, 2.75, 15.25], "rotation": 270, "texture": "#0"},
				"up": {"uv": [2.5, 12, 2.75, 15.25], "texture": "#0"},
				"down": {"uv": [2.5, 15.25, 2.75, 12], "texture": "#0"}
			}
		},
		{
			"name": "stpatrick_jacket_24",
			"from": [13.25, 0, 12],
			"to": [13.5, 0.25, 15.25],
			"rotation": {"angle": 0, "axis": "y", "origin": [0, 0, 0]},
			"faces": {
				"north": {"uv": [13.5, 12, 13.25, 12.25], "texture": "#0"},
				"east": {"uv": [13.25, 12, 13.5, 15.25], "rotation": 90, "texture": "#0"},
				"south": {"uv": [13.25, 15, 13.5, 15.25], "texture": "#0"},
				"west": {"uv": [13.25, 12, 13.5, 15.25], "rotation": 270, "texture": "#0"},
				"up": {"uv": [13.25, 12, 13.5, 15.25], "texture": "#0"},
				"down": {"uv": [13.25, 15.25, 13.5, 12], "texture": "#0"}
			}
		},
		{
			"name": "stpatrick_jacket_25",
			"from": [2.25, 0, 13],
			"to": [2.5, 0.25, 15.5],
			"rotation": {"angle": 0, "axis": "y", "origin": [0, 0, 0]},
			"faces": {
				"north": {"uv": [2.5, 13, 2.25, 13.25], "texture": "#0"},
				"east": {"uv": [2.25, 13, 2.5, 15.5], "rotation": 90, "texture": "#0"},
				"south": {"uv": [2.25, 15.25, 2.5, 15.5], "texture": "#0"},
				"west": {"uv": [2.25, 13, 2.5, 15.5], "rotation": 270, "texture": "#0"},
				"up": {"uv": [2.25, 13, 2.5, 15.5], "texture": "#0"},
				"down": {"uv": [2.25, 15.5, 2.5, 13], "texture": "#0"}
			}
		},
		{
			"name": "stpatrick_jacket_26",
			"from": [4.25, 0, 13],
			"to": [5, 0.25, 13.75],
			"rotation": {"angle": 0, "axis": "y", "origin": [0, 0, 0]},
			"faces": {
				"north": {"uv": [5, 13, 4.25, 13.25], "texture": "#0"},
				"east": {"uv": [4.75, 13, 5, 13.75], "rotation": 90, "texture": "#0"},
				"south": {"uv": [4.25, 13.5, 5, 13.75], "texture": "#0"},
				"west": {"uv": [4.25, 13, 4.5, 13.75], "rotation": 270, "texture": "#0"},
				"up": {"uv": [4.25, 13, 5, 13.75], "texture": "#0"},
				"down": {"uv": [4.25, 13.75, 5, 13], "texture": "#0"}
			}
		},
		{
			"name": "stpatrick_jacket_27",
			"from": [5, 0, 13],
			"to": [5.5, 0.25, 13.5],
			"rotation": {"angle": 0, "axis": "y", "origin": [0, 0, 0]},
			"faces": {
				"north": {"uv": [5.5, 13, 5, 13.25], "texture": "#0"},
				"east": {"uv": [5.25, 13, 5.5, 13.5], "rotation": 90, "texture": "#0"},
				"south": {"uv": [5, 13.25, 5.5, 13.5], "texture": "#0"},
				"west": {"uv": [5, 13, 5.25, 13.5], "rotation": 270, "texture": "#0"},
				"up": {"uv": [5, 13, 5.5, 13.5], "texture": "#0"},
				"down": {"uv": [5, 13.5, 5.5, 13], "texture": "#0"}
			}
		},
		{
			"name": "stpatrick_jacket_28",
			"from": [5.5, 0, 13],
			"to": [6.75, 0.25, 13.25],
			"rotation": {"angle": 0, "axis": "y", "origin": [0, 0, 0]},
			"faces": {
				"north": {"uv": [6.75, 13, 5.5, 13.25], "texture": "#0"},
				"east": {"uv": [6.5, 13, 6.75, 13.25], "rotation": 90, "texture": "#0"},
				"south": {"uv": [5.5, 13, 6.75, 13.25], "texture": "#0"},
				"west": {"uv": [5.5, 13, 5.75, 13.25], "rotation": 270, "texture": "#0"},
				"up": {"uv": [5.5, 13, 6.75, 13.25], "texture": "#0"},
				"down": {"uv": [5.5, 13.25, 6.75, 13], "texture": "#0"}
			}
		},
		{
			"name": "stpatrick_jacket_29",
			"from": [9.25, 0, 13],
			"to": [11.75, 0.25, 13.25],
			"rotation": {"angle": 0, "axis": "y", "origin": [0, 0, 0]},
			"faces": {
				"north": {"uv": [11.75, 13, 9.25, 13.25], "texture": "#0"},
				"east": {"uv": [11.5, 13, 11.75, 13.25], "rotation": 90, "texture": "#0"},
				"south": {"uv": [9.25, 13, 11.75, 13.25], "texture": "#0"},
				"west": {"uv": [9.25, 13, 9.5, 13.25], "rotation": 270, "texture": "#0"},
				"up": {"uv": [9.25, 13, 11.75, 13.25], "texture": "#0"},
				"down": {"uv": [9.25, 13.25, 11.75, 13], "texture": "#0"}
			}
		},
		{
			"name": "stpatrick_jacket_30",
			"from": [13.5, 0, 13],
			"to": [13.75, 0.25, 15.5],
			"rotation": {"angle": 0, "axis": "y", "origin": [0, 0, 0]},
			"faces": {
				"north": {"uv": [13.75, 13, 13.5, 13.25], "texture": "#0"},
				"east": {"uv": [13.5, 13, 13.75, 15.5], "rotation": 90, "texture": "#0"},
				"south": {"uv": [13.5, 15.25, 13.75, 15.5], "texture": "#0"},
				"west": {"uv": [13.5, 13, 13.75, 15.5], "rotation": 270, "texture": "#0"},
				"up": {"uv": [13.5, 13, 13.75, 15.5], "texture": "#0"},
				"down": {"uv": [13.5, 15.5, 13.75, 13], "texture": "#0"}
			}
		},
		{
			"name": "stpatrick_jacket_31",
			"from": [10.5, 0, 13.25],
			"to": [11.75, 0.25, 13.5],
			"rotation": {"angle": 0, "axis": "y", "origin": [0, 0, 0]},
			"faces": {
				"north": {"uv": [11.75, 13.25, 10.5, 13.5], "texture": "#0"},
				"east": {"uv": [11.5, 13.25, 11.75, 13.5], "rotation": 90, "texture": "#0"},
				"south": {"uv": [10.5, 13.25, 11.75, 13.5], "texture": "#0"},
				"west": {"uv": [10.5, 13.25, 10.75, 13.5], "rotation": 270, "texture": "#0"},
				"up": {"uv": [10.5, 13.25, 11.75, 13.5], "texture": "#0"},
				"down": {"uv": [10.5, 13.5, 11.75, 13.25], "texture": "#0"}
			}
		},
		{
			"name": "stpatrick_jacket_32",
			"from": [11, 0, 13.5],
			"to": [11.75, 0.25, 13.75],
			"rotation": {"angle": 0, "axis": "y", "origin": [0, 0, 0]},
			"faces": {
				"north": {"uv": [11.75, 13.5, 11, 13.75], "texture": "#0"},
				"east": {"uv": [11.5, 13.5, 11.75, 13.75], "rotation": 90, "texture": "#0"},
				"south": {"uv": [11, 13.5, 11.75, 13.75], "texture": "#0"},
				"west": {"uv": [11, 13.5, 11.25, 13.75], "rotation": 270, "texture": "#0"},
				"up": {"uv": [11, 13.5, 11.75, 13.75], "texture": "#0"},
				"down": {"uv": [11, 13.75, 11.75, 13.5], "texture": "#0"}
			}
		},
		{
			"name": "stpatrick_jacket_33",
			"from": [4.25, 0, 13.75],
			"to": [4.5, 0.25, 14],
			"rotation": {"angle": 0, "axis": "y", "origin": [0, 0, 0]},
			"faces": {
				"north": {"uv": [4.5, 13.75, 4.25, 14], "texture": "#0"},
				"east": {"uv": [4.25, 13.75, 4.5, 14], "rotation": 90, "texture": "#0"},
				"south": {"uv": [4.25, 13.75, 4.5, 14], "texture": "#0"},
				"west": {"uv": [4.25, 13.75, 4.5, 14], "rotation": 270, "texture": "#0"},
				"up": {"uv": [4.25, 13.75, 4.5, 14], "texture": "#0"},
				"down": {"uv": [4.25, 14, 4.5, 13.75], "texture": "#0"}
			}
		},
		{
			"name": "stpatrick_jacket_34",
			"from": [11.5, 0, 13.75],
			"to": [11.75, 0.25, 14],
			"rotation": {"angle": 0, "axis": "y", "origin": [0, 0, 0]},
			"faces": {
				"north": {"uv": [11.75, 13.75, 11.5, 14], "texture": "#0"},
				"east": {"uv": [11.5, 13.75, 11.75, 14], "rotation": 90, "texture": "#0"},
				"south": {"uv": [11.5, 13.75, 11.75, 14], "texture": "#0"},
				"west": {"uv": [11.5, 13.75, 11.75, 14], "rotation": 270, "texture": "#0"},
				"up": {"uv": [11.5, 13.75, 11.75, 14], "texture": "#0"},
				"down": {"uv": [11.5, 14, 11.75, 13.75], "texture": "#0"}
			}
		},
		{
			"name": "stpatrick_jacket_35",
			"from": [3.25, 0, 14],
			"to": [4, 0.25, 14.25],
			"rotation": {"angle": 0, "axis": "y", "origin": [0, 0, 0]},
			"faces": {
				"north": {"uv": [4, 14, 3.25, 14.25], "texture": "#0"},
				"east": {"uv": [3.75, 14, 4, 14.25], "rotation": 90, "texture": "#0"},
				"south": {"uv": [3.25, 14, 4, 14.25], "texture": "#0"},
				"west": {"uv": [3.25, 14, 3.5, 14.25], "rotation": 270, "texture": "#0"},
				"up": {"uv": [3.25, 14, 4, 14.25], "texture": "#0"},
				"down": {"uv": [3.25, 14.25, 4, 14], "texture": "#0"}
			}
		},
		{
			"name": "stpatrick_jacket_36",
			"from": [12, 0, 14],
			"to": [12.75, 0.25, 14.25],
			"rotation": {"angle": 0, "axis": "y", "origin": [0, 0, 0]},
			"faces": {
				"north": {"uv": [12.75, 14, 12, 14.25], "texture": "#0"},
				"east": {"uv": [12.5, 14, 12.75, 14.25], "rotation": 90, "texture": "#0"},
				"south": {"uv": [12, 14, 12.75, 14.25], "texture": "#0"},
				"west": {"uv": [12, 14, 12.25, 14.25], "rotation": 270, "texture": "#0"},
				"up": {"uv": [12, 14, 12.75, 14.25], "texture": "#0"},
				"down": {"uv": [12, 14.25, 12.75, 14], "texture": "#0"}
			}
		}
	],
	"gui_light": "front",
	"display": {
		"thirdperson_righthand": {
			"rotation": [152, 0, 90],
			"translation": [-7.75, -1.75, -2.75],
			"scale": [0.7, 1, 0.7]
		},
		"thirdperson_lefthand": {
			"rotation": [152, 0, 90],
			"translation": [-7.75, -1.75, -2.75],
			"scale": [0.7, 1, 0.7]
		},
		"firstperson_righthand": {
			"rotation": [68, 0, 63]
		},
		"firstperson_lefthand": {
			"rotation": [68, 0, 63]
		},
		"ground": {
			"translation": [0, 5.5, 0]
		},
		"gui": {
			"rotation": [90, 0, 0]
		},
		"fixed": {
			"rotation": [90, 0, 0],
			"translation": [0, 0, 7.25]
		}
	},
	"groups": [
		{
			"name": "stpatrick_jacket",
			"origin": [8, 8, 8],
			"children": [0, 1, 2, 3, 4, 5, 6, 7, 8, 9, 10, 11, 12, 13, 14, 15, 16, 17, 18, 19, 20, 21, 22, 23, 24, 25, 26, 27, 28, 29, 30, 31, 32, 33, 34, 35, 36]
		}
	]
}