{
	"credit": "Made with Blockbench",
	"texture_size": [64, 64],
	"textures": {
		"0": "stpatrick21_crate/pickaxe",
		"particle": "stpatrick21_crate/pickaxe"
	},
	"elements": [
		{
			"from": [7, -6, 7],
			"to": [9, 1, 9],
			"rotation": {"angle": 0, "axis": "y", "origin": [7, 0, 0]},
			"faces": {
				"north": {"uv": [2.75, 0, 3.25, 1.75], "texture": "#0"},
				"east": {"uv": [2.75, 0, 3.25, 1.75], "texture": "#0"},
				"south": {"uv": [2.75, 0, 3.25, 1.75], "texture": "#0"},
				"west": {"uv": [2.75, 0, 3.25, 1.75], "texture": "#0"},
				"up": {"uv": [1.5, 1, 1, 0.5], "texture": "#0"},
				"down": {"uv": [0.5, 3.5, 0, 4], "texture": "#0"}
			}
		},
		{
			"from": [7, 2, 7],
			"to": [9, 16, 9],
			"rotation": {"angle": 0, "axis": "y", "origin": [7, 0, 0]},
			"faces": {
				"north": {"uv": [0, 0, 0.5, 3.5], "texture": "#0"},
				"east": {"uv": [0, 0, 0.5, 3.5], "texture": "#0"},
				"south": {"uv": [0, 0, 0.5, 3.5], "texture": "#0"},
				"west": {"uv": [0, 0, 0.5, 3.5], "texture": "#0"},
				"up": {"uv": [0.5, 5.25, 0, 4.75], "texture": "#0"},
				"down": {"uv": [1, 5, 0.5, 5.5], "texture": "#0"}
			}
		},
		{
			"from": [9, 13, 7],
			"to": [14, 15, 9],
			"rotation": {"angle": 0, "axis": "y", "origin": [7, 0, 0]},
			"faces": {
				"north": {"uv": [3.25, 0, 4.5, 0.5], "texture": "#0"},
				"east": {"uv": [1, 5, 1.5, 5.5], "texture": "#0"},
				"south": {"uv": [3.25, 0.5, 4.5, 1], "texture": "#0"},
				"west": {"uv": [1.5, 5, 2, 5.5], "texture": "#0"},
				"up": {"uv": [4.5, 1.5, 3.25, 1], "texture": "#0"},
				"down": {"uv": [4.5, 1.5, 3.25, 2], "texture": "#0"}
			}
		},
		{
			"from": [2, 13, 7],
			"to": [7, 15, 9],
			"rotation": {"angle": 0, "axis": "y", "origin": [9, 0, 0]},
			"faces": {
				"north": {"uv": [4.5, 0, 3.25, 0.5], "texture": "#0"},
				"east": {"uv": [2, 5, 1.5, 5.5], "texture": "#0"},
				"south": {"uv": [4.5, 0.5, 3.25, 1], "texture": "#0"},
				"west": {"uv": [1.5, 5, 1, 5.5], "texture": "#0"},
				"up": {"uv": [3.25, 1.5, 4.5, 1], "texture": "#0"},
				"down": {"uv": [3.25, 1.5, 4.5, 2], "texture": "#0"}
			}
		},
		{
			"from": [7.6, 14.9, 7.1],
			"to": [11.6, 16.9, 8.9],
			"rotation": {"angle": -22.5, "axis": "z", "origin": [6, 0, 0]},
			"faces": {
				"north": {"uv": [0.5, 0, 1.5, 0.5], "texture": "#0"},
				"east": {"uv": [2, 5, 2.5, 5.5], "texture": "#0"},
				"south": {"uv": [4.25, 2.75, 5.25, 3.25], "texture": "#0"},
				"west": {"uv": [2.5, 5, 3, 5.5], "texture": "#0"},
				"up": {"uv": [5.25, 3.75, 4.25, 3.25], "texture": "#0"},
				"down": {"uv": [5.25, 3.75, 4.25, 4.25], "texture": "#0"}
			}
		},
		{
			"from": [4.4, 14.9, 7.1],
			"to": [8.4, 16.9, 8.9],
			"rotation": {"angle": 22.5, "axis": "z", "origin": [10, 0, 0]},
			"faces": {
				"north": {"uv": [1.5, 0, 0.5, 0.5], "texture": "#0"},
				"east": {"uv": [3, 5, 2.5, 5.5], "texture": "#0"},
				"south": {"uv": [5.25, 2.75, 4.25, 3.25], "texture": "#0"},
				"west": {"uv": [2.5, 5, 2, 5.5], "texture": "#0"},
				"up": {"uv": [4.25, 3.75, 5.25, 3.25], "texture": "#0"},
				"down": {"uv": [4.25, 3.75, 5.25, 4.25], "texture": "#0"}
			}
		},
		{
			"from": [4.6, 15.7, 7.2],
			"to": [7.6, 17.7, 8.8],
			"rotation": {"angle": -45, "axis": "z", "origin": [6, 0, 0]},
			"faces": {
				"north": {"uv": [0.75, 4.5, 1.5, 5], "texture": "#0"},
				"east": {"uv": [0, 5.25, 0.375, 5.75], "texture": "#0"},
				"south": {"uv": [4.5, 0, 5.25, 0.5], "texture": "#0"},
				"west": {"uv": [4, 5.25, 4.375, 5.75], "texture": "#0"},
				"up": {"uv": [5.25, 0.875, 4.5, 0.5], "texture": "#0"},
				"down": {"uv": [5.25, 1, 4.5, 1.375], "texture": "#0"}
			}
		},
		{
			"from": [8.4, 15.7, 7.2],
			"to": [11.4, 17.7, 8.8],
			"rotation": {"angle": 45, "axis": "z", "origin": [10, 0, 0]},
			"faces": {
				"north": {"uv": [1.5, 4.5, 0.75, 5], "texture": "#0"},
				"east": {"uv": [4.375, 5.25, 4, 5.75], "texture": "#0"},
				"south": {"uv": [5.25, 0, 4.5, 0.5], "texture": "#0"},
				"west": {"uv": [0.375, 5.25, 0, 5.75], "texture": "#0"},
				"up": {"uv": [4.5, 0.875, 5.25, 0.5], "texture": "#0"},
				"down": {"uv": [4.5, 1, 5.25, 1.375], "texture": "#0"}
			}
		},
		{
			"from": [5.5, 10.25, 6.975],
			"to": [10.5, 15.25, 6.975],
			"rotation": {"angle": 0, "axis": "y", "origin": [6.5, 0, 0]},
			"faces": {
				"north": {"uv": [0, 6.75, 2.75, 9.5], "texture": "#0"},
				"east": {"uv": [0, 0, 0, 1.25], "texture": "#0"},
				"south": {"uv": [2.75, 6.75, 0, 9.5], "texture": "#0"},
				"west": {"uv": [0, 0, 0, 1.25], "texture": "#0"},
				"up": {"uv": [1.25, 0, 0, 0], "texture": "#0"},
				"down": {"uv": [1.25, 0, 0, 0], "texture": "#0"}
			}
		},
		{
			"from": [5.5, 10.25, 9.025],
			"to": [10.5, 15.25, 9.025],
			"rotation": {"angle": 0, "axis": "y", "origin": [6.5, 0, 16]},
			"faces": {
				"north": {"uv": [0, 6.75, 2.75, 9.5], "texture": "#0"},
				"east": {"uv": [0, 0, 0, 1.25], "texture": "#0"},
				"south": {"uv": [2.75, 6.75, 0, 9.5], "texture": "#0"},
				"west": {"uv": [0, 0, 0, 1.25], "texture": "#0"},
				"up": {"uv": [1.25, 0, 0, 0], "texture": "#0"},
				"down": {"uv": [1.25, 0, 0, 0], "texture": "#0"}
			}
		},
		{
			"from": [6.5, -9, 6.5],
			"to": [9.5, -6, 9.5],
			"rotation": {"angle": 0, "axis": "y", "origin": [8, -7.5, 6]},
			"faces": {
				"north": {"uv": [2, 1.25, 2.75, 2], "texture": "#0"},
				"east": {"uv": [2, 2, 2.75, 1.25], "texture": "#0"},
				"south": {"uv": [2.75, 2, 2, 1.25], "texture": "#0"},
				"west": {"uv": [2.75, 1.25, 2, 2], "texture": "#0"},
				"up": {"uv": [2, 1.25, 2.75, 2], "texture": "#0"},
				"down": {"uv": [2, 1.25, 2.75, 2], "texture": "#0"}
			}
		},
		{
			"from": [23.5, 8, 6.5],
			"to": [26.5, 11, 9.5],
			"rotation": {"angle": 45, "axis": "z", "origin": [8, -7.5, 6]},
			"faces": {
				"north": {"uv": [2, 1.25, 2.75, 2], "texture": "#0"},
				"east": {"uv": [2, 2, 2.75, 1.25], "texture": "#0"},
				"south": {"uv": [2.75, 2, 2, 1.25], "texture": "#0"},
				"west": {"uv": [2.75, 1.25, 2, 2], "texture": "#0"},
				"up": {"uv": [2, 1.25, 2.75, 2], "texture": "#0"},
				"down": {"uv": [2, 1.25, 2.75, 2], "texture": "#0"}
			}
		},
		{
			"from": [6.5, 1, 6.5],
			"to": [9.5, 2, 9.5],
			"rotation": {"angle": 0, "axis": "y", "origin": [7, 0, 0]},
			"faces": {
				"north": {"uv": [4.5, 5.25, 5.25, 5.5], "texture": "#0"},
				"east": {"uv": [5.25, 5.25, 6, 5.5], "texture": "#0"},
				"south": {"uv": [5.25, 0, 6, 0.25], "texture": "#0"},
				"west": {"uv": [5.25, 0.25, 6, 0.5], "texture": "#0"},
				"up": {"uv": [4.25, 5, 3.5, 4.25], "texture": "#0"},
				"down": {"uv": [5, 4.25, 4.25, 5], "texture": "#0"}
			}
		},
		{
			"from": [9.0008, 1.17548, 7.2112],
			"to": [9.7976, 1.81292, 7.6096],
			"rotation": {"angle": 0, "axis": "y", "origin": [7.9984, 0.0958, 8.0064]},
			"faces": {
				"north": {"uv": [2.5, 5.75, 2.75, 5.875], "texture": "#0"},
				"east": {"uv": [5.5, 5.75, 5.625, 5.875], "texture": "#0"},
				"south": {"uv": [2.75, 5.75, 3, 5.875], "texture": "#0"},
				"west": {"uv": [5.75, 5.75, 5.875, 5.875], "texture": "#0"},
				"up": {"uv": [3.25, 5.875, 3, 5.75], "texture": "#0"},
				"down": {"uv": [3.25, 5.875, 3, 5.75], "texture": "#0"}
			}
		},
		{
			"from": [8.3952, 1.17548, 9.0088],
			"to": [8.7936, 1.81292, 9.8056],
			"rotation": {"angle": 0, "axis": "y", "origin": [7.9984, 0.0958, 8.0064]},
			"faces": {
				"north": {"uv": [5.75, 5.75, 5.875, 5.875], "texture": "#0"},
				"east": {"uv": [2.5, 5.75, 2.75, 5.875], "texture": "#0"},
				"south": {"uv": [5.5, 5.75, 5.625, 5.875], "texture": "#0"},
				"west": {"uv": [2.75, 5.75, 3, 5.875], "texture": "#0"},
				"up": {"uv": [3.25, 5.875, 3, 5.75], "rotation": 90, "texture": "#0"},
				"down": {"uv": [3.25, 5.875, 3, 5.75], "rotation": 270, "texture": "#0"}
			}
		},
		{
			"from": [6.2024, 1.17548, 7.2112],
			"to": [6.9992, 1.81292, 7.6096],
			"rotation": {"angle": 0, "axis": "y", "origin": [8.0016, 0.0958, 8.0064]},
			"faces": {
				"north": {"uv": [2.75, 5.75, 2.5, 5.875], "texture": "#0"},
				"east": {"uv": [5.875, 5.75, 5.75, 5.875], "texture": "#0"},
				"south": {"uv": [3, 5.75, 2.75, 5.875], "texture": "#0"},
				"west": {"uv": [5.625, 5.75, 5.5, 5.875], "texture": "#0"},
				"up": {"uv": [3, 5.875, 3.25, 5.75], "texture": "#0"},
				"down": {"uv": [3, 5.875, 3.25, 5.75], "texture": "#0"}
			}
		},
		{
			"from": [8.3984, 1.17548, 6.2072],
			"to": [8.7968, 1.81292, 7.004],
			"rotation": {"angle": 0, "axis": "y", "origin": [8.0016, 0.0958, 8.0064]},
			"faces": {
				"north": {"uv": [5.625, 5.75, 5.5, 5.875], "texture": "#0"},
				"east": {"uv": [2.75, 5.75, 2.5, 5.875], "texture": "#0"},
				"south": {"uv": [5.875, 5.75, 5.75, 5.875], "texture": "#0"},
				"west": {"uv": [3, 5.75, 2.75, 5.875], "texture": "#0"},
				"up": {"uv": [3, 5.875, 3.25, 5.75], "rotation": 90, "texture": "#0"},
				"down": {"uv": [3, 5.875, 3.25, 5.75], "rotation": 270, "texture": "#0"}
			}
		},
		{
			"from": [9.0008, 1.17548, 8.4064],
			"to": [9.7976, 1.81292, 8.8048],
			"rotation": {"angle": 0, "axis": "y", "origin": [7.9984, 0.0958, 8.0064]},
			"faces": {
				"north": {"uv": [3.5, 5.75, 3.75, 5.875], "texture": "#0"},
				"east": {"uv": [5.75, 0.5, 5.875, 0.625], "texture": "#0"},
				"south": {"uv": [3.75, 5.75, 4, 5.875], "texture": "#0"},
				"west": {"uv": [5.75, 0.75, 5.875, 0.875], "texture": "#0"},
				"up": {"uv": [4.25, 5.875, 4, 5.75], "texture": "#0"},
				"down": {"uv": [4.25, 5.875, 4, 5.75], "texture": "#0"}
			}
		},
		{
			"from": [7.2, 1.17548, 9.0088],
			"to": [7.5984, 1.81292, 9.8056],
			"rotation": {"angle": 0, "axis": "y", "origin": [7.9984, 0.0958, 8.0064]},
			"faces": {
				"north": {"uv": [5.75, 0.75, 5.875, 0.875], "texture": "#0"},
				"east": {"uv": [3.5, 5.75, 3.75, 5.875], "texture": "#0"},
				"south": {"uv": [5.75, 0.5, 5.875, 0.625], "texture": "#0"},
				"west": {"uv": [3.75, 5.75, 4, 5.875], "texture": "#0"},
				"up": {"uv": [4.25, 5.875, 4, 5.75], "rotation": 90, "texture": "#0"},
				"down": {"uv": [4.25, 5.875, 4, 5.75], "rotation": 270, "texture": "#0"}
			}
		},
		{
			"from": [6.2024, 1.17548, 8.4064],
			"to": [6.9992, 1.81292, 8.8048],
			"rotation": {"angle": 0, "axis": "y", "origin": [8.0016, 0.0958, 8.0064]},
			"faces": {
				"north": {"uv": [3.75, 5.75, 3.5, 5.875], "texture": "#0"},
				"east": {"uv": [5.875, 0.75, 5.75, 0.875], "texture": "#0"},
				"south": {"uv": [4, 5.75, 3.75, 5.875], "texture": "#0"},
				"west": {"uv": [5.875, 0.5, 5.75, 0.625], "texture": "#0"},
				"up": {"uv": [4, 5.875, 4.25, 5.75], "texture": "#0"},
				"down": {"uv": [4, 5.875, 4.25, 5.75], "texture": "#0"}
			}
		},
		{
			"from": [7.2032, 1.17548, 6.2072],
			"to": [7.6016, 1.81292, 7.004],
			"rotation": {"angle": 0, "axis": "y", "origin": [8.0016, 0.0958, 8.0064]},
			"faces": {
				"north": {"uv": [5.875, 0.5, 5.75, 0.625], "texture": "#0"},
				"east": {"uv": [3.75, 5.75, 3.5, 5.875], "texture": "#0"},
				"south": {"uv": [5.875, 0.75, 5.75, 0.875], "texture": "#0"},
				"west": {"uv": [4, 5.75, 3.75, 5.875], "texture": "#0"},
				"up": {"uv": [4, 5.875, 4.25, 5.75], "rotation": 90, "texture": "#0"},
				"down": {"uv": [4, 5.875, 4.25, 5.75], "rotation": 270, "texture": "#0"}
			}
		},
		{
			"from": [11.91313, 0.99112, 7.99225],
			"to": [13.50673, 1.99728, 9.86473],
			"rotation": {"angle": 22.5, "axis": "y", "origin": [7.9984, 0.0958, 8.0064]},
			"faces": {
				"north": {"uv": [3, 5.5, 3.375, 5.75], "texture": "#0"},
				"east": {"uv": [1.5, 1.25, 2, 1.5], "texture": "#0"},
				"south": {"uv": [3.5, 5.5, 3.875, 5.75], "texture": "#0"},
				"west": {"uv": [2.75, 1.75, 3.25, 2], "texture": "#0"},
				"up": {"uv": [5.625, 1, 5.25, 0.5], "texture": "#0"},
				"down": {"uv": [5.625, 1, 5.25, 0.5], "texture": "#0"}
			}
		},
		{
			"from": [6.14007, 0.99112, 11.92113],
			"to": [8.01255, 1.99728, 13.51473],
			"rotation": {"angle": 22.5, "axis": "y", "origin": [7.9984, 0.0958, 8.0064]},
			"faces": {
				"north": {"uv": [2.75, 1.75, 3.25, 2], "texture": "#0"},
				"east": {"uv": [3, 5.5, 3.375, 5.75], "texture": "#0"},
				"south": {"uv": [1.5, 1.25, 2, 1.5], "texture": "#0"},
				"west": {"uv": [3.5, 5.5, 3.875, 5.75], "texture": "#0"},
				"up": {"uv": [5.625, 1, 5.25, 0.5], "rotation": 90, "texture": "#0"},
				"down": {"uv": [5.625, 1, 5.25, 0.5], "rotation": 270, "texture": "#0"}
			}
		},
		{
			"from": [2.49327, 0.99112, 7.99225],
			"to": [4.08687, 1.99728, 9.86473],
			"rotation": {"angle": -22.5, "axis": "y", "origin": [8.0016, 0.0958, 8.0064]},
			"faces": {
				"north": {"uv": [3.375, 5.5, 3, 5.75], "texture": "#0"},
				"east": {"uv": [3.25, 1.75, 2.75, 2], "texture": "#0"},
				"south": {"uv": [3.875, 5.5, 3.5, 5.75], "texture": "#0"},
				"west": {"uv": [2, 1.25, 1.5, 1.5], "texture": "#0"},
				"up": {"uv": [5.25, 1, 5.625, 0.5], "texture": "#0"},
				"down": {"uv": [5.25, 1, 5.625, 0.5], "texture": "#0"}
			}
		},
		{
			"from": [6.14327, 0.99112, 2.49807],
			"to": [8.01575, 1.99728, 4.09167],
			"rotation": {"angle": -22.5, "axis": "y", "origin": [8.0016, 0.0958, 8.0064]},
			"faces": {
				"north": {"uv": [2, 1.25, 1.5, 1.5], "texture": "#0"},
				"east": {"uv": [3.375, 5.5, 3, 5.75], "texture": "#0"},
				"south": {"uv": [3.25, 1.75, 2.75, 2], "texture": "#0"},
				"west": {"uv": [3.875, 5.5, 3.5, 5.75], "texture": "#0"},
				"up": {"uv": [5.25, 1, 5.625, 0.5], "rotation": 90, "texture": "#0"},
				"down": {"uv": [5.25, 1, 5.625, 0.5], "rotation": 270, "texture": "#0"}
			}
		},
		{
			"from": [11.91436, 1.01612, 6.15103],
			"to": [13.50796, 1.97228, 8.02351],
			"rotation": {"angle": -22.5, "axis": "y", "origin": [7.9984, 0.0958, 8.0064]},
			"faces": {
				"north": {"uv": [4.5, 5.5, 4.875, 5.75], "texture": "#0"},
				"east": {"uv": [2, 5.5, 2.5, 5.75], "texture": "#0"},
				"south": {"uv": [5, 5.5, 5.375, 5.75], "texture": "#0"},
				"west": {"uv": [2.5, 5.5, 3, 5.75], "texture": "#0"},
				"up": {"uv": [5.625, 3.25, 5.25, 2.75], "texture": "#0"},
				"down": {"uv": [5.625, 3.25, 5.25, 2.75], "texture": "#0"}
			}
		},
		{
			"from": [7.98129, 1.01612, 11.92236],
			"to": [9.85377, 1.97228, 13.51596],
			"rotation": {"angle": -22.5, "axis": "y", "origin": [7.9984, 0.0958, 8.0064]},
			"faces": {
				"north": {"uv": [2.5, 5.5, 3, 5.75], "texture": "#0"},
				"east": {"uv": [4.5, 5.5, 4.875, 5.75], "texture": "#0"},
				"south": {"uv": [2, 5.5, 2.5, 5.75], "texture": "#0"},
				"west": {"uv": [5, 5.5, 5.375, 5.75], "texture": "#0"},
				"up": {"uv": [5.625, 3.25, 5.25, 2.75], "rotation": 90, "texture": "#0"},
				"down": {"uv": [5.625, 3.25, 5.25, 2.75], "rotation": 270, "texture": "#0"}
			}
		},
		{
			"from": [2.49204, 1.01612, 6.15103],
			"to": [4.08564, 1.97228, 8.02351],
			"rotation": {"angle": 22.5, "axis": "y", "origin": [8.0016, 0.0958, 8.0064]},
			"faces": {
				"north": {"uv": [4.875, 5.5, 4.5, 5.75], "texture": "#0"},
				"east": {"uv": [3, 5.5, 2.5, 5.75], "texture": "#0"},
				"south": {"uv": [5.375, 5.5, 5, 5.75], "texture": "#0"},
				"west": {"uv": [2.5, 5.5, 2, 5.75], "texture": "#0"},
				"up": {"uv": [5.25, 3.25, 5.625, 2.75], "texture": "#0"},
				"down": {"uv": [5.25, 3.25, 5.625, 2.75], "texture": "#0"}
			}
		},
		{
			"from": [7.98449, 1.01612, 2.49684],
			"to": [9.85697, 1.97228, 4.09044],
			"rotation": {"angle": 22.5, "axis": "y", "origin": [8.0016, 0.0958, 8.0064]},
			"faces": {
				"north": {"uv": [2.5, 5.5, 2, 5.75], "texture": "#0"},
				"east": {"uv": [4.875, 5.5, 4.5, 5.75], "texture": "#0"},
				"south": {"uv": [3, 5.5, 2.5, 5.75], "texture": "#0"},
				"west": {"uv": [5.375, 5.5, 5, 5.75], "texture": "#0"},
				"up": {"uv": [5.25, 3.25, 5.625, 2.75], "rotation": 90, "texture": "#0"},
				"down": {"uv": [5.25, 3.25, 5.625, 2.75], "rotation": 270, "texture": "#0"}
			}
		},
		{
			"from": [9.7976, 1.17548, 8.4064],
			"to": [12.188, 1.81292, 9.6016],
			"rotation": {"angle": 0, "axis": "y", "origin": [7.9984, 0.0958, 8.0064]},
			"faces": {
				"north": {"uv": [5.5, 5.5, 6.125, 5.625], "texture": "#0"},
				"east": {"uv": [4.5, 5.75, 4.75, 5.875], "texture": "#0"},
				"south": {"uv": [0, 5.75, 0.625, 5.875], "texture": "#0"},
				"west": {"uv": [4.75, 5.75, 5, 5.875], "texture": "#0"},
				"up": {"uv": [5.875, 4, 5.25, 3.75], "texture": "#0"},
				"down": {"uv": [5.875, 4, 5.25, 3.75], "texture": "#0"}
			}
		},
		{
			"from": [6.4032, 1.17548, 9.8056],
			"to": [7.5984, 1.81292, 12.196],
			"rotation": {"angle": 0, "axis": "y", "origin": [7.9984, 0.0958, 8.0064]},
			"faces": {
				"north": {"uv": [4.75, 5.75, 5, 5.875], "texture": "#0"},
				"east": {"uv": [5.5, 5.5, 6.125, 5.625], "texture": "#0"},
				"south": {"uv": [4.5, 5.75, 4.75, 5.875], "texture": "#0"},
				"west": {"uv": [0, 5.75, 0.625, 5.875], "texture": "#0"},
				"up": {"uv": [5.875, 4, 5.25, 3.75], "rotation": 90, "texture": "#0"},
				"down": {"uv": [5.875, 4, 5.25, 3.75], "rotation": 270, "texture": "#0"}
			}
		},
		{
			"from": [3.812, 1.17548, 8.4064],
			"to": [6.2024, 1.81292, 9.6016],
			"rotation": {"angle": 0, "axis": "y", "origin": [8.0016, 0.0958, 8.0064]},
			"faces": {
				"north": {"uv": [6.125, 5.5, 5.5, 5.625], "texture": "#0"},
				"east": {"uv": [5, 5.75, 4.75, 5.875], "texture": "#0"},
				"south": {"uv": [0.625, 5.75, 0, 5.875], "texture": "#0"},
				"west": {"uv": [4.75, 5.75, 4.5, 5.875], "texture": "#0"},
				"up": {"uv": [5.25, 4, 5.875, 3.75], "texture": "#0"},
				"down": {"uv": [5.25, 4, 5.875, 3.75], "texture": "#0"}
			}
		},
		{
			"from": [6.4064, 1.17548, 3.8168],
			"to": [7.6016, 1.81292, 6.2072],
			"rotation": {"angle": 0, "axis": "y", "origin": [8.0016, 0.0958, 8.0064]},
			"faces": {
				"north": {"uv": [4.75, 5.75, 4.5, 5.875], "texture": "#0"},
				"east": {"uv": [6.125, 5.5, 5.5, 5.625], "texture": "#0"},
				"south": {"uv": [5, 5.75, 4.75, 5.875], "texture": "#0"},
				"west": {"uv": [0.625, 5.75, 0, 5.875], "texture": "#0"},
				"up": {"uv": [5.25, 4, 5.875, 3.75], "rotation": 90, "texture": "#0"},
				"down": {"uv": [5.25, 4, 5.875, 3.75], "rotation": 270, "texture": "#0"}
			}
		},
		{
			"from": [8.92636, 1.07588, 8.02351],
			"to": [12.91036, 1.91252, 8.82031],
			"rotation": {"angle": -22.5, "axis": "y", "origin": [7.9984, 0.0958, 8.0064]},
			"faces": {
				"north": {"uv": [4.75, 2.5, 5.75, 2.75], "texture": "#0"},
				"east": {"uv": [3.25, 2.75, 3.5, 3], "texture": "#0"},
				"south": {"uv": [3, 5, 4, 5.25], "texture": "#0"},
				"west": {"uv": [3.25, 3, 3.5, 3.25], "texture": "#0"},
				"up": {"uv": [5, 5.25, 4, 5], "texture": "#0"},
				"down": {"uv": [5, 5.25, 4, 5], "texture": "#0"}
			}
		},
		{
			"from": [7.18449, 1.07588, 8.93436],
			"to": [7.98129, 1.91252, 12.91836],
			"rotation": {"angle": -22.5, "axis": "y", "origin": [7.9984, 0.0958, 8.0064]},
			"faces": {
				"north": {"uv": [3.25, 3, 3.5, 3.25], "texture": "#0"},
				"east": {"uv": [4.75, 2.5, 5.75, 2.75], "texture": "#0"},
				"south": {"uv": [3.25, 2.75, 3.5, 3], "texture": "#0"},
				"west": {"uv": [3, 5, 4, 5.25], "texture": "#0"},
				"up": {"uv": [5, 5.25, 4, 5], "rotation": 90, "texture": "#0"},
				"down": {"uv": [5, 5.25, 4, 5], "rotation": 270, "texture": "#0"}
			}
		},
		{
			"from": [3.08964, 1.07588, 8.02351],
			"to": [7.07364, 1.91252, 8.82031],
			"rotation": {"angle": 22.5, "axis": "y", "origin": [8.0016, 0.0958, 8.0064]},
			"faces": {
				"north": {"uv": [5.75, 2.5, 4.75, 2.75], "texture": "#0"},
				"east": {"uv": [3.5, 3, 3.25, 3.25], "texture": "#0"},
				"south": {"uv": [4, 5, 3, 5.25], "texture": "#0"},
				"west": {"uv": [3.5, 2.75, 3.25, 3], "texture": "#0"},
				"up": {"uv": [4, 5.25, 5, 5], "texture": "#0"},
				"down": {"uv": [4, 5.25, 5, 5], "texture": "#0"}
			}
		},
		{
			"from": [7.18769, 1.07588, 3.09444],
			"to": [7.98449, 1.91252, 7.07844],
			"rotation": {"angle": 22.5, "axis": "y", "origin": [8.0016, 0.0958, 8.0064]},
			"faces": {
				"north": {"uv": [3.5, 2.75, 3.25, 3], "texture": "#0"},
				"east": {"uv": [5.75, 2.5, 4.75, 2.75], "texture": "#0"},
				"south": {"uv": [3.5, 3, 3.25, 3.25], "texture": "#0"},
				"west": {"uv": [4, 5, 3, 5.25], "texture": "#0"},
				"up": {"uv": [4, 5.25, 5, 5], "rotation": 90, "texture": "#0"},
				"down": {"uv": [4, 5.25, 5, 5], "rotation": 270, "texture": "#0"}
			}
		},
		{
			"from": [8.8016, 1.0958, 7.6096],
			"to": [13.3832, 1.8926, 8.4064],
			"rotation": {"angle": 0, "axis": "y", "origin": [7.9984, 0.0958, 8.0064]},
			"faces": {
				"north": {"uv": [4.5, 1.5, 5.625, 1.75], "texture": "#0"},
				"east": {"uv": [0.75, 4, 1, 4.25], "texture": "#0"},
				"south": {"uv": [4.5, 1.75, 5.625, 2], "texture": "#0"},
				"west": {"uv": [0.75, 4.25, 1, 4.5], "texture": "#0"},
				"up": {"uv": [5.875, 2.25, 4.75, 2], "texture": "#0"},
				"down": {"uv": [5.875, 2.25, 4.75, 2], "texture": "#0"}
			}
		},
		{
			"from": [7.5984, 1.0958, 8.8096],
			"to": [8.3952, 1.8926, 13.3912],
			"rotation": {"angle": 0, "axis": "y", "origin": [7.9984, 0.0958, 8.0064]},
			"faces": {
				"north": {"uv": [0.75, 4.25, 1, 4.5], "texture": "#0"},
				"east": {"uv": [4.5, 1.5, 5.625, 1.75], "texture": "#0"},
				"south": {"uv": [0.75, 4, 1, 4.25], "texture": "#0"},
				"west": {"uv": [4.5, 1.75, 5.625, 2], "texture": "#0"},
				"up": {"uv": [5.875, 2.25, 4.75, 2], "rotation": 90, "texture": "#0"},
				"down": {"uv": [5.875, 2.25, 4.75, 2], "rotation": 270, "texture": "#0"}
			}
		},
		{
			"from": [2.6168, 1.0958, 7.6096],
			"to": [7.1984, 1.8926, 8.4064],
			"rotation": {"angle": 0, "axis": "y", "origin": [8.0016, 0.0958, 8.0064]},
			"faces": {
				"north": {"uv": [5.625, 1.5, 4.5, 1.75], "texture": "#0"},
				"east": {"uv": [1, 4.25, 0.75, 4.5], "texture": "#0"},
				"south": {"uv": [5.625, 1.75, 4.5, 2], "texture": "#0"},
				"west": {"uv": [1, 4, 0.75, 4.25], "texture": "#0"},
				"up": {"uv": [4.75, 2.25, 5.875, 2], "texture": "#0"},
				"down": {"uv": [4.75, 2.25, 5.875, 2], "texture": "#0"}
			}
		},
		{
			"from": [7.6016, 1.0958, 2.6216],
			"to": [8.3984, 1.8926, 7.2032],
			"rotation": {"angle": 0, "axis": "y", "origin": [8.0016, 0.0958, 8.0064]},
			"faces": {
				"north": {"uv": [1, 4, 0.75, 4.25], "texture": "#0"},
				"east": {"uv": [5.625, 1.5, 4.5, 1.75], "texture": "#0"},
				"south": {"uv": [1, 4.25, 0.75, 4.5], "texture": "#0"},
				"west": {"uv": [5.625, 1.75, 4.5, 2], "texture": "#0"},
				"up": {"uv": [4.75, 2.25, 5.875, 2], "rotation": 90, "texture": "#0"},
				"down": {"uv": [4.75, 2.25, 5.875, 2], "rotation": 270, "texture": "#0"}
			}
		},
		{
			"from": [9.7976, 1.17548, 6.4144],
			"to": [12.188, 1.81292, 7.6096],
			"rotation": {"angle": 0, "axis": "y", "origin": [7.9984, 0.0958, 8.0064]},
			"faces": {
				"north": {"uv": [0.75, 5.75, 1.375, 5.875], "texture": "#0"},
				"east": {"uv": [5, 5.75, 5.25, 5.875], "texture": "#0"},
				"south": {"uv": [1.5, 5.75, 2.125, 5.875], "texture": "#0"},
				"west": {"uv": [5.25, 5.75, 5.5, 5.875], "texture": "#0"},
				"up": {"uv": [1.125, 5.75, 0.5, 5.5], "texture": "#0"},
				"down": {"uv": [1.125, 5.75, 0.5, 5.5], "texture": "#0"}
			}
		},
		{
			"from": [8.3952, 1.17548, 9.8056],
			"to": [9.5904, 1.81292, 12.196],
			"rotation": {"angle": 0, "axis": "y", "origin": [7.9984, 0.0958, 8.0064]},
			"faces": {
				"north": {"uv": [5.25, 5.75, 5.5, 5.875], "texture": "#0"},
				"east": {"uv": [0.75, 5.75, 1.375, 5.875], "texture": "#0"},
				"south": {"uv": [5, 5.75, 5.25, 5.875], "texture": "#0"},
				"west": {"uv": [1.5, 5.75, 2.125, 5.875], "texture": "#0"},
				"up": {"uv": [1.125, 5.75, 0.5, 5.5], "rotation": 90, "texture": "#0"},
				"down": {"uv": [1.125, 5.75, 0.5, 5.5], "rotation": 270, "texture": "#0"}
			}
		},
		{
			"from": [3.812, 1.17548, 6.4144],
			"to": [6.2024, 1.81292, 7.6096],
			"rotation": {"angle": 0, "axis": "y", "origin": [8.0016, 0.0958, 8.0064]},
			"faces": {
				"north": {"uv": [1.375, 5.75, 0.75, 5.875], "texture": "#0"},
				"east": {"uv": [5.5, 5.75, 5.25, 5.875], "texture": "#0"},
				"south": {"uv": [2.125, 5.75, 1.5, 5.875], "texture": "#0"},
				"west": {"uv": [5.25, 5.75, 5, 5.875], "texture": "#0"},
				"up": {"uv": [0.5, 5.75, 1.125, 5.5], "texture": "#0"},
				"down": {"uv": [0.5, 5.75, 1.125, 5.5], "texture": "#0"}
			}
		},
		{
			"from": [8.3984, 1.17548, 3.8168],
			"to": [9.5936, 1.81292, 6.2072],
			"rotation": {"angle": 0, "axis": "y", "origin": [8.0016, 0.0958, 8.0064]},
			"faces": {
				"north": {"uv": [5.25, 5.75, 5, 5.875], "texture": "#0"},
				"east": {"uv": [1.375, 5.75, 0.75, 5.875], "texture": "#0"},
				"south": {"uv": [5.5, 5.75, 5.25, 5.875], "texture": "#0"},
				"west": {"uv": [2.125, 5.75, 1.5, 5.875], "texture": "#0"},
				"up": {"uv": [0.5, 5.75, 1.125, 5.5], "rotation": 90, "texture": "#0"},
				"down": {"uv": [0.5, 5.75, 1.125, 5.5], "rotation": 270, "texture": "#0"}
			}
		},
		{
			"from": [8.92513, 1.07588, 7.19545],
			"to": [12.90913, 1.91252, 7.99225],
			"rotation": {"angle": 22.5, "axis": "y", "origin": [7.9984, 0.0958, 8.0064]},
			"faces": {
				"north": {"uv": [5, 4.25, 6, 4.5], "texture": "#0"},
				"east": {"uv": [0.5, 4.75, 0.75, 5], "texture": "#0"},
				"south": {"uv": [5, 4.5, 6, 4.75], "texture": "#0"},
				"west": {"uv": [2.25, 5.75, 2.5, 6], "texture": "#0"},
				"up": {"uv": [6, 5, 5, 4.75], "texture": "#0"},
				"down": {"uv": [6, 5, 5, 4.75], "texture": "#0"}
			}
		},
		{
			"from": [8.01255, 1.07588, 8.93313],
			"to": [8.80935, 1.91252, 12.91713],
			"rotation": {"angle": 22.5, "axis": "y", "origin": [7.9984, 0.0958, 8.0064]},
			"faces": {
				"north": {"uv": [2.25, 5.75, 2.5, 6], "texture": "#0"},
				"east": {"uv": [5, 4.25, 6, 4.5], "texture": "#0"},
				"south": {"uv": [0.5, 4.75, 0.75, 5], "texture": "#0"},
				"west": {"uv": [5, 4.5, 6, 4.75], "texture": "#0"},
				"up": {"uv": [6, 5, 5, 4.75], "rotation": 90, "texture": "#0"},
				"down": {"uv": [6, 5, 5, 4.75], "rotation": 270, "texture": "#0"}
			}
		},
		{
			"from": [3.09087, 1.07588, 7.19545],
			"to": [7.07487, 1.91252, 7.99225],
			"rotation": {"angle": -22.5, "axis": "y", "origin": [8.0016, 0.0958, 8.0064]},
			"faces": {
				"north": {"uv": [6, 4.25, 5, 4.5], "texture": "#0"},
				"east": {"uv": [2.5, 5.75, 2.25, 6], "texture": "#0"},
				"south": {"uv": [6, 4.5, 5, 4.75], "texture": "#0"},
				"west": {"uv": [0.75, 4.75, 0.5, 5], "texture": "#0"},
				"up": {"uv": [5, 5, 6, 4.75], "texture": "#0"},
				"down": {"uv": [5, 5, 6, 4.75], "texture": "#0"}
			}
		},
		{
			"from": [8.01575, 1.07588, 3.09567],
			"to": [8.81255, 1.91252, 7.07967],
			"rotation": {"angle": -22.5, "axis": "y", "origin": [8.0016, 0.0958, 8.0064]},
			"faces": {
				"north": {"uv": [0.75, 4.75, 0.5, 5], "texture": "#0"},
				"east": {"uv": [6, 4.25, 5, 4.5], "texture": "#0"},
				"south": {"uv": [2.5, 5.75, 2.25, 6], "texture": "#0"},
				"west": {"uv": [6, 4.5, 5, 4.75], "texture": "#0"},
				"up": {"uv": [5, 5, 6, 4.75], "rotation": 90, "texture": "#0"},
				"down": {"uv": [5, 5, 6, 4.75], "rotation": 270, "texture": "#0"}
			}
		}
	],
	"gui_light": "front",
	"display": {
		"thirdperson_righthand": {
			"rotation": [0, 90, 0],
			"translation": [0, 7, 1.25],
			"scale": [0.8, 0.8, 0.8]
		},
		"thirdperson_lefthand": {
			"rotation": [0, 90, 0],
			"translation": [0, 7, 1.25],
			"scale": [0.8, 0.8, 0.8]
		},
		"firstperson_righthand": {
			"rotation": [-9, -69, 0],
			"translation": [2.25, 5.25, 0],
			"scale": [0.7, 0.7, 0.7]
		},
		"firstperson_lefthand": {
			"rotation": [-9, -69, 0],
			"translation": [2.25, 5.25, 0],
			"scale": [0.7, 0.7, 0.7]
		},
		"ground": {
			"rotation": [49, 0, 0],
			"translation": [0, 5.75, 0],
			"scale": [0.7, 0.7, 0.7]
		},
		"gui": {
			"rotation": [0, 0, -45],
			"translation": [1, 1.25, 0],
			"scale": [0.8, 0.8, 0.8]
		},
		"fixed": {
			"rotation": [0, 0, 45],
			"translation": [-1.75, 1.75, -1.25]
		}
	},
	"groups": [
		{
			"name": "main",
			"origin": [8, 8, 8],
			"children": [0, 1, 2, 3, 4, 5, 6, 7, 8, 9, 10, 11, 12, 13, 14, 15, 16, 17, 18, 19, 20, 21, 22, 23, 24, 25, 26, 27, 28, 29, 30, 31, 32, 33, 34, 35, 36, 37, 38, 39, 40, 41, 42, 43, 44, 45, 46, 47, 48]
		}
	]
}