{
	"credit": "Made with Blockbench",
	"texture_size": [128, 128],
	"textures": {
		"0": "halloween_crate/plauge_doctor",
		"particle": "halloween_crate/plauge_doctor"
	},
	"elements": [
		{
			"from": [2, 2, 4],
			"to": [14, 12, 8],
			"rotation": {"angle": 0, "axis": "y", "origin": [22, 18, 20]},
			"faces": {
				"north": {"uv": [0.5, 5.5, 2, 6.75], "texture": "#0"},
				"east": {"uv": [0, 5.5, 0.5, 6.75], "texture": "#0"},
				"south": {"uv": [2.5, 5.5, 4, 6.75], "texture": "#0"},
				"west": {"uv": [2, 5.5, 2.5, 6.75], "texture": "#0"},
				"up": {"uv": [2, 5.5, 0.5, 5], "texture": "#0"},
				"down": {"uv": [3.5, 5, 2, 5.5], "texture": "#0"}
			}
		},
		{
			"from": [0, 12, 2],
			"to": [16, 14, 18],
			"rotation": {"angle": 0, "axis": "y", "origin": [22, 18, 20]},
			"faces": {
				"north": {"uv": [2, 2, 4, 2.25], "texture": "#0"},
				"east": {"uv": [0, 2, 2, 2.25], "texture": "#0"},
				"south": {"uv": [6, 2, 8, 2.25], "texture": "#0"},
				"west": {"uv": [4, 2, 6, 2.25], "texture": "#0"},
				"up": {"uv": [4, 2, 2, 0], "texture": "#0"},
				"down": {"uv": [6, 0, 4, 2], "texture": "#0"}
			}
		},
		{
			"from": [2, 14, 4],
			"to": [14, 24, 16],
			"rotation": {"angle": 0, "axis": "y", "origin": [22, 20, 20]},
			"faces": {
				"north": {"uv": [1.5, 3.75, 3, 5], "texture": "#0"},
				"east": {"uv": [0, 3.75, 1.5, 5], "texture": "#0"},
				"south": {"uv": [4.5, 3.75, 6, 5], "texture": "#0"},
				"west": {"uv": [3, 3.75, 4.5, 5], "texture": "#0"},
				"up": {"uv": [3, 3.75, 1.5, 2.25], "texture": "#0"},
				"down": {"uv": [4.5, 2.25, 3, 3.75], "texture": "#0"}
			}
		},
		{
			"from": [1.5, 6, 6],
			"to": [14.5, 8, 16.5],
			"rotation": {"angle": 0, "axis": "y", "origin": [22, 12, 24]},
			"faces": {
				"north": {"uv": [5.75, 3.5, 7.375, 3.75], "texture": "#0"},
				"east": {"uv": [4.5, 3.5, 5.75, 3.75], "texture": "#0"},
				"south": {"uv": [8.625, 3.5, 10.25, 3.75], "texture": "#0"},
				"west": {"uv": [7.375, 3.5, 8.625, 3.75], "texture": "#0"},
				"up": {"uv": [7.375, 3.5, 5.75, 2.25], "texture": "#0"},
				"down": {"uv": [9, 2.25, 7.375, 3.5], "texture": "#0"}
			}
		},
		{
			"from": [6, 2.5, -1],
			"to": [10, 7.5, 4],
			"rotation": {"angle": 0, "axis": "y", "origin": [22, 16.5, 18]},
			"faces": {
				"north": {"uv": [4.625, 5.625, 5.125, 6.25], "texture": "#0"},
				"east": {"uv": [4, 5.625, 4.625, 6.25], "texture": "#0"},
				"south": {"uv": [5.75, 5.625, 6.25, 6.25], "texture": "#0"},
				"west": {"uv": [5.125, 5.625, 5.75, 6.25], "texture": "#0"},
				"up": {"uv": [5.125, 5.625, 4.625, 5], "texture": "#0"},
				"down": {"uv": [5.625, 5, 5.125, 5.625], "texture": "#0"}
			}
		},
		{
			"from": [6.25, 8, -11.5],
			"to": [9.75, 11.5, -5],
			"rotation": {"angle": -22.5, "axis": "x", "origin": [22.25, 21, 9]},
			"faces": {
				"north": {"uv": [6.25, 6.25, 6.625, 6.625], "texture": "#0"},
				"east": {"uv": [5.5, 6.25, 6.25, 6.625], "texture": "#0"},
				"south": {"uv": [7.375, 6.25, 7.75, 6.625], "texture": "#0"},
				"west": {"uv": [6.625, 6.25, 7.375, 6.625], "texture": "#0"},
				"up": {"uv": [6.625, 6.25, 6.25, 5.5], "texture": "#0"},
				"down": {"uv": [7, 5.5, 6.625, 6.25], "texture": "#0"}
			}
		},
		{
			"from": [6.25, 14, -12.5],
			"to": [9.75, 17.5, -7],
			"rotation": {"angle": -45, "axis": "x", "origin": [22.25, 27, 8]},
			"faces": {
				"north": {"uv": [0.625, 0.625, 1, 1], "texture": "#0"},
				"east": {"uv": [0, 0.625, 0.625, 1], "texture": "#0"},
				"south": {"uv": [1.625, 0.625, 2, 1], "texture": "#0"},
				"west": {"uv": [1, 0.625, 1.625, 1], "texture": "#0"},
				"up": {"uv": [1, 0.625, 0.625, 0], "texture": "#0"},
				"down": {"uv": [1.375, 0, 1, 0.625], "texture": "#0"}
			}
		},
		{
			"from": [3, 8.5, 3.5],
			"to": [6, 11.5, 5.5],
			"rotation": {"angle": 0, "axis": "y", "origin": [20, 25, 19.5]},
			"faces": {
				"north": {"uv": [0.25, 1.25, 0.625, 1.625], "texture": "#0"},
				"east": {"uv": [0, 1.25, 0.25, 1.625], "texture": "#0"},
				"south": {"uv": [0.875, 1.25, 1.25, 1.625], "texture": "#0"},
				"west": {"uv": [0.625, 1.25, 0.875, 1.625], "texture": "#0"},
				"up": {"uv": [0.625, 1.25, 0.25, 1], "texture": "#0"},
				"down": {"uv": [1, 1, 0.625, 1.25], "texture": "#0"}
			}
		},
		{
			"from": [10, 8.5, 3.5],
			"to": [13, 11.5, 5.5],
			"rotation": {"angle": 0, "axis": "y", "origin": [-4, 25, 19.5]},
			"faces": {
				"north": {"uv": [0.25, 2.5, 0.625, 2.875], "texture": "#0"},
				"east": {"uv": [0, 2.5, 0.25, 2.875], "texture": "#0"},
				"south": {"uv": [0.875, 2.5, 1.25, 2.875], "texture": "#0"},
				"west": {"uv": [0.625, 2.5, 0.875, 2.875], "texture": "#0"},
				"up": {"uv": [0.625, 2.5, 0.25, 2.25], "texture": "#0"},
				"down": {"uv": [1, 2.25, 0.625, 2.5], "texture": "#0"}
			}
		}
	],
	"display": {
		"gui": {
			"rotation": [0, -163.75, 0],
			"translation": [0.5, -3.25, 0],
			"scale": [0.7, 0.7, 0.7]
		},
		"head": {
			"translation": [0, 0.75, -3],
			"scale": [1.3, 1.3, 1.3]
		}
	},
	"groups": [
		{
			"name": "main",
			"origin": [8, 8, 8],
			"children": [0, 1, 2, 3, 4, 5, 6, 7, 8]
		}
	]
}