{
	"credit": "Made with Blockbench",
	"texture_size": [64, 64],
	"textures": {
		"0": "christmas20_crate/snowman",
		"particle": "christmas20_crate/snowman"
	},
	"elements": [
		{
			"from": [7.5, 1.5, 1],
			"to": [8.5, 2.5, 5],
			"rotation": {"angle": 0, "axis": "y", "origin": [12.5, 7.5, 4]},
			"faces": {
				"north": {"uv": [7.25, 11.5, 7.5, 11.75], "texture": "#0"},
				"east": {"uv": [9.25, 6, 10.25, 6.25], "texture": "#0"},
				"south": {"uv": [7.5, 11.5, 7.75, 11.75], "texture": "#0"},
				"west": {"uv": [10.75, 1, 11.75, 1.25], "texture": "#0"},
				"up": {"uv": [9, 7.25, 8.75, 6.25], "texture": "#0"},
				"down": {"uv": [1, 11, 0.75, 12], "texture": "#0"}
			}
		},
		{
			"from": [5, 0, 5],
			"to": [11, 6, 11],
			"rotation": {"angle": 0, "axis": "y", "origin": [10, 8, 10]},
			"faces": {
				"north": {"uv": [5.5, 9.25, 7, 10.75], "texture": "#0"},
				"east": {"uv": [7, 9.25, 8.5, 10.75], "texture": "#0"},
				"south": {"uv": [9.25, 0, 10.75, 1.5], "texture": "#0"},
				"west": {"uv": [9.25, 3.75, 10.75, 5.25], "texture": "#0"},
				"up": {"uv": [1.5, 11, 0, 9.5], "texture": "#0"},
				"down": {"uv": [3, 9.5, 1.5, 11], "texture": "#0"}
			}
		},
		{
			"from": [5, 3.5, 4],
			"to": [13, 5, 12],
			"rotation": {"angle": -22.5, "axis": "z", "origin": [11, 6.5, 10]},
			"faces": {
				"north": {"uv": [12.5, 7.5, 10.5, 8], "texture": "#0"},
				"east": {"uv": [12.5, 7, 10.5, 7.5], "texture": "#0"},
				"south": {"uv": [12.5, 6.5, 10.5, 7], "texture": "#0"},
				"west": {"uv": [12.5, 6, 10.5, 6.5], "texture": "#0"},
				"up": {"uv": [2, 7.5, 0, 9.5], "rotation": 90, "texture": "#0"},
				"down": {"uv": [4, 9.5, 2, 7.5], "rotation": 270, "texture": "#0"}
			}
		},
		{
			"from": [5.9, 5, 4.9],
			"to": [12.1, 12, 11.1],
			"rotation": {"angle": -22.5, "axis": "z", "origin": [11, 6.5, 10]},
			"faces": {
				"north": {"uv": [5.5, 9.25, 4, 11], "texture": "#0"},
				"east": {"uv": [10.5, 6.25, 9, 8], "texture": "#0"},
				"south": {"uv": [10.5, 2, 9, 3.75], "texture": "#0"},
				"west": {"uv": [10.5, 9, 9, 10.75], "texture": "#0"},
				"up": {"uv": [12, 10.5, 10.5, 12], "rotation": 90, "texture": "#0"},
				"down": {"uv": [12, 3, 10.5, 1.5], "rotation": 270, "texture": "#0"}
			}
		}
	],
	"gui_light": "front",
	"display": {
		"gui": {
			"rotation": [0, -166, 0],
			"translation": [1, 3, 0],
			"scale": [1.4, 1.4, 1.4]
		},
		"head": {
			"translation": [0, 12.75, 0],
			"scale": [2.5, 2.5, 2.5]
		}
	}
}