{
	"credit": "Made with Blockbench",
	"texture_size": [64, 64],
	"textures": {
		"0": "boss_weapon/boss_helmet_main",
		"1": "boss_weapon/boss_helmet_extra",
		"particle": "boss_weapon/boss_helmet_main"
	},
	"elements": [
		{
			"from": [2.5, 0, 2],
			"to": [13.5, 10, 14],
			"rotation": {"angle": 0, "axis": "y", "origin": [15.5, 8, 10]},
			"faces": {
				"north": {"uv": [3.25, 3.25, 6, 5.75], "texture": "#1"},
				"east": {"uv": [0.25, 3.25, 3.25, 5.75], "texture": "#1"},
				"south": {"uv": [9, 3.25, 11.75, 5.75], "texture": "#1"},
				"west": {"uv": [6, 3.25, 9, 5.75], "texture": "#1"},
				"up": {"uv": [6, 3.25, 3.25, 0.25], "texture": "#1"},
				"down": {"uv": [8.75, 0.25, 6, 3.25], "texture": "#1"}
			}
		},
		{
			"from": [10.5, 5, 6],
			"to": [18.5, 9, 10],
			"shade": false,
			"rotation": {"angle": 22.5, "axis": "z", "origin": [8.5, 6, 10]},
			"faces": {
				"north": {"uv": [3.75, 6.25, 1.75, 7.25], "texture": "#0"},
				"east": {"uv": [4.75, 6.25, 3.75, 7.25], "texture": "#0"},
				"south": {"uv": [6.75, 6.25, 4.75, 7.25], "texture": "#0"},
				"west": {"uv": [1.75, 6.25, 0.75, 7.25], "texture": "#0"},
				"up": {"uv": [1.75, 6.25, 3.75, 5.25], "texture": "#0"},
				"down": {"uv": [3.75, 5.25, 5.75, 6.25], "texture": "#0"}
			}
		},
		{
			"from": [-2.5, 5, 6],
			"to": [5.5, 9, 10],
			"rotation": {"angle": -22.5, "axis": "z", "origin": [7.5, 6, 10]},
			"faces": {
				"north": {"uv": [1.75, 6.25, 3.75, 7.25], "texture": "#0"},
				"east": {"uv": [0.75, 6.25, 1.75, 7.25], "texture": "#0"},
				"south": {"uv": [4.75, 6.25, 6.75, 7.25], "texture": "#0"},
				"west": {"uv": [3.75, 6.25, 4.75, 7.25], "texture": "#0"},
				"up": {"uv": [3.75, 6.25, 1.75, 5.25], "texture": "#0"},
				"down": {"uv": [5.75, 5.25, 3.75, 6.25], "texture": "#0"}
			}
		},
		{
			"from": [10.5, 3, 6.25],
			"to": [12.5, 11, 9.75],
			"shade": false,
			"rotation": {"angle": -22.5, "axis": "z", "origin": [11.5, 1, 10]},
			"faces": {
				"north": {"uv": [1.75, 10, 1.25, 12], "texture": "#0"},
				"east": {"uv": [2.5, 10, 1.75, 12], "texture": "#0"},
				"south": {"uv": [3, 10, 2.5, 12], "texture": "#0"},
				"west": {"uv": [1.25, 10, 0.5, 12], "texture": "#0"},
				"up": {"uv": [1.25, 10, 1.75, 9.25], "texture": "#0"},
				"down": {"uv": [1.75, 9.25, 2.25, 10], "texture": "#0"}
			}
		},
		{
			"from": [3.5, 3, 6.25],
			"to": [5.5, 11, 9.75],
			"rotation": {"angle": 22.5, "axis": "z", "origin": [4.5, 1, 10]},
			"faces": {
				"north": {"uv": [1.25, 10, 1.75, 12], "texture": "#0"},
				"east": {"uv": [0.5, 10, 1.25, 12], "texture": "#0"},
				"south": {"uv": [2.5, 10, 3, 12], "texture": "#0"},
				"west": {"uv": [1.75, 10, 2.5, 12], "texture": "#0"},
				"up": {"uv": [1.75, 10, 1.25, 9.25], "texture": "#0"},
				"down": {"uv": [2.25, 9.25, 1.75, 10], "texture": "#0"}
			}
		},
		{
			"from": [21, 0.5, 6.5],
			"to": [26, 3.5, 9.5],
			"shade": false,
			"rotation": {"angle": 45, "axis": "z", "origin": [9, 1, 10]},
			"faces": {
				"north": {"uv": [2.25, 3.25, 1, 4], "texture": "#0"},
				"east": {"uv": [3, 3.25, 2.25, 4], "texture": "#0"},
				"south": {"uv": [4.25, 3.25, 3, 4], "texture": "#0"},
				"west": {"uv": [1, 3.25, 0.25, 4], "texture": "#0"},
				"up": {"uv": [1, 3.25, 2.25, 2.5], "texture": "#0"},
				"down": {"uv": [2.25, 2.5, 3.5, 3.25], "texture": "#0"}
			}
		},
		{
			"from": [-10, 0.5, 6.5],
			"to": [-5, 3.5, 9.5],
			"rotation": {"angle": -45, "axis": "z", "origin": [7, 1, 10]},
			"faces": {
				"north": {"uv": [1, 3.25, 2.25, 4], "texture": "#0"},
				"east": {"uv": [0.25, 3.25, 1, 4], "texture": "#0"},
				"south": {"uv": [3, 3.25, 4.25, 4], "texture": "#0"},
				"west": {"uv": [2.25, 3.25, 3, 4], "texture": "#0"},
				"up": {"uv": [2.25, 3.25, 1, 2.5], "texture": "#0"},
				"down": {"uv": [3.5, 2.5, 2.25, 3.25], "texture": "#0"}
			}
		},
		{
			"from": [14.5, 14, 7],
			"to": [16.5, 18, 9],
			"shade": false,
			"rotation": {"angle": -22.5, "axis": "z", "origin": [16, 2, 10]},
			"faces": {
				"north": {"uv": [9, 1, 8.5, 2], "texture": "#0"},
				"east": {"uv": [9.5, 1, 9, 2], "texture": "#0"},
				"south": {"uv": [10, 1, 9.5, 2], "texture": "#0"},
				"west": {"uv": [8.5, 1, 8, 2], "texture": "#0"},
				"up": {"uv": [8.5, 1, 9, 0.5], "texture": "#0"},
				"down": {"uv": [9, 0.5, 9.5, 1], "texture": "#0"}
			}
		},
		{
			"from": [-0.5, 14, 7],
			"to": [1.5, 18, 9],
			"rotation": {"angle": 22.5, "axis": "z", "origin": [0, 2, 10]},
			"faces": {
				"north": {"uv": [8.5, 1, 9, 2], "texture": "#0"},
				"east": {"uv": [8, 1, 8.5, 2], "texture": "#0"},
				"south": {"uv": [9.5, 1, 10, 2], "texture": "#0"},
				"west": {"uv": [9, 1, 9.5, 2], "texture": "#0"},
				"up": {"uv": [9, 1, 8.5, 0.5], "texture": "#0"},
				"down": {"uv": [9.5, 0.5, 9, 1], "texture": "#0"}
			}
		},
		{
			"from": [6.875, 0, 0.5],
			"to": [9.125, 2, 2],
			"rotation": {"angle": 0, "axis": "y", "origin": [16.125, 8, 5]},
			"faces": {
				"north": {"uv": [10, 10.75, 10.5, 11.25], "texture": "#0"},
				"east": {"uv": [9.75, 10.75, 10, 11.25], "texture": "#0"},
				"south": {"uv": [10.75, 10.75, 11.25, 11.25], "texture": "#0"},
				"west": {"uv": [10.5, 10.75, 10.75, 11.25], "texture": "#0"},
				"up": {"uv": [10.5, 10.75, 10, 10.5], "texture": "#0"},
				"down": {"uv": [11, 10.5, 10.5, 10.75], "texture": "#0"}
			}
		},
		{
			"from": [3.5, 10, 3],
			"to": [12.5, 11, 13],
			"rotation": {"angle": 0, "axis": "y", "origin": [15.5, 18, 10]},
			"faces": {
				"north": {"uv": [2.75, 15.75, 5, 16], "texture": "#0"},
				"east": {"uv": [0.25, 15.75, 2.75, 16], "texture": "#0"},
				"south": {"uv": [7.5, 15.75, 9.75, 16], "texture": "#0"},
				"west": {"uv": [5, 15.75, 7.5, 16], "texture": "#0"},
				"up": {"uv": [5, 15.75, 2.75, 13.25], "texture": "#0"},
				"down": {"uv": [7.25, 13.25, 5, 15.75], "texture": "#0"}
			}
		},
		{
			"from": [3, 5, 1],
			"to": [13, 9, 2],
			"rotation": {"angle": 0, "axis": "y", "origin": [15.5, 8, -2]},
			"faces": {
				"north": {"uv": [6.25, 4.5, 8.75, 5.5], "texture": "#0"},
				"east": {"uv": [6, 4.5, 6.25, 5.5], "texture": "#0"},
				"south": {"uv": [9, 4.5, 11.5, 5.5], "texture": "#0"},
				"west": {"uv": [8.75, 4.5, 9, 5.5], "texture": "#0"},
				"up": {"uv": [8.75, 4.5, 6.25, 4.25], "texture": "#0"},
				"down": {"uv": [11.25, 4.25, 8.75, 4.5], "texture": "#0"}
			}
		},
		{
			"from": [4.5, 0.75, 1],
			"to": [11.5, 5, 2],
			"rotation": {"angle": 0, "axis": "y", "origin": [15.5, 4, -2]},
			"faces": {
				"north": {"uv": [11, 8.25, 12.75, 9.25], "texture": "#0"},
				"east": {"uv": [10.75, 8.25, 11, 9.25], "texture": "#0"},
				"south": {"uv": [13, 8.25, 14.75, 9.25], "texture": "#0"},
				"west": {"uv": [12.75, 8.25, 13, 9.25], "texture": "#0"},
				"up": {"uv": [12.75, 8.25, 11, 8], "texture": "#0"},
				"down": {"uv": [14.5, 8, 12.75, 8.25], "texture": "#0"}
			}
		},
		{
			"from": [11.15, 7.25, 1.65],
			"to": [14.15, 9.25, 3],
			"shade": false,
			"rotation": {"angle": -22.5, "axis": "y", "origin": [5.15, 14.5, 8.25]},
			"faces": {
				"north": {"uv": [1.25, 0.5, 0.5, 1], "texture": "#0"},
				"east": {"uv": [1.5, 0.5, 1.25, 1], "texture": "#0"},
				"south": {"uv": [2.25, 0.5, 1.5, 1], "texture": "#0"},
				"west": {"uv": [0.5, 0.5, 0.25, 1], "texture": "#0"},
				"up": {"uv": [0.5, 0.5, 1.25, 0.25], "texture": "#0"},
				"down": {"uv": [1.25, 0.25, 2, 0.5], "texture": "#0"}
			}
		},
		{
			"from": [1.85, 7.25, 1.65],
			"to": [4.85, 9.25, 3],
			"rotation": {"angle": 22.5, "axis": "y", "origin": [10.85, 14.5, 8.25]},
			"faces": {
				"north": {"uv": [0.5, 0.5, 1.25, 1], "texture": "#0"},
				"east": {"uv": [0.25, 0.5, 0.5, 1], "texture": "#0"},
				"south": {"uv": [1.5, 0.5, 2.25, 1], "texture": "#0"},
				"west": {"uv": [1.25, 0.5, 1.5, 1], "texture": "#0"},
				"up": {"uv": [1.25, 0.5, 0.5, 0.25], "texture": "#0"},
				"down": {"uv": [2, 0.25, 1.25, 0.5], "texture": "#0"}
			}
		},
		{
			"from": [11.65, 6.1, 1.65],
			"to": [13.65, 7.25, 3],
			"shade": false,
			"rotation": {"angle": -22.5, "axis": "y", "origin": [5.05, 12.75, 8.25]},
			"faces": {
				"north": {"uv": [1.25, 1.5, 0.75, 1.75], "texture": "#0"},
				"east": {"uv": [1.5, 1.5, 1.25, 1.75], "texture": "#0"},
				"south": {"uv": [2, 1.5, 1.5, 1.75], "texture": "#0"},
				"west": {"uv": [0.75, 1.5, 0.5, 1.75], "texture": "#0"},
				"up": {"uv": [0.75, 1.5, 1.25, 1.25], "texture": "#0"},
				"down": {"uv": [1.25, 1.25, 1.75, 1.5], "texture": "#0"}
			}
		},
		{
			"from": [2.35, 6.1, 1.65],
			"to": [4.35, 7.25, 3],
			"rotation": {"angle": 22.5, "axis": "y", "origin": [10.95, 12.75, 8.25]},
			"faces": {
				"north": {"uv": [0.75, 1.5, 1.25, 1.75], "texture": "#0"},
				"east": {"uv": [0.5, 1.5, 0.75, 1.75], "texture": "#0"},
				"south": {"uv": [1.5, 1.5, 2, 1.75], "texture": "#0"},
				"west": {"uv": [1.25, 1.5, 1.5, 1.75], "texture": "#0"},
				"up": {"uv": [1.25, 1.5, 0.75, 1.25], "texture": "#0"},
				"down": {"uv": [1.75, 1.25, 1.25, 1.5], "texture": "#0"}
			}
		},
		{
			"from": [14.55, 7.25, 6.6],
			"to": [17.55, 9.25, 7.85],
			"rotation": {"angle": 22.5, "axis": "y", "origin": [23.55, 14.5, 13.1]},
			"faces": {
				"north": {"uv": [0.5, 0.5, 1.25, 1], "texture": "#0"},
				"east": {"uv": [0.25, 0.5, 0.5, 1], "texture": "#0"},
				"south": {"uv": [1.5, 0.5, 2.25, 1], "texture": "#0"},
				"west": {"uv": [1.25, 0.5, 1.5, 1], "texture": "#0"},
				"up": {"uv": [1.25, 0.5, 0.5, 0.25], "texture": "#0"},
				"down": {"uv": [2, 0.25, 1.25, 0.5], "texture": "#0"}
			}
		},
		{
			"from": [-1.55, 7.25, 6.6],
			"to": [1.45, 9.25, 7.85],
			"shade": false,
			"rotation": {"angle": -22.5, "axis": "y", "origin": [-7.55, 14.5, 13.1]},
			"faces": {
				"north": {"uv": [1.25, 0.5, 0.5, 1], "texture": "#0"},
				"east": {"uv": [1.5, 0.5, 1.25, 1], "texture": "#0"},
				"south": {"uv": [2.25, 0.5, 1.5, 1], "texture": "#0"},
				"west": {"uv": [0.5, 0.5, 0.25, 1], "texture": "#0"},
				"up": {"uv": [0.5, 0.5, 1.25, 0.25], "texture": "#0"},
				"down": {"uv": [1.25, 0.25, 2, 0.5], "texture": "#0"}
			}
		},
		{
			"from": [15.05, 6.1, 6.5],
			"to": [17.05, 7.25, 7.85],
			"rotation": {"angle": 22.5, "axis": "y", "origin": [23.65, 12.75, 13.1]},
			"faces": {
				"north": {"uv": [0.75, 1.5, 1.25, 1.75], "texture": "#0"},
				"east": {"uv": [0.5, 1.5, 0.75, 1.75], "texture": "#0"},
				"south": {"uv": [1.5, 1.5, 2, 1.75], "texture": "#0"},
				"west": {"uv": [1.25, 1.5, 1.5, 1.75], "texture": "#0"},
				"up": {"uv": [1.25, 1.5, 0.75, 1.25], "texture": "#0"},
				"down": {"uv": [1.75, 1.25, 1.25, 1.5], "texture": "#0"}
			}
		},
		{
			"from": [-1.05, 6.1, 6.5],
			"to": [0.95, 7.25, 7.85],
			"shade": false,
			"rotation": {"angle": -22.5, "axis": "y", "origin": [-7.65, 12.75, 13.1]},
			"faces": {
				"north": {"uv": [1.25, 1.5, 0.75, 1.75], "texture": "#0"},
				"east": {"uv": [1.5, 1.5, 1.25, 1.75], "texture": "#0"},
				"south": {"uv": [2, 1.5, 1.5, 1.75], "texture": "#0"},
				"west": {"uv": [0.75, 1.5, 0.5, 1.75], "texture": "#0"},
				"up": {"uv": [0.75, 1.5, 1.25, 1.25], "texture": "#0"},
				"down": {"uv": [1.25, 1.25, 1.75, 1.5], "texture": "#0"}
			}
		}
	],
	"display": {
		"gui": {
			"rotation": [0, -163.5, 0],
			"scale": [0.9, 0.9, 0.9]
		},
		"head": {
			"translation": [0, 4.75, 0],
			"scale": [1.48, 1.5, 1.35]
		}
	},
	"groups": [
		{
			"name": "main",
			"origin": [8, 8, 8],
			"children": [0, 1, 2, 3, 4, 5, 6, 7, 8, 9, 10, 11, 12, 13, 14, 15, 16, 17, 18, 19, 20]
		}
	]
}