{
    "parent": "item/generated",
    "textures": {
        "layer0": "item/bow"
    },
        "overrides": [
				{ "predicate": {"pulling":1}, "model": "item/bow_pulling_0"},
				{ "predicate": {"pulling":1, "pull": 0.65}, "model": "item/bow_pulling_1"},
				{ "predicate": {"pulling":1, "pull": 0.9}, "model": "item/bow_pulling_2"},
				{ "predicate": { "damaged": 0, "damage": 0.00260416666}, "model": "item/weapons/magic2020_bow"},
				{ "predicate": {"damaged": 1}, "model": "item/bow"}
        ]
}