{
 "parent": "item/handheld",
 "textures": {
  "layer0": "item/bow"
 },
    "overrides": [
        {
            "predicate": {
		"custom_model_data": 100001
            },
            "model": "item/crystal_bow"
        },
        {
            "predicate": {
		"custom_model_data": 100001,
                "pulling": 1
            },
            "model": "item/crystal_bow"
        },
        {
            "predicate": {
		"custom_model_data": 100001,
                "pulling": 1,
                "pull": 0.65
            },
            "model": "item/crystal_bow2"
        },
        {
            "predicate": {
		"custom_model_data": 100001,
                "pulling": 1,
                "pull": 0.9
            },
            "model": "item/crystal_bow3"
        }
    ]
}