{
	"credit": "Model by Samuel McLaughlin with Blockbench ",
	"texture_size": [64, 64],
	"textures": {
		"0": "crystalbow",
		"particle": "crystalbow"
	},
	"elements": [
		{
			"from": [8, 7, 8],
			"to": [8.5, 10, 8.5],
			"rotation": {"angle": 0, "axis": "y", "origin": [12, 13.5, 12]},
			"faces": {
				"north": {"uv": [1.75, 6.75, 2, 8.25], "texture": "#0"},
				"east": {"uv": [3.25, 7, 3.5, 8.5], "texture": "#0"},
				"south": {"uv": [3.5, 7, 3.75, 8.5], "texture": "#0"},
				"west": {"uv": [3.75, 7, 4, 8.5], "texture": "#0"},
				"up": {"uv": [4, 2, 3.75, 1.75], "texture": "#0"},
				"down": {"uv": [6.5, 1.5, 6.25, 1.75], "texture": "#0"}
			}
		},
		{
			"from": [7, 4.5, 7.5],
			"to": [9.5, 7, 9],
			"rotation": {"angle": 0, "axis": "y", "origin": [12, 10.5, 12]},
			"faces": {
				"north": {"uv": [4, 3, 5.25, 1.75], "texture": "#0"},
				"east": {"uv": [5.75, 3.75, 6.5, 2.5], "texture": "#0"},
				"south": {"uv": [4, 1.75, 5.25, 3], "texture": "#0"},
				"west": {"uv": [5.75, 5.75, 6.5, 4.5], "texture": "#0"},
				"up": {"uv": [4, 7, 2.75, 6.25], "texture": "#0"},
				"down": {"uv": [4, 7, 2.75, 6.25], "texture": "#0"}
			}
		},
		{
			"from": [7, 9, 7.5],
			"to": [9.5, 11.5, 9],
			"rotation": {"angle": 0, "axis": "y", "origin": [12, 5.5, 12]},
			"faces": {
				"north": {"uv": [4, 3, 5.25, 1.75], "texture": "#0"},
				"east": {"uv": [5.75, 3.75, 6.5, 2.5], "texture": "#0"},
				"south": {"uv": [5.25, 3, 4, 1.75], "texture": "#0"},
				"west": {"uv": [5.75, 5.75, 6.5, 4.5], "texture": "#0"},
				"up": {"uv": [4, 7, 2.75, 6.25], "texture": "#0"},
				"down": {"uv": [4, 7, 2.75, 6.25], "texture": "#0"}
			}
		},
		{
			"from": [5, 5, 7.75],
			"to": [8.5, 6.5, 8.75],
			"rotation": {"angle": 22.5, "axis": "z", "origin": [8.25, 5.75, 8.5]},
			"faces": {
				"north": {"uv": [2, 1.25, 3.75, 2], "texture": "#0"},
				"east": {"uv": [6.75, 1.75, 7.25, 2.5], "texture": "#0"},
				"south": {"uv": [2, 2, 3.75, 1.25], "rotation": 180, "texture": "#0"},
				"west": {"uv": [6.5, 7, 7, 7.75], "texture": "#0"},
				"up": {"uv": [8.25, 7, 6.5, 6.5], "texture": "#0"},
				"down": {"uv": [8.25, 0, 6.5, 0.5], "texture": "#0"}
			}
		},
		{
			"from": [5, 9.5, 7.75],
			"to": [8.5, 11, 8.75],
			"rotation": {"angle": -22.5, "axis": "z", "origin": [8.25, 10.25, 8.5]},
			"faces": {
				"north": {"uv": [2, 2, 3.75, 1.25], "texture": "#0"},
				"east": {"uv": [6.75, 2.5, 7.25, 1.75], "texture": "#0"},
				"south": {"uv": [2, 1.25, 3.75, 2], "rotation": 180, "texture": "#0"},
				"west": {"uv": [6.5, 7.75, 7, 7], "texture": "#0"},
				"up": {"uv": [8.25, 0.5, 6.5, 0], "texture": "#0"},
				"down": {"uv": [8.25, 6.5, 6.5, 7], "texture": "#0"}
			}
		},
		{
			"from": [8.64418, 3.00597, 7.73],
			"to": [10.18418, 6.54597, 8.77],
			"rotation": {"angle": 22.5, "axis": "z", "origin": [9.41418, 4.77597, 8.25]},
			"faces": {
				"north": {"uv": [3.25, 4.5, 4, 6.25], "texture": "#0"},
				"east": {"uv": [6.5, 2.5, 7, 4.25], "texture": "#0"},
				"south": {"uv": [4, 4.5, 3.25, 6.25], "texture": "#0"},
				"west": {"uv": [6.5, 2.5, 7, 4.25], "texture": "#0"},
				"up": {"uv": [5.75, 5, 5, 4.5], "texture": "#missing"},
				"down": {"uv": [7.25, 6, 6.5, 6.5], "texture": "#missing"}
			}
		},
		{
			"from": [8.65418, 9.46403, 7.74],
			"to": [10.17418, 12.98403, 8.76],
			"rotation": {"angle": -22.5, "axis": "z", "origin": [9.41418, 11.22403, 8.25]},
			"faces": {
				"north": {"uv": [3.25, 6.25, 4, 4.5], "texture": "#0"},
				"east": {"uv": [6.5, 4.25, 7, 2.5], "texture": "#0"},
				"south": {"uv": [4, 6.25, 3.25, 4.5], "texture": "#0"},
				"west": {"uv": [6.5, 6, 7, 4.25], "texture": "#0"},
				"up": {"uv": [7.25, 6.5, 6.5, 6], "texture": "#0"},
				"down": {"uv": [5.75, 4.5, 5, 5], "texture": "#0"}
			}
		},
		{
			"from": [7.97911, 6.00023, 7.99],
			"to": [9.99911, 6.52023, 8.51],
			"rotation": {"angle": 22.5, "axis": "z", "origin": [9.98911, 7.16023, 8.25]},
			"faces": {
				"north": {"uv": [4, 3.75, 5, 4], "texture": "#0"},
				"east": {"uv": [7.25, 6, 7.5, 6.25], "texture": "#0"},
				"south": {"uv": [4, 3.75, 5, 4], "rotation": 180, "texture": "#0"},
				"west": {"uv": [7.25, 6.25, 7.5, 6.5], "texture": "#0"},
				"up": {"uv": [4, 3.75, 5, 4], "rotation": 180, "texture": "#0"},
				"down": {"uv": [4, 3.75, 5, 4], "rotation": 180, "texture": "#0"}
			}
		},
		{
			"from": [7.97911, 9.47977, 7.99],
			"to": [9.99911, 9.99977, 8.51],
			"rotation": {"angle": -22.5, "axis": "z", "origin": [9.98911, 8.83977, 8.25]},
			"faces": {
				"north": {"uv": [4, 4, 5, 3.75], "texture": "#0"},
				"east": {"uv": [7.25, 6.25, 7.5, 6], "texture": "#0"},
				"south": {"uv": [4, 4, 5, 3.75], "rotation": 180, "texture": "#0"},
				"west": {"uv": [7.25, 6.5, 7.5, 6.25], "texture": "#0"},
				"up": {"uv": [4, 4, 5, 3.75], "rotation": 180, "texture": "#0"},
				"down": {"uv": [4, 4, 5, 3.75], "rotation": 180, "texture": "#0"}
			}
		},
		{
			"from": [13.22202, 4.68724, 7.99],
			"to": [13.74202, 6.70724, 8.51],
			"rotation": {"angle": -45, "axis": "z", "origin": [10.68202, 7.44724, 8.25]},
			"faces": {
				"north": {"uv": [4.75, 5.75, 5, 6.75], "texture": "#0"},
				"east": {"uv": [4.75, 5.75, 5, 6.75], "texture": "#0"},
				"south": {"uv": [4.75, 5.75, 5, 6.75], "texture": "#0"},
				"west": {"uv": [4.75, 5.75, 5, 6.75], "texture": "#0"},
				"up": {"uv": [0.5, 7.75, 0.25, 7.5], "texture": "#0"},
				"down": {"uv": [0.75, 7.5, 0.5, 7.75], "texture": "#0"}
			}
		},
		{
			"from": [13.22202, 9.29276, 7.99],
			"to": [13.74202, 11.31276, 8.51],
			"rotation": {"angle": 45, "axis": "z", "origin": [10.68202, 8.55276, 8.25]},
			"faces": {
				"north": {"uv": [4.75, 6.75, 5, 5.75], "texture": "#0"},
				"east": {"uv": [4.75, 6.75, 5, 5.75], "texture": "#0"},
				"south": {"uv": [4.75, 6.75, 5, 5.75], "texture": "#0"},
				"west": {"uv": [4.75, 6.75, 5, 5.75], "texture": "#0"},
				"up": {"uv": [0.75, 7.75, 0.5, 7.5], "texture": "#0"},
				"down": {"uv": [0.5, 7.5, 0.25, 7.75], "texture": "#0"}
			}
		},
		{
			"from": [8.97911, 5.50023, 8.24],
			"to": [11.99911, 7.02023, 8.26],
			"rotation": {"angle": 22.5, "axis": "z", "origin": [9.98911, 7.16023, 8.25]},
			"faces": {
				"north": {"uv": [5, 3.75, 6.5, 4.5], "texture": "#0"},
				"east": {"uv": [0, 0, 0, 0.75], "texture": "#0"},
				"south": {"uv": [5, 3.75, 6.5, 4.5], "rotation": 180, "texture": "#0"},
				"west": {"uv": [0, 0, 0, 0.75], "texture": "#0"},
				"up": {"uv": [1.5, 0, 0, 0], "texture": "#0"},
				"down": {"uv": [1.5, 0, 0, 0], "texture": "#0"}
			}
		},
		{
			"from": [8.97911, 8.97977, 8.24],
			"to": [11.99911, 10.49977, 8.26],
			"rotation": {"angle": -22.5, "axis": "z", "origin": [9.98911, 8.83977, 8.25]},
			"faces": {
				"north": {"uv": [5, 4.5, 6.5, 3.75], "texture": "#0"},
				"east": {"uv": [0, 0.75, 0, 0], "texture": "#0"},
				"south": {"uv": [5, 4.5, 6.5, 3.75], "rotation": 180, "texture": "#0"},
				"west": {"uv": [0, 0.75, 0, 0], "texture": "#0"},
				"up": {"uv": [1.5, 0, 0, 0], "texture": "#0"},
				"down": {"uv": [1.5, 0, 0, 0], "texture": "#0"}
			}
		},
		{
			"from": [12.72202, 5.68724, 8.24],
			"to": [14.24202, 8.70724, 8.26],
			"rotation": {"angle": -45, "axis": "z", "origin": [10.68202, 7.44724, 8.25]},
			"faces": {
				"north": {"uv": [5.75, 0, 6.5, 1.5], "texture": "#0"},
				"east": {"uv": [0, 0, 0, 1.5], "texture": "#0"},
				"south": {"uv": [5.75, 0, 6.5, 1.5], "texture": "#0"},
				"west": {"uv": [0, 0, 0, 1.5], "texture": "#0"},
				"up": {"uv": [0.75, 0, 0, 0], "texture": "#0"},
				"down": {"uv": [0.75, 0, 0, 0], "texture": "#0"}
			}
		},
		{
			"from": [12.72202, 7.29276, 8.24],
			"to": [14.24202, 10.31276, 8.26],
			"rotation": {"angle": 45, "axis": "z", "origin": [10.68202, 8.55276, 8.25]},
			"faces": {
				"north": {"uv": [5.75, 1.5, 6.5, 0], "texture": "#0"},
				"east": {"uv": [0, 1.5, 0, 0], "texture": "#0"},
				"south": {"uv": [5.75, 1.5, 6.5, 0], "texture": "#0"},
				"west": {"uv": [0, 1.5, 0, 0], "texture": "#0"},
				"up": {"uv": [0.75, 0, 0, 0], "texture": "#0"},
				"down": {"uv": [0.75, 0, 0, 0], "texture": "#0"}
			}
		},
		{
			"from": [9.25679, -0.0738, 7.73],
			"to": [10.79679, 3.4662, 8.77],
			"rotation": {"angle": 0, "axis": "z", "origin": [10.02679, 1.6962, 8.25]},
			"faces": {
				"north": {"uv": [5, 0, 5.75, 1.75], "texture": "#0"},
				"east": {"uv": [0.75, 6.75, 1.25, 8.5], "texture": "#0"},
				"south": {"uv": [5.75, 0, 5, 1.75], "texture": "#0"},
				"west": {"uv": [0.75, 6.75, 1.25, 8.5], "texture": "#0"},
				"up": {"uv": [7.75, 7.5, 7, 7], "texture": "#0"},
				"down": {"uv": [7.75, 0.5, 7, 1], "texture": "#0"}
			}
		},
		{
			"from": [5.28839, 0.1231, 8.125],
			"to": [5.78839, 12.1231, 8.125],
			"rotation": {"angle": 45, "axis": "z", "origin": [6.11339, 3.2481, 8.125]},
			"faces": {
				"north": {"uv": [15.24975, 8.25, 15.62475, 11.375], "texture": "#0"},
				"east": {"uv": [0.75, 6.75, 1.25, 8.5], "texture": "#0"},
				"south": {"uv": [15.24975, 8.25, 15.62475, 11.375], "texture": "#0"},
				"west": {"uv": [1.25, 6.75, 1.75, 8.5], "texture": "#0"},
				"up": {"uv": [7.75, 7.5, 7, 7], "texture": "#0"},
				"down": {"uv": [7.75, 0.5, 7, 1], "texture": "#0"}
			}
		},
		{
			"from": [5.28839, 3.8769, 8.125],
			"to": [5.78839, 15.8769, 8.125],
			"rotation": {"angle": -45, "axis": "z", "origin": [6.11339, 12.7519, 8.125]},
			"faces": {
				"north": {"uv": [15.24975, 11.375, 15.62475, 8.25], "texture": "#0"},
				"east": {"uv": [0.75, 8.5, 1.25, 6.75], "texture": "#0"},
				"south": {"uv": [15.24975, 11.375, 15.62475, 8.25], "texture": "#0"},
				"west": {"uv": [1.25, 8.5, 1.75, 6.75], "texture": "#0"},
				"up": {"uv": [7.75, 1, 7, 0.5], "texture": "#0"},
				"down": {"uv": [7.75, 7, 7, 7.5], "texture": "#0"}
			}
		},
		{
			"from": [9.27679, 12.5538, 7.75],
			"to": [10.77679, 16.0538, 8.75],
			"rotation": {"angle": 0, "axis": "z", "origin": [10.02679, 14.3038, 8.25]},
			"faces": {
				"north": {"uv": [5, 1.75, 5.75, 0], "texture": "#0"},
				"east": {"uv": [0.75, 8.5, 1.25, 6.75], "texture": "#0"},
				"south": {"uv": [5, 1.75, 5.75, 0], "texture": "#0"},
				"west": {"uv": [1.25, 8.5, 1.75, 6.75], "texture": "#0"},
				"up": {"uv": [7.75, 1, 7, 0.5], "texture": "#0"},
				"down": {"uv": [7.75, 7, 7, 7.5], "texture": "#0"}
			}
		},
		{
			"from": [6.12418, 1.27642, 8.21],
			"to": [10.10418, 3.75642, 8.19],
			"rotation": {"angle": -22.5, "axis": "z", "origin": [8.36418, 1.61642, 8.2]},
			"faces": {
				"north": {"uv": [2, 2, 4, 3.25], "texture": "#0"},
				"east": {"uv": [0, 0, 0, 1.25], "texture": "#0"},
				"south": {"uv": [4, 2, 2, 3.25], "texture": "#0"},
				"west": {"uv": [0, 0, 0, 1.25], "texture": "#0"},
				"up": {"uv": [2, 0, 0, 0], "texture": "#0"},
				"down": {"uv": [2, 0, 0, 0], "texture": "#0"}
			}
		},
		{
			"from": [6.12418, 12.24358, 8.21],
			"to": [10.10418, 14.72358, 8.19],
			"rotation": {"angle": 22.5, "axis": "z", "origin": [8.36418, 14.38358, 8.2]},
			"faces": {
				"north": {"uv": [2, 3.25, 4, 2], "texture": "#0"},
				"east": {"uv": [0, 1.25, 0, 0], "texture": "#0"},
				"south": {"uv": [4, 2, 2, 3.25], "texture": "#0"},
				"west": {"uv": [0, 1.25, 0, 0], "texture": "#0"},
				"up": {"uv": [2, 0, 0, 0], "texture": "#0"},
				"down": {"uv": [2, 0, 0, 0], "texture": "#0"}
			}
		},
		{
			"from": [3.72418, 3.70142, 8.21],
			"to": [7.70418, 6.18142, 8.19],
			"rotation": {"angle": 22.5, "axis": "z", "origin": [5.71418, 4.94142, 8.2]},
			"faces": {
				"north": {"uv": [0, 2.5, 2, 3.75], "texture": "#0"},
				"east": {"uv": [0, 0, 0, 1.25], "texture": "#0"},
				"south": {"uv": [0, 3.75, 2, 2.5], "rotation": 180, "texture": "#0"},
				"west": {"uv": [0, 0, 0, 1.25], "texture": "#0"},
				"up": {"uv": [2, 0, 0, 0], "texture": "#0"},
				"down": {"uv": [2, 0, 0, 0], "texture": "#0"}
			}
		},
		{
			"from": [3.72418, 9.81858, 8.21],
			"to": [7.70418, 12.29858, 8.19],
			"rotation": {"angle": -22.5, "axis": "z", "origin": [5.71418, 11.05858, 8.2]},
			"faces": {
				"north": {"uv": [0, 3.75, 2, 2.5], "texture": "#0"},
				"east": {"uv": [0, 1.25, 0, 0], "texture": "#0"},
				"south": {"uv": [0, 2.5, 2, 3.75], "rotation": 180, "texture": "#0"},
				"west": {"uv": [0, 1.25, 0, 0], "texture": "#0"},
				"up": {"uv": [2, 0, 0, 0], "texture": "#0"},
				"down": {"uv": [2, 0, 0, 0], "texture": "#0"}
			}
		},
		{
			"from": [7.06775, -0.9324, 7.74],
			"to": [10.56775, 0.5676, 8.74],
			"rotation": {"angle": 22.5, "axis": "z", "origin": [8.48237, 0.10559, 8.28]},
			"faces": {
				"north": {"uv": [4, 5.75, 4.75, 7.5], "rotation": 270, "texture": "#0"},
				"east": {"uv": [7.75, 1.5, 7, 1], "rotation": 90, "texture": "#missing"},
				"south": {"uv": [4.75, 5.75, 4, 7.5], "rotation": 90, "texture": "#0"},
				"west": {"uv": [7.75, 2.5, 7, 3], "rotation": 90, "texture": "#0"},
				"up": {"uv": [4.75, 6.75, 5.25, 8.5], "rotation": 90, "texture": "#0"},
				"down": {"uv": [4.75, 6.75, 5.25, 8.5], "rotation": 90, "texture": "#0"}
			}
		},
		{
			"from": [7.06775, 15.4324, 7.74],
			"to": [10.56775, 16.9324, 8.74],
			"rotation": {"angle": -22.5, "axis": "z", "origin": [8.48237, 15.89441, 8.28]},
			"faces": {
				"north": {"uv": [4.75, 5.75, 4, 7.5], "rotation": 270, "texture": "#0"},
				"east": {"uv": [7, 1.5, 7.75, 1], "rotation": 90, "texture": "#missing"},
				"south": {"uv": [4, 5.75, 4.75, 7.5], "rotation": 90, "texture": "#0"},
				"west": {"uv": [7, 2.5, 7.75, 3], "rotation": 90, "texture": "#0"},
				"up": {"uv": [5.25, 6.75, 4.75, 8.5], "rotation": 90, "texture": "#0"},
				"down": {"uv": [5.25, 6.75, 4.75, 8.5], "rotation": 90, "texture": "#0"}
			}
		},
		{
			"from": [5.64906, -0.39085, 8.2],
			"to": [9.62906, 2.08915, 8.18],
			"rotation": {"angle": -45, "axis": "z", "origin": [8.48237, 0.10559, 8.28]},
			"faces": {
				"north": {"uv": [0, 0, 2, 1.25], "texture": "#0"},
				"east": {"uv": [0, 0, 0, 1.25], "texture": "#missing"},
				"south": {"uv": [2, 0, 0, 1.25], "texture": "#0"},
				"west": {"uv": [0, 0, 0, 1.25], "texture": "#missing"},
				"up": {"uv": [2, 0, 0, 0], "texture": "#missing"},
				"down": {"uv": [2, 0, 0, 0], "texture": "#missing"}
			}
		},
		{
			"from": [5.64906, 13.91085, 8.2],
			"to": [9.62906, 16.39085, 8.18],
			"rotation": {"angle": 45, "axis": "z", "origin": [8.48237, 15.89441, 8.28]},
			"faces": {
				"north": {"uv": [0, 1.25, 2, 0], "texture": "#0"},
				"east": {"uv": [0, 1.25, 0, 0], "texture": "#missing"},
				"south": {"uv": [2, 1.25, 0, 0], "texture": "#0"},
				"west": {"uv": [0, 1.25, 0, 0], "texture": "#missing"},
				"up": {"uv": [2, 0, 0, 0], "texture": "#missing"},
				"down": {"uv": [2, 0, 0, 0], "texture": "#missing"}
			}
		},
		{
			"from": [4.76978, -1.38598, 8.085],
			"to": [8.24978, 0.59402, 8.065],
			"rotation": {"angle": 0, "axis": "z", "origin": [8.48237, 0.10559, 8.28]},
			"faces": {
				"north": {"uv": [4, 4, 5, 5.75], "rotation": 270, "texture": "#0"},
				"east": {"uv": [1, 0, 0, 0], "rotation": 90, "texture": "#missing"},
				"south": {"uv": [4, 5.75, 5, 4], "rotation": 270, "texture": "#0"},
				"west": {"uv": [1, 0, 0, 0], "rotation": 90, "texture": "#missing"},
				"up": {"uv": [0, 0, 0, 1.75], "rotation": 90, "texture": "#missing"},
				"down": {"uv": [0, 0, 0, 1.75], "rotation": 90, "texture": "#missing"}
			}
		},
		{
			"from": [4.76978, 15.40598, 8.085],
			"to": [8.24978, 17.38598, 8.065],
			"rotation": {"angle": 0, "axis": "z", "origin": [8.48237, 15.89441, 8.28]},
			"faces": {
				"north": {"uv": [5, 4, 4, 5.75], "rotation": 270, "texture": "#0"},
				"east": {"uv": [0, 0, 1, 0], "rotation": 90, "texture": "#missing"},
				"south": {"uv": [5, 5.75, 4, 4], "rotation": 270, "texture": "#0"},
				"west": {"uv": [0, 0, 1, 0], "rotation": 90, "texture": "#missing"},
				"up": {"uv": [0, 0, 0, 1.75], "rotation": 90, "texture": "#missing"},
				"down": {"uv": [0, 0, 0, 1.75], "rotation": 90, "texture": "#missing"}
			}
		},
		{
			"from": [6.2634, -0.84879, 7.835],
			"to": [7.2434, 0.13121, 8.315],
			"rotation": {"angle": 0, "axis": "z", "origin": [8.48237, 0.10559, 8.28]},
			"faces": {
				"north": {"uv": [5.25, 2.5, 5.75, 3], "rotation": 270, "texture": "#0"},
				"east": {"uv": [7.75, 5.25, 7.25, 5], "rotation": 90, "texture": "#missing"},
				"south": {"uv": [5.25, 2.5, 5.75, 3], "rotation": 270, "texture": "#0"},
				"west": {"uv": [7.75, 5.25, 7.25, 5.5], "rotation": 90, "texture": "#0"},
				"up": {"uv": [7.25, 2, 7.5, 2.5], "rotation": 90, "texture": "#0"},
				"down": {"uv": [3.75, 1.25, 4, 1.75], "rotation": 90, "texture": "#0"}
			}
		},
		{
			"from": [6.2634, 15.86879, 7.835],
			"to": [7.2434, 16.84879, 8.315],
			"rotation": {"angle": 0, "axis": "z", "origin": [8.48237, 15.89441, 8.28]},
			"faces": {
				"north": {"uv": [5.75, 2.5, 5.25, 3], "rotation": 270, "texture": "#0"},
				"east": {"uv": [7.25, 5.25, 7.75, 5], "rotation": 90, "texture": "#missing"},
				"south": {"uv": [5.75, 2.5, 5.25, 3], "rotation": 270, "texture": "#0"},
				"west": {"uv": [7.25, 5.25, 7.75, 5.5], "rotation": 90, "texture": "#0"},
				"up": {"uv": [4, 1.25, 3.75, 1.75], "rotation": 90, "texture": "#0"},
				"down": {"uv": [7.5, 2, 7.25, 2.5], "rotation": 90, "texture": "#0"}
			}
		},
		{
			"from": [8.08865, -3.24745, 7.825],
			"to": [9.08865, -0.74745, 8.325],
			"rotation": {"angle": -45, "axis": "z", "origin": [8.48237, 0.10559, 8.28]},
			"faces": {
				"north": {"uv": [6.5, 0.5, 7, 1.75], "texture": "#0"},
				"east": {"uv": [7, 3, 7.25, 4.25], "texture": "#0"},
				"south": {"uv": [6.5, 0.5, 7, 1.75], "texture": "#0"},
				"west": {"uv": [7, 4.25, 7.25, 5.5], "texture": "#0"},
				"up": {"uv": [6.25, 1.75, 5.75, 1.5], "texture": "#missing"},
				"down": {"uv": [7.75, 1.75, 7.25, 2], "texture": "#0"}
			}
		},
		{
			"from": [8.08865, 16.74745, 7.825],
			"to": [9.08865, 19.24745, 8.325],
			"rotation": {"angle": 45, "axis": "z", "origin": [8.48237, 15.89441, 8.28]},
			"faces": {
				"north": {"uv": [6.5, 1.75, 7, 0.5], "texture": "#0"},
				"east": {"uv": [7, 4.25, 7.25, 3], "texture": "#0"},
				"south": {"uv": [6.5, 1.75, 7, 0.5], "texture": "#0"},
				"west": {"uv": [7, 5.5, 7.25, 4.25], "texture": "#0"},
				"up": {"uv": [7.75, 2, 7.25, 1.75], "texture": "#0"},
				"down": {"uv": [6.25, 1.5, 5.75, 1.75], "texture": "#missing"}
			}
		},
		{
			"from": [7.58865, -4.74745, 8.075],
			"to": [9.58865, -0.24745, 8.075],
			"rotation": {"angle": -45, "axis": "z", "origin": [8.48237, 0.10559, 8.28]},
			"faces": {
				"north": {"uv": [0, 3.75, 1, 6], "texture": "#0"},
				"east": {"uv": [0, 0, 0, 2.25], "texture": "#missing"},
				"south": {"uv": [1, 3.75, 0, 6], "texture": "#0"},
				"west": {"uv": [0, 0, 0, 2.25], "texture": "#missing"},
				"up": {"uv": [1, 0, 0, 0], "texture": "#missing"},
				"down": {"uv": [1, 0, 0, 0], "texture": "#missing"}
			}
		},
		{
			"from": [7.58865, 16.24745, 8.075],
			"to": [9.58865, 20.74745, 8.075],
			"rotation": {"angle": 45, "axis": "z", "origin": [8.48237, 15.89441, 8.28]},
			"faces": {
				"north": {"uv": [0, 6, 1, 3.75], "texture": "#0"},
				"east": {"uv": [0, 2.25, 0, 0], "texture": "#missing"},
				"south": {"uv": [1, 6, 0, 3.75], "texture": "#0"},
				"west": {"uv": [0, 2.25, 0, 0], "texture": "#missing"},
				"up": {"uv": [1, 0, 0, 0], "texture": "#missing"},
				"down": {"uv": [1, 0, 0, 0], "texture": "#missing"}
			}
		}
	],
	"display": {
		"thirdperson_righthand": {
			"rotation": [64, 93, 5],
			"translation": [0.5, 0.75, 1.5],
			"scale": [1.25, 1.25, 1.25]
		},
		"thirdperson_lefthand": {
			"rotation": [57, -87, -4],
			"translation": [0.5, 0, 1.5],
			"scale": [1.25, 1.25, 1.25]
		},
		"firstperson_righthand": {
			"rotation": [-14, 102, 19],
			"translation": [0.5, 4.5, -0.5]
		},
		"firstperson_lefthand": {
			"rotation": [26, -71, 19],
			"translation": [0.5, 4.5, -0.5]
		},
		"ground": {
			"translation": [0, 8.5, 0]
		},
		"gui": {
			"rotation": [0, 0, -41],
			"translation": [0, 0, -2]
		},
		"fixed": {
			"rotation": [0, 0, 37],
			"translation": [0, 0, -2]
		}
	},
	"groups": [0, 1, 2, 3, 4, 5, 6, 7, 8, 9, 10, 11, 12, 13, 14, 15, 16, 17, 18, 19, 20, 21, 22,
		{
			"name": "group",
			"origin": [8.58237, -0.79441, 8.28],
			"children": [23, 24, 25, 26, 27, 28, 29, 30, 31, 32, 33, 34]
		}
	]
}